College Name,State,District/City,Departments,Department Count
Adivasi Pragati Mandal Sanchalit Com. Godavari Shamrao Parulekar College of Arts Commerce & Science,Maharashtra,Palghar,Arts; Commerce; Science,3
"Aldel Education Trust's ST. JOHN COLLEGE OF ENGINEERING AND MANAGEMENT , Palghar",Maharashtra,Palghar,Education; Engineering; Management,3
"Arts, Commerce and Science College, Oros, Kharyewadi",Maharashtra,Sindhudurg,Arts; Commerce; Science,3
"Br.Nath Pais Arts, Commerce and Science Night College, Kudal",Maharashtra,Sindhudurg,Arts; Commerce; Science,3
Dnyan - Ganga Education Trusts College of Education (B.Ed,Maharashtra,Thane,Education,1
Durgadevi Saraf Institute of Management Studies,Maharashtra,Mumbai,Management,1
Gopaldas Jhamatmal Advani College of Law,Maharashtra,Mumbai,Law,1
Guru Nanak College of Education & Research,Maharashtra,Mumbai,Education,1
"Gurukul College of Computer Science & Information Technology, Chiplun",Maharashtra,Ratnagiri,Computer Science; Information Technology; Science,3
HAL-Pravara Aviation Institute,Maharashtra,Nashik,Aeronautics; Aircraft Maintenance Engineering,2
"IBSAR College of Commerce & Science, Dahivali, Karjat",Maharashtra,Raigad,Commerce; Science,2
"Indira Institute Of Pharmacy, Sadavali, Devrukh",Maharashtra,Ratnagiri,Pharmacy,1
"ITM Institute of Hotel Management, Kharghar",Maharashtra,Raigad,Hotel Management; Management,2
"JES College of Commerce, Science & Information Technology",Maharashtra,Mumbai,Commerce; Information Technology; Science,3
"K.G.S. B.Ed. College, Kambare",Maharashtra,Thane,Education,1
K.H.M.W Night College of Commerce,Maharashtra,Mumbai,Commerce,1
Kala Institute of Management Studies & Research,Maharashtra,Mumbai,Arts; Management,2
"Koti Vidya Charitable Trust's , Alamuri Ratnamala Institute of Engineering and Technology, Sapgaon, Shahapur",Maharashtra,Thane,Engineering,1
"Lokmanya Shikshan Prasarak Mandals Arts Commerce & Science Sr. College, Chondhi - Kihim",Maharashtra,Raigad,Arts; Commerce; Science,3
"Lokvikas Samajik Sansthas M.M. Jagtap Senior College of Arts Science & Commerce, Navenagar",Maharashtra,Raigad,Arts; Commerce; Science,3
"M.G.M. College of Commerce, Kamothe",Maharashtra,Thane,Commerce,1
M.G.M. College of Computer Science and Information Technology,Maharashtra,Raigad,Computer Science; Information Technology; Science,3
"M.S. College of Arts, Science & Commerce, Kausa, Thane",Maharashtra,Thane,Arts; Commerce; Science,3
"M.S.P. Mandals G.R. Patil College of Arts, Science, Commerce & B.M.S., Dombivli",Maharashtra,Thane,Arts; Commerce; Science,3
Mahatma Gandhi Missions College of Engineering and Technology,Maharashtra,Raigad,Engineering,1
Matushri Pushpaben Vinubhai Valia College of Commerce,Maharashtra,Mumbai,Commerce,1
"Parle Tilak Vidyalaya Association, M.L. Dahanukar College of Commerce",Maharashtra,Mumbai,Commerce,1
"Pillais HOC College of Engineering & Technology, Rasayani",Maharashtra,Raigad,Engineering,1
"Prabhakar Patil Education Society College, Alibag",Maharashtra,Raigad,Education,1
"R.K. Vidya Prasarak Mandals College of Arts, Commerce & Science",Maharashtra,Thane,Arts; Commerce; Science,3
"R.R. Education Trusts College, B.Ed. College",Maharashtra,Mumbai,Education,1
"Rahul B.Ed. College, Navghar",Maharashtra,Thane,Education,1
Rajaram Shinde College of Master of Business Adminstration,Maharashtra,Ratnagiri,MBA,1
Rajeev Gandhi College of Management Studies,Maharashtra,Thane,Management,1
Ramsheth Thakur College of Commerce & Science,Maharashtra,Mumbai,Commerce; Science,2
Sahyog College of Management Studies,Maharashtra,Thane,Management,1
Saraswati Vidya Bhavan College of Pharmacy,Maharashtra,Thane,Pharmacy,1
Shaheed D.T. Kalani College of Education,Maharashtra,Thane,Education,1
Shahu Shikshan Sansthas Adhyapak Mahavidyalay (B.Ed,Maharashtra,Thane,Education,1
Sharda Education Societys Anand Vishwa Gurukul College of Law,Maharashtra,Thane,Education; Law,2
"Shivajirao Jondhale College of Engineering, (Asangaon",Maharashtra,Thane,Engineering,1
"Shri Hari Educational Trusts, St. Rocks Degree College of Commerce & Science",Maharashtra,Mumbai,Commerce; Science,2
Shri. L.P. Raval College of Mass Media & Management Studies,Maharashtra,Thane,Management,1
"Sonopant Dandekar Shikshan Mandalis Law College, Palghar",Maharashtra,Palghar,Law,1
"Swami Vivekanand Night College Of Arts and Commerce, Dombivli",Maharashtra,Thane,Arts; Commerce,2
The Bassein Gujarati Education Society Shah Khimchandbhai Muljibhai College of Commerce,Maharashtra,Palghar,Commerce; Education,2
The Lords College of Law,Maharashtra,Mumbai,Law,1
"Tolani College of Commerce, Andheri",Maharashtra,Mumbai,Commerce,1
"Vande Mataram College of ASC, Kopar",Maharashtra,Thane,Arts; Commerce; Science,3
Versova Education Trusts Smt. Kamala Mehta V.W.A. College of Commerce,Maharashtra,Mumbai,Commerce; Education,2
Vidyalankar Institute of Technology,Maharashtra,Mumbai,Biomedical Engineering; Computer Engineering; Electronics and Computer Engineering; Electronics and Telecommunication; Engineering/BTech; Information Technology; Management Studies,7
Vidyalankar School of Information Technology,Maharashtra,Mumbai,Information Technology,1
"Vishwaniketan College of Architecture, Arts and Design (VCAAD)",Maharashtra,Raigad,Architecture; Arts,2
Vishwaniketan Institute of Management Enterpreneurship and Engineering Technology (Imeet,Maharashtra,Raigad,Engineering; Management,2
"Vivekanand Law College, Chembur",Maharashtra,Mumbai,Law,1
"A E Kalsekar Degree College of Arts, Commerce and Science, Mumbra",Maharashtra,Mumbai,Arts; Commerce; Science,3
A. D. College Of Education (B. Ed. & M. Ed. ),Maharashtra,Aurangabad,Education,1
A. D. Institute Of Science And Management,Maharashtra,Aurangabad,Management; Science,2
"A. P. Shah Institute of Technology, Thane",Maharashtra,Thane,Engineering/BTech,1
"A.G. Patil Institute of Technology & Polytechnic, Solapur",Maharashtra,Solapur,Civil Engineering; Computer Engineering; Electrical Engineering; Electronics and Telecommunication Engg; Engineering/BTech; Information Technology; Mechanical Engineering,7
A.P. Shah Institute of Technology,Maharashtra,Thane,Civil Engineering; Computer Engineering; Computer Science and Engineering (AI & ML); Computer Science and Engineering (Data Science); Information Technology; Mechanical Engineering,6
Aakash Degree College of Commerce,Maharashtra,Mumbai,Commerce,1
Aarnav Shipping Technological Research Sanstha,Maharashtra,Mumbai,Naval Architecture / Shipbuilding,1
"Abasaheb Garware Institute of Management Studies, S. T. Stand Road, Khanbag, Sangli",Maharashtra,Sangli,Management,1
"Abasaheb Marathe Arts & New Commerce, Science College, Rajapur",Maharashtra,Ratnagiri,Arts; Commerce; Science,3
Abasaheb Parvekar Mv. Yavatmal,Maharashtra,Yavatmal,Arts; Commerce; Science,3
"Abdul Razzak Quadri Institute Of Pg Studies In Education And Research, Place- Khultabad / Verul, Taluka - Khultabad",Maharashtra,Aurangabad,Education,1
Abhay Shikshan Kendras Kranti Jyoti Savitri Bai Phule College of Education B.Ed.,Maharashtra,Mumbai,Education,1
Abhay Shikshan Kendras Rajarshi Shahu College of Law,Maharashtra,Mumbai,Law,1
"Abhinav College of Education, Barshi Road",Maharashtra,Hingoli,Education,1
"Abhinav Education Society Abhinav Education Society's College Of Computer Science & Management(B.Sc.Computer Science,B.B.A.,B.C.A)",Maharashtra,Pune,BSc,1
"Abhinav Education society College of Engineering and Technology (Diploma), Wadwadi, Tal. Khandala",Maharashtra,Pune,Civil Engineering; Computer Engineering; Electrical Engineering; Electronics and Telecommunication Engg; Information Technology; Mechanical Engineering,6
Abhinav Education Society Institute of Management & Research.,Maharashtra,Pune,MCA,1
"Abhinav Education Society's College of Engineering and Technology (Degree), Wadwadi",Maharashtra,Pune,Engineering/BTech,1
"Abhinav Shetkari Shikshan Mandals Abhinav College of Arts, Commerce & Science, B.Sc. (IT), B.M.M., B.Lib., B.Com (A & F), B.Com. (FM",Maharashtra,Thane,Arts; B.Sc; Commerce; Science,4
"Achara College of Management Studies, Achara",Maharashtra,Sindhudurg,Management,1
"Acharya Jawadekar Shikshanshastra Mahavidyalaya, GARGOTI-416 209 Dist:Kolhapur",Maharashtra,Kolhapur,Education,1
"Acharya Shrimannarayan Polytechnic, Pimpri-Wardha",Maharashtra,Pune,Civil and Rural Engineering; Mechanical Engineering,2
Achievers Night College of Commerce & Management,Maharashtra,Thane,Commerce; Management,2
"Adarsh Arts, Commerce And Science College, Dhavada, Place- Valsavangi,Taluka - Bhokardan",Maharashtra,Jalna,Arts; Commerce; Science,3
"Adarsh College Of Arts, Commerce And Science,Rajur(Ganpati), Taluka - Bhokardan",Maharashtra,Jalna,Arts; Commerce; Science,3
"Adarsh College Of Computer Science And Management, Bhokardan Road, Place- Jafrabad, Taluka - Jafrabad",Maharashtra,Jalna,Computer Science; Management; Science,3
"Adarsh College Omerga Tq.Omerga, Dist. Osmanabad.",Maharashtra,Osmanabad,Arts; Commerce; Science,3
"Adarsh College,VITA – 415 311 Tal :Khanapur,Dist-Sangli",Maharashtra,Sangli,Arts; BCA; Commerce; Science,4
"Adarsh Polytechnic, Dhule",Maharashtra,Dhule,Civil Engineering; Electrical Engineering; Mechanical Engineering,3
Adarsh Shiksan Mandal Ideal College of Pharmacy & Research,Maharashtra,Thane,Pharmacy,1
"Adarsh Shikshan Prasarak Mandal's K. T. Patil College of Engineering and Technology, Dharashiv",Maharashtra,Osmanabad,Civil Engineering; Computer Science and Engineering; Electrical and Electronics Engineering; Electronics and Telecommunication Engg; Mechanical Engineering,5
"Adarsh Shikshan Prasarak Mandal's K. T. Patil College of Engineering and Technology, Osmanabad",Maharashtra,Osmanabad,Engineering/BTech,1
"Adarsh Shikshan Prasarak Mandals, K. T. Patil College Of Education, Place-Osmanabad, Taluka - Osmanabad",Maharashtra,Osmanabad,Education,1
"Adarsh Shikshan Prasarak Mandals, K. T. Patil College Of M. B. A, Place-Osmanabad, Taluka - Osmanabad",Maharashtra,Osmanabad,MBA,1
"Adarsh Shikshan Prasark Mandal Shri. Bapusaheb D.D. Vispute B.Ed. College, New Panvel",Maharashtra,Raigad,Education,1
"Adarsh Shikshan Sansthas, Women College Of Education, Place- Beed City",Maharashtra,Beed,Education,1
"Adarsh Vidya Prasarak Santhas Adarsh College of Arts & Commerce, Badlapur",Maharashtra,Thane,Arts; Commerce,2
"Adarsha Bahuuddeshiya Shikshan Prasarak Mandal, Dr. R . N. Lahoti Polytechnic, Sultanpur",Maharashtra,Buldhana,Computer Technology; Information Technology,2
"Adarsha Edu. Society's Arts Commerce & Science College, Hingoli Dist. Hingoli",Maharashtra,Hingoli,Arts; Commerce; Science,3
Adarsha Mv. Dhamangaon Rly.,Maharashtra,Amravati,Arts; BCA; Commerce; Science,4
"Adarsha Science, Jairamdas Bhagchand Arts & Birla Commerce Mv., Dhamangaon Rly.",Maharashtra,Amravati,Arts; Commerce; Science,3
"Adhyapak Mahavidyalay, Bharne",Maharashtra,Ratnagiri,Education,1
"Aditiya Coll of Computer & Information Technology, Selu Dist. Parbhani",Maharashtra,Parbhani,Information Technology,1
Aditya Architecture College,Maharashtra,Mumbai,Architecture,1
"Aditya Bahuddeshiya Sanstha, Aditya Polytechnic, Beed",Maharashtra,Beed,Computer Science and Engineering; Electrical Engineering; Electronics and Telecommunication Engg; Information Technology; Mechanical Engineering,5
Aditya College of Architecture,Maharashtra,Mumbai,Architecture,1
"Aditya College Of M. B. A. , Beed",Maharashtra,Beed,MBA,1
"Aditya Education Societys, Aditya College Of Education, Place- Beed City, Taluka - Beed",Maharashtra,Beed,Education,1
"Aditya Education Trust's Mitthulalji Sarada Polytechnic, Nalwandi Road, Beed",Maharashtra,Beed,Civil Engineering; Computer Science and Engineering; Electrical Engineering; Electronics and Telecommunication Engg; Engineering/BTech; Information Technology; Mechanical Engineering,7
Aditya Engineering College,Maharashtra,Beed,Engineering,1
"Aditya Engineering College , Beed",Maharashtra,Beed,Engineering/BTech,1
Aditya Institute of Management Studies and Research,Maharashtra,Mumbai,Management,1
"Aditya Pharmacy College, Place- Beed City, Taluka - Beed",Maharashtra,Beed,Pharmacy,1
"Adivasi Seva Samiti Nasik Arts, Comers & Science College Manur",Maharashtra,Nashik,BSc,1
"Adsul's Technical Campus, Chas Dist. Ahmednagar",Maharashtra,Ahmednagar,Engineering/BTech,1
"Adv. Datta Patil College of Law, Alibag",Maharashtra,Raigad,Law,1
"Adv. R.Rathi Law Mv., Washim",Maharashtra,Washim,Law,1
"Advanced Computer College, Osmanabad.",Maharashtra,Osmanabad,B.Sc Computer Science; BBA; BCA; Information Technology,4
"Agnel Charities' FR. C. Rodrigues Institute of Technology, Vashi, Navi Mumbai",Maharashtra,Thane,Engineering/BTech,1
"Agnel Polytechnic (Fr. Agnel Charities) , Vashi, Navi Mumbai",Maharashtra,Thane,Artificial Intelligence; Automobile Engineering; Civil Engineering; Electronics and Computer Engineering; Mechanical Engineering,5
"Agricultural Development Trust Sharadabai Pawar Mahila Arts, Commerce and Science College",Maharashtra,Pune,BSc; MCA,2
"AGS College of Education, Boisar",Maharashtra,Palghar,Education,1
"Ahilyadevi Mahavidyalaya, Jalkot Tq. Jalkot Dist. Latur",Maharashtra,Hingoli,Arts; Commerce; Science,3
"Ahinsa Institute of Technology, Post. Dondaicha, Dist.Dhule",Maharashtra,Dhule,Civil Engineering; Computer Technology; Electrical Engineering; Electronics and Telecommunication Engg; Mechanical Engineering,5
"Ahmadnagar Jilha Maratha Vidya Prasarak Samaj (AJMVPS) Institutions, Ahmednagar",Maharashtra,Ahmednagar,Arts; B.Sc. Computer Science; BCA; Civil Engineering; Commerce and Science; Computer Engineering; Engineering/BTech; MBA (IT); Mechanical Engineering,9
Ahmadnagar Jilha Maratha Vidya Prasarak Samaj Hutatma Karveer Chatrapati Chauthe Shivaji Maharaj Institute of Management Research and Rural Development,Maharashtra,Ahmednagar,MBA (IT),1
Ahmadnagar Jilha Maratha Vidya Prasarak Samaj New Arts Commerce and Science College,Maharashtra,Ahmednagar,BSc; MCA,2
Ahmadnagar Jilha Maratha Vidya Prasarak Samaj Rajarshi Shahu Mahavidyalay,Maharashtra,Ahmednagar,BSc; MCA,2
Ahmadnagar Jilha Maratha Vidya Prasarak Samaj Shri Dhokeshwar Mahavidyalaya,Maharashtra,Ahmednagar,BSc,1
"Ahmednagar Jilha Maratha Vidya Prasarak Samaj ,Ahmednagar Shri Mulikadevi Mahavidyalay Nighoj",Maharashtra,Ahmednagar,BSc,1
"Ahmednagar Jilha Maratha Vidya Prasarak Samaj New Arts, Commerce And Science College",Maharashtra,Ahmednagar,BSc; MCA,2
"Ahmednagar Jilha Maratha Vidya Prasarak Samajache, Shri. Chhatrapati Shivaji Maharaj College of Engineering, Nepti",Maharashtra,Ahmednagar,Civil Engineering; Computer Engineering; Engineering/BTech,3
"Ajara Mahavidyalaya, AJARA-416 505 Tal:Ajara, Dist: Kolhapur",Maharashtra,Kolhapur,Arts; Commerce; Computer Applications; Education; Science,5
"Ajeenkya DY Patil School of Engineering, Lohegaon, Pune",Maharashtra,Pune,Artificial Intelligence; Artificial Intelligence (AI) and Machine Learning; Automobile Engineering; Biomedical Engineering; Civil Engineering; Computer Engineering; Engineering/BTech; Mechanical Engineering,8
"Akbar College of Education, Vashi",Maharashtra,Thane,Education,1
"Akhil Bharatiya Maratha Shikshan Parishad, Pune Anantrao Pawar College of Engineering & Research",Maharashtra,Pune,MCA,1
"Akole Taluka Education Society Agasti Arts, Commerce and Dadasaheb Rupwate Science College",Maharashtra,Ahmednagar,BSc,1
"Akole Taluka Education Society Agasti Institute of Management, Compute Application and Research",Maharashtra,Ahmednagar,MCA,1
"Akole Taluka Education Society's Faculty of Polytechnic, Akole",Maharashtra,Ahmednagar,Civil Engineering; Computer Engineering; Electronics and Telecommunication Engg; Mechanical Engineering,4
"Al-Ameen Educational and Medical Foundation, College of Engineering, Koregaon, Bhima",Maharashtra,Satara,Engineering/BTech,1
Alard Charitable Trust Alard Institute of Management Sciences,Maharashtra,Pune,MCA,1
"Alard Charitable Trust's Alard College of Engineering and Management, Pune",Maharashtra,Pune,Engineering/BTech,1
"Aldel Education Trust's St. John College of Engineering & Management, Vevoor, Palghar",Maharashtra,Palghar,Civil Engineering; Computer Engineering; Engineering/BTech; Information Technology; Mechanical Engineering,5
Aldel Education Trust's St. John College of Humanities and Sciences,Maharashtra,Palghar,Education,1
Ali Yavar Jung National Institute of Speech and Hearing Disabilities,Maharashtra,Mumbai,Audiology and Speech-Language Pathology; Special Education (Hearing Impairment),2
All India Khilafat Committee College of Education,Maharashtra,Mumbai,Education,1
"All India Shri Shivaji Memorial Society (AISSMS), Pune",Maharashtra,Pune,Artificial Intelligence (AI) and Machine Learning; Automobile Engineering; Chemical Engineering; Civil Engineering; Computer Engineering; Electronics and Telecommunication Engg; Engineering/BTech; Information Technology; Mechanical Engineering; Production Engineering,10
"All India Shri Shivaji Memorial Society's College of Engineering, Pune",Maharashtra,Pune,Engineering/BTech,1
"All India Shri Shivaji Memorial Society's Institute of Information Technology,Pune",Maharashtra,Pune,Engineering/BTech,1
"All India Shri Shivaji Memorial Society's Polytechnic, Pune",Maharashtra,Pune,Artificial Intelligence; Automobile Engineering; Civil Engineering; Computer Engineering; Electronics and Telecommunication Engg; Information Technology; Mechanical Engineering,7
"Almala Prabhu College of Pharmacy, Latur , Tq.Dist. Latur",Maharashtra,Hingoli,Pharmacy,1
"Amar Seva Mandal's Shree Govindrao Vanjari College of Engineering & Technology, Nagpur",Maharashtra,Nagpur,Civil Engineering; Electrical Engineering; Engineering/BTech; Mechanical Engineering,4
Amdar Daulat Daroda College of Science,Maharashtra,Palghar,Science,1
"Amolakchand Mv., Yavatmal",Maharashtra,Yavatmal,Arts; Commerce; Law; Management; Mass Communication and Journalism; Science,6
Amolakchand Vidhi Mv. Yavatmal,Maharashtra,Yavatmal,Law,1
"Amruta Vaishnavi Education & Welfare Trust's Shatabdi Institute of Engineering & Research, Agaskhind Tal. Sinnar",Maharashtra,Nashik,Engineering/BTech,1
"Amruta Vaishnavi Education & Welfare Trust's Shatabdi Institute of Technology, Agastkhind, Tal Sinner",Maharashtra,Nashik,Civil Engineering; Computer Engineering; Electrical Engineering; Electronics and Telecommunication Engg; Mechanical Engineering,5
"Amrutvahini Sheti & Shikshan Vikas Sanstha (AVCOE & Polytechnic), Sangamner",Maharashtra,Ahmednagar,Civil Engineering; Computer Technology; Electrical Engineering; Electronics and Telecommunication Engg; Engineering/BTech; Information Technology; Mechanical Engineering; Mechatronics,8
"Amrutvahini Sheti & Shikshan Vikas Sanstha's Amrutvahini College of Engineering, Sangamner",Maharashtra,Ahmednagar,Engineering/BTech,1
"Amrutvahini Sheti & Shikshan Vikas Sanstha's Amrutvahini Polytechnic, Amrutnagar",Maharashtra,Ahmednagar,Civil Engineering; Computer Technology; Electronics and Telecommunication Engg; Information Technology; Mechanical Engineering; Mechatronics,6
"Anand Charitable Trust Ashtis Arts, Science And Commerce College, Amalner, Place- Patoda City, Taluka - Patoda",Maharashtra,Jalgaon,Arts; Commerce; Science,3
"Anand Charitable Trusts, Diploma in Engineering & Technology, Murshadapur, Ashti, Dist. Beed",Maharashtra,Beed,Civil Engineering; Computer Engineering; Mechanical Engineering,3
Anand Institute Of Management,Maharashtra,Aurangabad,Management,1
Anand Vishwa Gurukul Senior Night College,Maharashtra,Thane,BBA; Commerce; Information Technology,3
"Anandi College of Pharmacy, Kalambe Tarf Kale, Tal. Karvir, Dist. Kolhapur",Maharashtra,Kolhapur,Pharmacy,1
"Anandi Vidhi Mahavidyalay, Kalambe Tarf Kale, Tal. Karveer, Dist. Kolhapur",Maharashtra,Kolhapur,Law,1
Anandibai Damodar Kale Degree College of Arts & Commerce,Maharashtra,Mumbai,Arts; Commerce,2
"Anandrao Dhonde Alias Babaji Arts Commerce & Science College, Kada, Place- Kada, Taluka - Ashti",Maharashtra,Beed,Arts; Commerce; Science,3
"Anantrao Pawar College of Architecture, Parvati, Pune",Maharashtra,Pune,Architecture,1
"Anantrao Pawar College of Engineering & Research and Architecture, Pune",Maharashtra,Pune,Architecture; Civil Engineering; Computer Engineering; Electronics and Telecommunication Engg; Engineering/BTech; Information Technology; MCA; Mechanical Engineering,8
"Anantrao Pawar College of Engineering & Research, Pune",Maharashtra,Pune,Engineering/BTech,1
ANDARSUL SHIKSHAN PRASARAK MANDAL ANDARSUL MATOSHRI SHANTABAI GOVINDRAO SONAWANE ARTS COMMERCE AND SCIENCE SENIOR COLLEGE ANDARSUL,Maharashtra,Nashik,BSc,1
Anekant Education Society Tuljaram Chaturchand College,Maharashtra,Pune,BSc; MCA,2
Anjuman -I- Islam School of Pharmacy,Maharashtra,Raigad,Pharmacy,1
Anjuman -I- Islams School of Architecture,Maharashtra,Raigad,Architecture,1
Anjuman -I- Islams School of Engineering & Technology,Maharashtra,Raigad,Engineering,1
"Anjuman College of Engineering & Technology, Nagpur",Maharashtra,Nagpur,Engineering/BTech,1
"Anjuman Hami-E-Islam (Anjuman COE & Polytechnic), Nagpur",Maharashtra,Nagpur,Artificial Intelligence (AI) and Machine Learning; Civil Engineering; Computer Engineering; Electrical Engineering; Electronics and Telecommunication Engg; Engineering/BTech; Mechanical Engineering; Science & Humanities,8
"Anjuman Hami-E-Islam's Anjuman Polytechnic, Nagpur",Maharashtra,Nagpur,Artificial Intelligence; Civil Engineering; Computer Engineering; Electrical Engineering; Electronics and Telecommunication Engg; Mechanical Engineering,6
"ANJUMAN ISLAM JANJIRA DEGREE COLLEGE OF COMMERCE, SHRIWARDHAN",Maharashtra,Raigad,Commerce,1
"Anjuman Islam Janjira Degree College of Science, Janjira",Maharashtra,Raigad,Science,1
Anjuman Khairul Islam Poona College,Maharashtra,Pune,BSc; MCA,2
Anjuman Khairul Islam Poona Institute of Management Sciences and Entrepreneurship,Maharashtra,Pune,MBA (IT),1
Anjuman-I-Islam College of Hotel & Tourism Management Studies & Research,Maharashtra,Mumbai,Management,1
Anjuman-I-Islam Institute of Hospitality Management,Maharashtra,Mumbai,Management,1
"Anjuman-I-Islam's Abdul Razzak Kalsekar Polytechnic,Panvel, Navi Mumbai",Maharashtra,Thane,Artificial Intelligence; Automation and Robotics; Civil Engineering; Computer Engineering; Mechanical Engineering; Mechatronics,6
"Anjuman-I-Islam's Kalsekar Technical Campus, Panvel",Maharashtra,Raigad,Architecture; Engineering/BTech,2
"Anjuman-I-Islam's M.H. Saboo Siddik College of Engineering, Byculla, Mumbai",Maharashtra,Mumbai,Engineering/BTech,1
Anjuman-I-Islams Akbar Peerbhoy College of Commerce & Economics,Maharashtra,Mumbai,Commerce,1
Anjuman-I-Islams Allana Institute of Management Studies,Maharashtra,Mumbai,Management,1
"Ankush Shikshan Sanstha's G. H. Raisoni Institute of Engineering & Technology, Nagpur",Maharashtra,Nagpur,Engineering/BTech,1
"Ankush Shikshan Sanstha's G.H.Raisoni College of Engineering, Nagpur",Maharashtra,Nagpur,Engineering/BTech,1
"Ankushrao Tope College,Jalna",Maharashtra,Jalna,Arts; BCA; Commerce; Science,4
"Annasaheb Dange College of B Pharmacy, Ashta, Tal.Walwa, Dist, Sangli",Maharashtra,Sangli,Pharmacy,1
"Annasaheb Dange College of Engineering and Technology, ASHTA – 416 301 Tal: Walwa, Dist:Sangli (Autonomous from 2017-18)",Maharashtra,Sangli,Engineering,1
"Annasaheb Dange College of Engineering and Technology, Ashta, Sangli",Maharashtra,Sangli,Aeronautical Engineering; Artificial Intelligence and Data Science; Civil Engineering; Computer Science and Engineering; Electrical Engineering; Engineering/BTech; Internet of Things (IoT); Mechanical Engineering,8
Anujman-I-Islams Barrister A.R. Antulay College of Law,Maharashtra,Mumbai,Law,1
"Anuradha College of Pharmacy, Chikhli",Maharashtra,Buldhana,Pharmacy,1
Anuradha Engg. College Chikhli,Maharashtra,Buldhana,Engineering,1
"Apeejay Institute Of Hospitality, Belapur",Maharashtra,Mumbai,Hotel Management; Travel and Tourism,2
Apex Institute Of Computer & Management Studies,Maharashtra,Aurangabad,Management,1
"Appasaheb Birnale College of Architecture, South Shivajinagar, Sangli-Miraj Road, SANGLI-416 416",Maharashtra,Sangli,Architecture,1
"Appasaheb Birnale College of Education, Sangli.",Maharashtra,Sangli,Education,1
"Appasaheb Birnale College of Pharmacy, South Shivajinagar, Sangli Miraj Road, SANGLI-416 416",Maharashtra,Sangli,Pharmacy,1
"Appaswami Mv., Shendurjana Adhao",Maharashtra,Washim,Arts,1
"Aravind Gavali College of Pharmacy,Sv.No.261, At –Jaitapur Post-Chinchner Vandan-415 004.Tal-Satara,Dist. Satara",Maharashtra,Satara,Pharmacy,1
"ARCHITECTURE College of Architecture Shivaji Peth, KOLHAPUR-416 012",Maharashtra,Kolhapur,Architecture,1
ARHAM FOUNDATION Arham International Institute of Information Security,Maharashtra,Pune,BSc,1
"ARIHANT EDUCATION FOUNDATION ARIHANT COLLEGE OF ARTS, COMMERCE AND SCIENCE",Maharashtra,Pune,BSc; MCA,2
"Art, Commerce & Sci.College, Ankushnagar Tq. Ambad Dist. Jalna",Maharashtra,Jalna,Commerce,1
"Arts & Comm. College, NAGTHANE Tal: Satara, Dist: Satara",Maharashtra,Satara,Arts,1
"Arts & Commerce College, KASEGAON-415 404 Tal-Walwa , Dist-Sangli",Maharashtra,Sangli,Arts; Commerce,2
"Arts & Commerce College, Koyananagar, Tal-Patan, Dist-Satara.",Maharashtra,Satara,Arts; Commerce,2
"Arts & Commerce college, Motala",Maharashtra,Buldhana,Arts; Commerce,2
"Arts & Commerce Mv., Bori Arab",Maharashtra,Yavatmal,Arts; Commerce,2
"Arts & Science College, ATPADI - 415 301 Tal: Atpadi ,Dist:Sangli",Maharashtra,Sangli,Arts; Science,2
"Arts & Science College, Kurha",Maharashtra,Amravati,Arts; Science,2
"Arts and Commerce College, 117/A/1/2/3, Shukrawar Peth, SATARA-415 002",Maharashtra,Satara,Arts; Commerce,2
"Arts and Commerce College, ASHTA-416 301 Tal- Walwa Dist- Sangli",Maharashtra,Sangli,Arts; Commerce,2
"Arts and Commerce College, KADEPUR-415 305 Tal- Kadegaon Dist-Sangli",Maharashtra,Sangli,Arts; Commerce,2
"Arts and Commerce College, MAYANI-415 102 Tal-Khatav, Dist-Satara",Maharashtra,Satara,Arts; Commerce,2
"Arts and Commerce College, UNDALE – 415 118. Tal – Karad, Dist.-Satara",Maharashtra,Satara,Arts; Commerce,2
Arts And Science College,Maharashtra,,Arts; Science,2
"Arts And Science College, Shivajinagar, Gadhi, Beed.",Maharashtra,Beed,Arts; Science,2
"Arts And Science College,Chikalthana",Maharashtra,Aurangabad,Arts; Science,2
"Arts Commerce & Science College, Place- Valsavangi, Taluka - Bhokardan",Maharashtra,Jalna,Arts; Commerce; Science,3
"Arts Commerce & ScienceCollege, Osmanabad, Place- Osmanabad, Taluka -Osmanabad",Maharashtra,Osmanabad,Arts; Commerce,2
"Arts Commerce Science College, Gangakhed Tq. Gangakhed Dist. Parbhani",Maharashtra,Parbhani,Arts; Commerce; Science,3
"Arts Science & Commerce Rsidencial College, Place- Soygaon City, Taluka - Soygaon",Maharashtra,Aurangabad,Arts; Commerce; Science,3
"Arts, Com.& Science Mv. Bhatkuli",Maharashtra,Amravati,Arts; Science,2
"Arts, Comm. & Science College UMADI – 416 413 Tal- Jath, Dist-Sangli",Maharashtra,Sangli,Arts; Science,2
"Arts, Comm. & Science College, Kiran Nagar, Amravati.",Maharashtra,Amravati,Arts; Science,2
"Arts, Comm. & Science College, VATHAR-STATION Tal: Karegaon, Dist: Satara",Maharashtra,Satara,Arts; Science,2
"Arts, Comm. & Science Mahila Mahavidyalaya, Vishnu Galli, Vidyaniketan, premises TASGAON- 416 312 Tal: Tasgaon Dist:Sangli",Maharashtra,Sangli,Arts; Science,2
"Arts, Commerce & Science College, Chikhaldara",Maharashtra,Amravati,Arts; Commerce; Science,3
"Arts, Commerce & Science College, Palus -416 310 Tal- Palus , Dist-Sangli",Maharashtra,Sangli,Arts; Commerce; Science,3
"Arts, Commerce & Science College, PUSEGAON-415 502 Tal-Khatav, Dist-Satara",Maharashtra,Satara,Arts; Commerce; Science,3
"Arts, Commerce & Science College, Sv.No 132/12, Saraswati Nagar, GADHINGLAJ-416 502Tal-Gadhinglaj, Dist- Kolhapur",Maharashtra,Kolhapur,Arts; Commerce; Science,3
"Arts, Commerce & Science College,KOWAD-416 508 Tal-Chandgad Dist-Kolhapur",Maharashtra,Kolhapur,Arts; Commerce; Science,3
"Arts, Commerce & Science Mahavidyalaya,ASURLE-PORLE –416 230",Maharashtra,Kolhapur,Arts; Commerce; Science,3
"Arts, Commerce & Science Mahila Mahavidyala, Kasaba Beed, Tal-Karveer,Dist-Kolhapur",Maharashtra,Kolhapur,Arts; Commerce; Science,3
"Arts, Commerce & Science Mv., Chikhaldara",Maharashtra,Amravati,Arts; Commerce; Science,3
"Arts, Commerce & Science Mv., Kiran Nagar, Amravati",Maharashtra,Amravati,Arts; Commerce; Science,3
"Arts, Commerce And Science College, Pimpalner",Maharashtra,Dhule,Arts; Commerce; Science,3
"Arts, Science & Commerce College, Badnapur, Place- Badanapur, Taluka -Badnapur",Maharashtra,Jalna,Arts; Commerce; Science,3
"Arts, Science And Commerce College, Naldurg, Place- Tuljapur City, Taluka - Tuljapur",Maharashtra,Osmanabad,Arts; Commerce; Science,3
"Arts,Commerce & Science College Mahura Tal. Jafrabad Dist Jalna",Maharashtra,Jalna,Arts; Commerce; Science,3
Aruna Manharlal Shah Institute of Management and Research,Maharashtra,Mumbai,Management,1
"Asara Samajik Sanstha Kalyan Sanchalit Arts, Commerce and Science Night College, Ambadi- Tal. Bhiwandi",Maharashtra,Thane,Arts; Commerce; Science,3
"Asha College of Special Education, Kodoli – Rahimatpur Road, SATARA – 415 004",Maharashtra,Satara,Education,1
"Ashadeep AdHyapak Mahavidyalaya, Nallasopar",Maharashtra,Palghar,Education,1
Ashok Gramin Shikshan Sanstha Arts Commerce and Science,Maharashtra,Ahmednagar,BSc,1
"Ashok Institute of Engineering & Technology(Polytechnic), Shrirampur.",Maharashtra,Ahmednagar,Chemical Engineering; Civil Engineering; Computer Engineering; Electronics and Telecommunication Engg; Mechanical Engineering,5
Ashoka Education Foundation Ashoka Center for Business & Computer Studies,Maharashtra,Nashik,BSc; MCA,2
"Ashokrao Mane College of Pharmacy, Peth-Vadgaon-416112, Tal. Hatkanangale, Dist. Kolhapur",Maharashtra,Kolhapur,Pharmacy,1
"Ashti Taluka Shikshan Prasarak Mandals, Arts, Commerce And Science College, Ashti. Jamkhed Road. Ashti",Maharashtra,Beed,Arts; Commerce; Science,3
Asian Academy Of Education And Research Asian College of Science And Commerce,Maharashtra,Pune,BSc; MCA,2
Asmita College of Arts & Commerce for Women,Maharashtra,Mumbai,Arts; Commerce,2
"Asmita College of Law, Vikhroli",Maharashtra,Mumbai,Law,1
"ASPM's K. T. Patil College Of Pharmacy, Osmanabad",Maharashtra,Osmanabad,Pharmacy,1
"Astitva College Of Computer Science, Sanza Road, Osmanabad",Maharashtra,Osmanabad,Computer Science; Science,2
"Atharva College of Engineering, Malad",Maharashtra,Mumbai,Engineering,1
"Atharva College of Engineering,Malad(West),Mumbai",Maharashtra,Mumbai,Engineering/BTech,1
Atharva College of Hotel Management & Catering Technology,Maharashtra,Mumbai,Hotel Management; Management,2
Atharva Institute of Management Studies,Maharashtra,Mumbai,Management,1
Audyogik Shikshan Mandal College of Commerce Science and Information Technolgy,Maharashtra,Pune,BSc; MCA,2
Audyogik Shikshan Mandals Institute of Management & Computer Studies (IMCOST,Maharashtra,Mumbai,Management,1
Audyogik Tantra Shikshan Sanstha ATSS College of Business studies & computer application,Maharashtra,Pune,BSc; MCA,2
Audyogik Tantra Shikshan Sanstha Institute of Industrial & Computer Management & Research ( IICMR ),Maharashtra,Pune,MCA,1
"Aurangabad B. Ed. College, Place- Aurangabad City (Municipal Corp. Area) , Taluka - Aurangabad City",Maharashtra,Aurangabad,Education,1
Aurangabad College Of Engineering,Maharashtra,Aurangabad,Engineering,1
"Aurangabad College of Engineering, Naygaon Savangi, Aurangabad",Maharashtra,Aurangabad,Engineering/BTech,1
"Ayojan School of Architecture and Design, Pune",Maharashtra,Pune,Architecture; Interior Design and Decoration,2
"Azad College of Education, Camp SATARA-415 001",Maharashtra,Satara,Education,1
"Azad Mahavidyalaya, Ausa Tq. Ausa Dist. Latur-413520",Maharashtra,Hingoli,Arts; Commerce; Science,3
B College of Arts & Commerce for Women,Maharashtra,Thane,Arts; Commerce,2
"B. N. N. College Arts, Science & Commerce",Maharashtra,Thane,Arts; Commerce; Science,3
"B. Raghunath Arts, Commerce & Science College Parbhani",Maharashtra,Parbhani,Arts; Commerce; Science,3
"B. S. P. M B. Ed. College (Special Education), Place- Ambajogai City, Taluka -Ambajogai",Maharashtra,Beed,Education,1
"B.A. Alias Bhaisaheb Sawant Mahavidyalaya, Sawarde. B.A. Alias Bhaisaheb Sawant B.Ed. College, Sawarde",Maharashtra,Ratnagiri,Education,1
"B.B.Arts, N.B. Commerce & B.P,. Science Mv., Digras",Maharashtra,Yavatmal,Arts; Commerce; Science,3
B.D. Parvekar Mv. Pandarkawda,Maharashtra,Yavatmal,Arts,1
B.E. Society Daund Lt.K.G.Kataria College,Maharashtra,Pune,BSc,1
B.E.S. Sant Gadge Maharaj College of Commerce & Economics,Maharashtra,Mumbai,Commerce,1
"B.Ed. College PETH VADGAON-416112 Tal: Hatkanangale, Dist: Kolhapu",Maharashtra,Kolhapur,Education,1
"B.N. College of Engg., Pusad",Maharashtra,Yavatmal,Engineering,1
B.P. Marine Academy,Maharashtra,Raigad,Hotel Management; Marine Engineering; Nautical Science,3
B.Parvekar Mv. Pandharkawda,Maharashtra,Yavatmal,Arts,1
B.R. Harne College of Engineering & Technology,Maharashtra,Thane,Engineering,1
"B.R. Harne College of Engineering & Technology, Karav, Tal-Ambernath.",Maharashtra,Thane,Engineering/BTech,1
"B.R.A.C.T's Vishwakarma Institute of Information Technology, Kondhwa (Bk.), Pune",Maharashtra,Pune,Engineering/BTech,1
"B.R.D.I.K.& N.K.D. Mv., Badnera",Maharashtra,Amravati,Arts; Commerce; Science,3
"B.S. Bandekar College of Fine Arts, Sawantwad",Maharashtra,Sindhudurg,Arts,1
"Bab-E-Rehmat Education Trust, St. Marys B.Ed College",Maharashtra,Thane,Education,1
"Baba Naik Arts and Science College, Kokrud. Tal – Shirala, Dist-Sangli",Maharashtra,Sangli,Arts; Science,2
"Babaji Datey Kala Vanijya Mv., Yavatmal",Maharashtra,Yavatmal,Arts; Commerce,2
"Babasaheb Chitale College, BHILAWADI-416303 Tal- Palus Dist-Sangli",Maharashtra,Sangli,Arts,1
"Babasaheb Dhabekar Mv., Risod",Maharashtra,Washim,Arts; Commerce,2
Babasaheb Gawde Institute of Management Studies,Maharashtra,Mumbai,Management,1
"Babasaheb Khardekar College, Vengurla",Maharashtra,Sindhudurg,Arts; Commerce; Science,3
"Babasaheb Paranjape College Of Physical Education, Place- Ambajogai City, Taluka -Ambajogai",Maharashtra,Beed,Education; Physical Education,2
"Baburaoji Kale College Of Arts, Place- Ajintha, Taluka - Sillod",Maharashtra,Aurangabad,Arts,1
"Bahirji Smarak Mahavidyalaya, Vasmat Dist. Hingoli",Maharashtra,Hingoli,Arts; Commerce; Science,3
"Bahirji Smarak Senior College, Hatta Tq. Vasmat Dist. Hingoli",Maharashtra,Hingoli,Arts; Commerce; Science,3
"Bajaj Chandrapur Polytechnic, Chandrapur",Maharashtra,Chandrapur,Civil Engineering; Computer Engineering; Electrical Engineering; Electronics and Telecommunication Engg; Mechanical Engineering; Mining and Mine Surveying,6
"Bajaj Institute of Technology, Wardha",Maharashtra,Wardha,Engineering/BTech,1
"Balasaheb Desai College, PATAN-415 206 Tal- Patan Dist- Satara",Maharashtra,Satara,Arts; Commerce; Computer Applications; Science,4
Balasaheb Thackeray Law College,Maharashtra,Raigad,Law,1
"Balbhim Arts, Science And Commerce College, Place- Beed City, Taluka - Beed",Maharashtra,Beed,Arts; Commerce; Science,3
"Ballarpur Institute of Technology & Jainuddin Zaweri Polytechnic, Chandrapur",Maharashtra,Chandrapur,Civil Engineering; Computer Engineering; Electrical Engineering; Electronics and Telecommunication Engg; Engineering/BTech; Food Technology; Mechanical Engineering; Mining Engineering,8
"Ballarpur Seva Samiti, Jainuddin Zaweri Polytechnic, Rampur Tukum, Mul, Dist. Chandrapur",Maharashtra,Chandrapur,Civil Engineering; Electrical Engineering; Mechanical Engineering,3
"Balwant College, VITA-415 311 Tal- Khanapur Dist-Sangli",Maharashtra,Sangli,Arts; BBA; Commerce; Computer Science; Science,5
"Bansilal Ramnath Agarawal Charitable Trust's Vishwakarma Institute of Technology, Bibwewadi, Pune",Maharashtra,Pune,Engineering/BTech,1
"Bansilal Ramnath Agarwal Charitable Trust (VIT, VIIT, ACS), Pune",Maharashtra,Pune,Artificial Intelligence; B.Sc. CS; BCA; Chemical Engineering; Computer Engineering; Electronics and Telecommunication Engg; Engineering/BTech; Information Technology; Instrumentation Engineering; MCA; Mechanical Engineering,11
"Bansilal Ramnath Agarwal Charitable Trust Vishwkarma Arts, Commerce and Science College",Maharashtra,Pune,BSc; MCA,2
Bansilal Ramnath Agarwal Charitable Trust's Vishwakarma Institute of Technology,Maharashtra,Pune,MCA,1
"Bapurao Deshmukh College of Engineering, Sevagram",Maharashtra,Wardha,Engineering/BTech,1
"Bapusaheb Patil Ekambekar Mahavidyalaya, Degloor Road, Udgir Dist. Latur",Maharashtra,Hingoli,Arts,1
"Barns College of Arts, Science & Commerce",Maharashtra,Raigad,Arts; Commerce; Science,3
"Barshi Shikshan Prasarak Mandal, Shriman Bhausaheb Zadbuke Institute of Polytechnic, Puri, Tal-Barshi, Solapur",Maharashtra,Solapur,Civil Engineering; Electrical Engineering; Mechanical Engineering,3
"BCA College Shivaji Nagar, Parbhani Dist. Parbhani",Maharashtra,Parbhani,BCA,1
Belapur Education Society Arts & Commerce College Belapur,Maharashtra,Ahmednagar,BSc,1
"Beleshwar Mahavidyalaya, Beleshwar Nagar, Parbhani Dist. Parbhani",Maharashtra,Parbhani,Nursing,1
"BGPS Mumbai College of Arts, Commerce & Science",Maharashtra,Mumbai,Arts; Commerce; Science,3
BGPS Mumbai Institute of Management & Research,Maharashtra,Mumbai,Management,1
Bhagubai Changu Thakur College of Law,Maharashtra,Raigad,Law,1
"Bhagwan Shikshan Prasarak Mandal Sanchalit, Shri Bhagwan College Of Pharmacy, Place- Aurangabad City (Municipal Corp. Area) , Taluka - Aurangabad Cit",Maharashtra,Aurangabad,Pharmacy,1
"Bhagwanbaba College of Education, Karegaon, Dist. Parbhani",Maharashtra,Parbhani,Education,1
"Bhagwant Institute of Technology, Barshi",Maharashtra,Solapur,Artificial Intelligence and Machine Learning; Civil Engineering; Computer Science and Engineering; Electronics and Telecommunication Engg; Engineering/BTech; Mechanical Engineering,6
Bhagwantrao Shivaji Patil Mv. Paratwada,Maharashtra,Amravati,Arts; Commerce,2
Bhai Kishanrao Deshmukh Senior College,Maharashtra,Hingoli,Arts; Commerce; Physical Education,3
"Bhairavnath Education Society’s Shrimati Indumati Kasar Mahila Mahavidyalay, Adarki Budruk, Phaltan, Dist. Satara",Maharashtra,Satara,Education,1
"Bhanudasrao Chavan Arts, Science And Commerce College",Maharashtra,Jalna,Arts; Commerce; Science,3
"Bharat College of Engineering, Kanhor, Badlapur(W)",Maharashtra,Thane,Engineering/BTech,1
Bharat College Of Mass Communication & Journalism,Maharashtra,Jalna,Mass Communication and Journalism,1
"Bharat College Of Physical Education, Jalna",Maharashtra,Jalna,Education; Physical Education,2
"Bharat Friends Associations Bharat College of Arts & Commerce, Badlapur",Maharashtra,Thane,Arts; Commerce,2
"Bharat Shikshan Mandals Arts, Commerce and Science Senior College",Maharashtra,Ratnagiri,Arts; Commerce; Science,3
Bharat shikshan prasarak mandal Jaikranti College Of Computer Science & Managment Studies,Maharashtra,Pune,BSc; MCA,2
"Bharat Shikshan Sansthas,College Of Arts, Makni, Place- Makani, Taluka - Lohara",Maharashtra,Osmanabad,Arts,1
"Bharati Vidyapeeth College of Architecture, Belapure",Maharashtra,Thane,Architecture,1
"Bharati Vidyapeeth College of Engineering, Navi Mumbai",Maharashtra,Thane,Engineering/BTech,1
BHARATI VIDYAPEETH COLLEGE OF HOTEL AND TOURISM MANAGEMENT STUDIES,Maharashtra,Thane,Management,1
"Bharati Vidyapeeth Deemed University & Institutes, Pune / Navi Mumbai / Kolhapur",Maharashtra,Pune,Architecture; Chemical Engineering; Civil Engineering; Computer Technology; Electrical Engineering; Electronics and Telecommunication Engg; Engineering/BTech; Information Technology; MBA (IT); MCA; Mechanical Engineering,11
Bharati Vidyapeeth University's College of Architecture Pune,Maharashtra,Pune,Architecture,1
"Bharati Vidyapeeth's College of Engineering for Women, Katraj, Dhankawadi, Pune",Maharashtra,Pune,Engineering/BTech,1
"Bharati Vidyapeeth's College of Engineering, Kolhapur",Maharashtra,Kolhapur,Civil Engineering; Computer Engineering; Engineering/BTech; Mechanical Engineering,4
"Bharati Vidyapeeth's College of Engineering, Near Chitranagari, Morewadi, KOLHAPUR",Maharashtra,Kolhapur,Engineering,1
"Bharati Vidyapeeth's College of Engineering,Lavale, Pune",Maharashtra,Pune,Engineering/BTech,1
"Bharati Vidyapeeth's Institute of Technology, Navi Mumbai",Maharashtra,Thane,Civil Engineering; Computer Technology; Electrical Engineering; Electronics and Telecommunication Engg; Information Technology; Mechanical Engineering,6
"Bharati Vidyapeeth's New Law College, Rajwada Chowk, SANGLI-416 416",Maharashtra,Sangli,Law,1
"Bharati Vidyapeeth's Yashwantrao Chavan Law College, MALKAPUR KARAD, Dist: Satara",Maharashtra,Satara,Law,1
"Bharati Vidyapeeth's, New Law College, E Wing, Bharati Vidyapeeth Shaikshanik Sankul, S.V.No. 66/2, Near Chitranagari, Kolhapur-416013",Maharashtra,Kolhapur,Law,1
"Bharati Vidyapeeths College of Pharmacy, Navi Mumbai",Maharashtra,Thane,Pharmacy,1
Bharati Vidyapeeths Engineering College,Maharashtra,Thane,Engineering,1
"Bharati Vidyapeeth’s College of Pharmacy, Morewadi, Near Chitranagari, KOLHAPUR",Maharashtra,Kolhapur,Pharmacy,1
"Bharati Vidyapeeth’s Dr. Patangrao Kadam College, Sangliwadi, SANGLI-416 416",Maharashtra,Sangli,Arts; Commerce; Computer Science; Science,4
"Bharati Vidyapeeth’s Matoshri Bayabai Shripatrao Kadam Kanya Mahavidyalaya, KADEGAON-415304 Tal-Kadegaon Dist-Sangli",Maharashtra,Sangli,Arts; Commerce; Management; Science,4
"Bharatiy Jain Sanghtana Bharatiy Jain Sanghatana Arts, Science & Commerce College",Maharashtra,Pune,BSc,1
Bharatiya Vidya Bhavans Hazarimal Somani College of Arts & Science J.P. College of Commerce & Management Studies,Maharashtra,Mumbai,Arts; Commerce; Management; Science,4
"Bharatratna Dr.A P J Kalam College Of Architecture,Place- Chikalthana, Taluka - Aurangabad City",Maharashtra,Aurangabad,Architecture,1
"Bharti Vidyaapeeth's Jawaharlal Nehru Institute of Technology, Pune",Maharashtra,Pune,Chemical Engineering; Civil Engineering; Computer Technology; Electrical Engineering; Electronics and Telecommunication Engg; Mechanical Engineering,6
Bharti Vidyapeeths Institute of Management & Information Technology,Maharashtra,Thane,Information Technology; Management,2
Bharti Vidyapeeths Institute of Management & Studies & Research,Maharashtra,Mumbai,Management,1
"Bhartiya Education/Social Charitable Trust, Sheth Shri Otarmal Sheshmal Parmar College Of Diploma Engg, Velshet-Nagothane,Raigad",Maharashtra,Raigad,Artificial Intelligence; Civil Engineering; Computer Engineering; Electrical Engineering; Electronics and Telecommunication Engg; Mechanical Engineering,6
"Bhartiya Mv., Amravati",Maharashtra,Amravati,Arts; Commerce; MBA; Science,4
"Bhartiya Mv., Morshi",Maharashtra,Amravati,Arts; Commerce,2
"Bhartiya Vidya Bhavan's Sardar Patel Institute of Technology , Andheri, Mumbai",Maharashtra,Mumbai,Engineering/BTech,1
"Bhaurao Patil College of Bioinformatics & I.T., Hingoli Dist. Hingoli",Maharashtra,Hingoli,Bioinformatics; Information Technology,2
"Bhaurao Patil College of Computer Science & IT, Shivaji nagar, Hingoli Dist. Hingoli",Maharashtra,Hingoli,Computer Science; Science,2
"Bhausaheb Nene Arts, Science & Commerce College",Maharashtra,Raigad,Arts; Commerce; Science,3
Bhavans College,Maharashtra,Mumbai,Arts; Commerce; Management; Mass Communication; Science,5
Bhavans Sardar Patel College of Engineering (Aided),Maharashtra,Mumbai,Education; Engineering,2
"Bhavans Sardar Patel Institute of Technology, (Non Aided",Maharashtra,Mumbai,Education,1
Bhavna Trusts Junior & Degree College of Commerce & Science,Maharashtra,Mumbai,Commerce; Science,2
"Bhimrao Pradhan College of Arts, Science & Commerce, Shahapur",Maharashtra,Thane,Arts; Commerce; Science,3
"Bhimrao Shinde Arts, Commerce & Science Mahila Mahavidyalaya, WAI, Tal. Wai, Dist. Satara",Maharashtra,Satara,Arts; Commerce; Science,3
"Bhivrabai Sawant Polytechnic, Wagholi, Pune",Maharashtra,Pune,Civil Engineering; Computer Engineering; Electrical Engineering; Electronics and Telecommunication Engg; Information Technology; Mechanical Engineering,6
"Bhiwsan Patil Shinde Shikshan Gramin Vikas & Bahu Sanstha,Shinde Polytechnic, Anjani Bk Tal: Mehkar, Dist: Buldhana",Maharashtra,Buldhana,Civil Engineering; Computer Engineering; Electrical Engineering; Electronics and Telecommunication Engg; Mechanical Engineering,5
"Bhogawati Mahavidyalaya KURUKALI-416 001 Tal:Karveer, Dist:Kolhapur",Maharashtra,Kolhapur,Arts; Commerce; Science,3
"Bill Gates Institute Of Computer Science And Management, Place- Osmanabad, Taluka -Osmanaba",Maharashtra,Osmanabad,Computer Science; Management; Science,3
"Birla College, Kalyan",Maharashtra,Thane,Arts; Commerce; Information Technology; Management (BMS); Mass Media; Science,6
"BMSPM's Ashokrao Mane Polytechnic, Vathar Tarf Vadgaon",Maharashtra,Kolhapur,Artificial Intelligence; Automobile Engineering; Civil Engineering; Computer Engineering; Electrical Engineering; Electronics and Computer Engineering; Mechanical Engineering,7
Bombay Bunts Associations Bunts College of Higher Education (Night College),Maharashtra,Thane,Education,1
"Bombay College of Pharmacy, Kalina, Santacruz",Maharashtra,Mumbai,Pharmacy,1
Bombay Physical Culture Association College of Physical Education,Maharashtra,Mumbai,Education; Physical Education,2
Bombay Teachers Training College,Maharashtra,Mumbai,Education,1
"Br. Nath Pai Art Commerce & Science Womens College, Kuda",Maharashtra,Sindhudurg,Commerce; Science,2
"Br. R.D.I.K. Mv., Badnera",Maharashtra,Amravati,Arts; Commerce; Science,3
"Brahma Valley College of Engineering & Research, Trimbakeshwar, Nashik",Maharashtra,Nashik,Engineering/BTech,1
"Brahmanand Karanjekar Institute of Technology, Sakoli",Maharashtra,Bhandara,Civil Engineering; Computer Science and Engineering; Electrical Engineering,3
"Brahmeshwar Varistha Mahavidyalaya, Bamani ,Tq. Jintur, Dist. Parbhani",Maharashtra,Parbhani,,0
"Brajlal Biyani Science College, Amravati",Maharashtra,Amravati,Science,1
"Bramhadevdada Mane Institute of Technology & Polytechnic, Belati, Solapur",Maharashtra,Solapur,Civil Engineering; Computer Technology; Electrical Engineering; Electronics and Telecommunication Engg; Engineering/BTech; Information Technology; Mechanical Engineering,7
"Brilliant Mahavidyalaya (Evening), Latur Dist. Latur",Maharashtra,Hingoli,Arts; Commerce,2
"Brilliant Mahila Commerce Mahavidyalaya, Latur Tq.Latur Dist. Latur",Maharashtra,Hingoli,Commerce,1
"Bunts Sangha Mumbai, Anna Leela College of Commerce & Economics Shobha Jayram Shetty College for BMS",Maharashtra,Mumbai,Commerce,1
Bunts Sanghas Ramanth Payyade College of Hospitality Management Studies,Maharashtra,Mumbai,Management,1
"Burhani College of Commerce & Arts, Mazgaon",Maharashtra,Mumbai,Arts; Commerce,2
"C. P. College Of Education,Jalna",Maharashtra,Jalna,Education,1
C.H.M.E. Society Dr. Moonje Institute of Management and Computer Studies,Maharashtra,Nashik,MCA,1
"Cambridge Mahavidyalaya,Chuncha, Kalmnuri",Maharashtra,Hingoli,,0
"Camp Education Society Dr.Arvind B.Telang Sr. College of Arts, Commerce, Science",Maharashtra,Pune,BSc; MCA,2
Carmel Vidya Bhavan Trust's Christ College,Maharashtra,Pune,BSc; MCA,2
CCYMs Hashu Advani College of Special Education,Maharashtra,Mumbai,Education,1
Central Hindu Military Education Society's Dr. Moonje Institute of Management & Information Technology,Maharashtra,Nashik,MCA,1
"CES. Chembur Sarvankash Shikshan Sanstha, Mahavidyalaya",Maharashtra,Mumbai,Education,1
Chanakya Education Society Indira College of Engineering And Management,Maharashtra,Pune,MCA,1
"Chandibai Himathmal Mansukhani College, Ulhasnagar",Maharashtra,Thane,Arts; Biotechnology; Commerce; Management; Mass Media; Science,6
"Chandrabai-Shantappa Shendure College, HUPARI-416 203 Tal- Hatkanangale, Dist- Kolhapur",Maharashtra,Kolhapur,Arts; Commerce,2
"Chandrabhan Sharma College of Arts, Science & Commerce, Powai-Vihar",Maharashtra,Mumbai,Arts; Commerce; Science,3
"Changu Kana Thakur Arts, Commerce and Science College",Maharashtra,Raigad,Arts; Commerce; Science,3
"Channabasweshwar Pharmacy College,Kava Road, Latur Dist. Latur",Maharashtra,Hingoli,Pharmacy,1
Chate Business School,Maharashtra,Pune,Management,1
"Chatrapati Rajashri Shahu Maharaj Senior College of Arts, Degaon",Maharashtra,Ratnagiri,Arts,1
"Chatrapati Sambhaji College Of Computer Science, Place- Aurangabad City (Municipal Corp. Area) , Taluka - Aurangabad City",Maharashtra,Aurangabad,Computer Science; Science,2
"Chatrapati Shahu Maharaj Shikshan Sanstha, C.S.M.S. Sansthas College Of Polytechnic, Kanchanwadi, Aurangabad",Maharashtra,Aurangabad,Artificial Intelligence; Civil Engineering; Computer Engineering; Electrical Engineering; Electronics and Telecommunication Engg; Mechanical Engineering,6
"Chatrapati Shikshan Mandal, Arts & Commerce College",Maharashtra,Thane,Arts; Commerce,2
"Chatrapati Shivaji College, Murud Dist. Latur-413510",Maharashtra,Hingoli,Arts; Commerce; Science,3
Chatrapati Shivaji Maharaj College of Law,Maharashtra,Sindhudurg,Law,1
"Chatrapati Shri Shivaji Mahavidyalaya, Place- Bhokardan, Taluka -Bhokardan",Maharashtra,Jalna,Arts; Commerce; Science,3
Chaudhari Attarsingh Yadav Memorial Education Trust Siddhant Institute of Computer Application,Maharashtra,Pune,MCA,1
Chembur Karnataka College of Law,Maharashtra,Mumbai,Law,1
"Chembur Trombay Education Society, CTES College of Architecture",Maharashtra,Mumbai,Architecture; Education,2
"Chetanas Hazarimal Somani College of Commerce & Economics, Smt. Kusumtai Chaudhari College of Arts",Maharashtra,Mumbai,Arts; Commerce,2
Chetanas Ramprasad Khandelwal Institute of Management & Research,Maharashtra,Mumbai,Management,1
"Chetna Arts Senior College, Place- Aurangabad City (Municipal Corp. Area) , Taluka - Aurangabad City",Maharashtra,Aurangabad,Arts,1
"Chh.Shivaji Shikshan Mandal,Chh.Shivaji Polytechnic Institute,Vaduj, Tal-Khatav, Dist. Satara",Maharashtra,Satara,Civil Engineering; Electrical Engineering; Information Technology; Mechanical Engineering,4
"Chhartrapati Shivaji Maharaj Institute of Technology, Shedung, Panvel",Maharashtra,Raigad,Engineering/BTech,1
"Chhatrapati Shahu Arts,Commerce And Science College",Maharashtra,Aurangabad,Arts; Commerce; Science,3
"Chhatrapati Shahu Institute of Business Education and Research , University Road, KOLHAPUR-416 004 (Autonomous from 1995-96)",Maharashtra,Kolhapur,Education,1
"Chhatrapati Shivaji B. C. A.& B. C. S. College,Pandharpur, Place- Aurangabad (Rural Area), Taluka - Aurangabad (RuralArea)",Maharashtra,Aurangabad,BCA,1
"Chhatrapati Shivaji College of Education,RUKADI-416 118 Tal: Hatkanankale Dist: Kolhapur",Maharashtra,Kolhapur,Education,1
"Chhatrapati Shivaji College Of Library And Information Science, Place- Beed City,Taluka - Beed",Maharashtra,Beed,Science,1
Chhatrapati Shivaji Maharaj Institute of Technology,Maharashtra,Mumbai,Artificial Intelligence and Machine Learning; Civil Engineering; Computer Science Engineering; Mechanical Engineering,4
Chhatrapati Shivaji Maharaj Vastu Sangrahalaya,Maharashtra,Mumbai,"N/A - not a college (museum, appears misfiled in source data)",1
"Chhatrapati Shivaji Mahavidyalaya, Kalamb. Tq. Kalamb Dist. Osmanabad.",Maharashtra,Osmanabad,Arts; Science,2
Children Welfare Centres College of Law,Maharashtra,Mumbai,Law,1
Chinchani Tarapur Education Societys Purushottamdas Laldas Shroff College of Arts & Commerce,Maharashtra,Palghar,Arts; Commerce; Education,3
"Chintamanrao College of Commerce, SANGLI-416 415",Maharashtra,Sangli,Commerce,1
"Chintamanrao Institute of Management Development and Research, Sangli Deccan Education Society Campus, P.O.",Maharashtra,Sangli,Education; Management,2
"Chistiya College Of Arts, Place- Khultabad / Verul, Taluka - Khultabad",Maharashtra,Aurangabad,Arts,1
Claras College of Commerce,Maharashtra,Mumbai,Commerce,1
Claras College of Education,Maharashtra,Mumbai,Education,1
COEP Technological University,Maharashtra,Pune,Civil Engineering; Computer Engineering; Electrical Engineering; Electronics and Telecommunication; Engineering/BTech; Information Technology; Instrumentation and Control; Manufacturing Science and Engineering; Mechanical Engineering; Metallurgy and Materials Science; Planning,11
College Of Arts Bidkin,Maharashtra,Aurangabad,Arts,1
College of Computer Science & Information Technology,Maharashtra,Hingoli,Computer Science; Information Technology; Science,3
College Of Education A,Maharashtra,,Education,1
College Of Education Alani- Gadpati Tq. & Dist. Osmanabad,Maharashtra,Osmanabad,Education,1
"College of Education, Ahemadpur Dist. Latur",Maharashtra,Hingoli,Education,1
"College of Education, Gangakhed Dist. Parbhani",Maharashtra,Parbhani,Education,1
"College of Education, Hanumant Nagar, Sulkai Road , VITA. Tal – Khanapur, Dist. Sangli",Maharashtra,Sangli,Education,1
"College of Education, Pantacha Kot, Somwar Peth, KARAD-415 110 Tal: Karad Dist: Satara",Maharashtra,Satara,Education,1
"College of Engg. & Tech., Akola",Maharashtra,Akola,Architecture; Chemical Engineering; Civil Engineering; Computer Science Engineering; Electrical Engineering; Electronics and Communication Engineering; Information Technology; Mechanical Engineering,8
"College of Engineering and Technology ,North Maharashtra Knowledge City, Jalgaon",Maharashtra,Jalgaon,Civil Engineering; Computer Science and Engineering; Electrical Engineering; Electronics and Telecommunication Engg; Engineering/BTech; Mechanical Engineering,6
College of Home Science,Maharashtra,Mumbai,Science,1
"College Of It And Management Science,Kesapuri Camp Majalgaon",Maharashtra,Beed,Management; Science,2
"College of Library Science, Latur Dist. Latur",Maharashtra,Hingoli,Science,1
"College of Non Conventional Courses for Women C/o SIBER, University Road, KOLHAPUR-416 004",Maharashtra,Kolhapur,Design; Fine Arts; Mass Communication and Media; Science,4
College of Social Work Nirmala Niketan,Maharashtra,Mumbai,Social Work,1
"College of Social Work, Badnera",Maharashtra,Amravati,Social Work,1
"College Of Social Work,Place- Aurangabad City (Municipal Corp. Area) , Taluka - Aurangabad City",Maharashtra,Aurangabad,Social Work,1
"College Of Special Education B. Ed. (M. R. ), Place- Ambajogai City, Taluka - Ambajogai",Maharashtra,Beed,Education,1
"Creative Educational Foundation Swaraj College Of Arts, Commerce & Science",Maharashtra,Pune,BSc; MCA,2
"CSMSS Chh. Shahu College of Engineering, Aurangabad",Maharashtra,Aurangabad,Engineering/BTech,1
"CSMSS, Chhatrapati Shahu College Of Engineering, Kanchanwadi, Aurangabad, Place- Aurangabad City (Municipal Corp. Area) , Taluka - Aurangabad City",Maharashtra,Aurangabad,Engineering,1
"Cummins College of Engineering For Women, Sukhali (Gupchup), Tal. Hingna Hingna Nagpur",Maharashtra,Nagpur,Engineering/BTech,1
Cummoo Jaffer Suleman College of Arts & Commerce for Women,Maharashtra,Mumbai,Arts; Commerce,2
"Cusrow Wadia Institute of Technology( Aided ), Pune",Maharashtra,Pune,Civil Engineering; Computer Engineering; Computer Engineering and IOT; Electrical Engineering; Electronics and Telecommunication Engg; Mechanical Engineering,6
"Cusrow Wadia Institute of Technology, Pune",Maharashtra,Pune,Civil Engineering; Computer Engineering; Computer Engineering and IOT; Electrical Engineering; Electronics and Telecommunication Engg; Mechanical Engineering,6
"D. D. Shinde Sarkar College, C/oVidyapeeth Highschool, KOLHAPUR-416 012",Maharashtra,Kolhapur,Arts; Commerce,2
"D. J. Samant College of Arts, Science & Commerce, Pali",Maharashtra,Ratnagiri,Arts; Commerce; Science,3
"D. S. M.'s Arts Commerce & Science College, Jintur Road",Maharashtra,Parbhani,Arts; Commerce; Science,3
D. Y. Patil Academic Education Excellence Federation Dr. D. Y. Patil Technical Campus,Maharashtra,Pune,MCA,1
"D. Y. Patil College of Engineering & Technology, KASABA BAWADA-416 006, KOLHAPUR",Maharashtra,Kolhapur,Engineering,1
"D. Y. Patil Education Society’s D. Y. Patil Technical Campus, Faculty of Engineering, Talsande, Tal. Hatkanangle, Dist. Kolhapur. (Technical Campus)",Maharashtra,Kolhapur,Education; Engineering,2
"D.B. Institute of Management & Research, Mahalangra, Gat no. 10,11,12 ,Tq. Chakur Dist. Latur",Maharashtra,Hingoli,Management,1
"D.B.J. College, Chiplun",Maharashtra,Ratnagiri,Arts; Commerce; Science,3
D.E.S. SAS Institute of Management Studies,Maharashtra,Palghar,Management,1
"D.G. Ruparel College of Arts, Science and Commerce",Maharashtra,Mumbai,Arts; Commerce; Science,3
D.G.Tatkare Arts & Commerce College,Maharashtra,Raigad,Arts; Commerce,2
"D.P.Bhosale College, KOREGAON-415 501 Tal- Karegaon, Dist-Satara",Maharashtra,Satara,Arts; BCA; Commerce; Management; Science,5
"D.Pharmacy College, Pingli Tq.Dist. Parbhani",Maharashtra,Parbhani,Pharmacy,1
"D.R.Mane Arts and Commerce College, KAGAL-416 216 Tal- Kagal, Dist-Kolhapur",Maharashtra,Kolhapur,Arts; Commerce,2
"D.S.M.'s Arts Commerce & Science College, Jintur Tq.Jintur Dist. Parbhani",Maharashtra,Parbhani,Arts; Commerce; Science,3
"D.S.M.'s Institute of Information Technology & Management, Parbhani Dist. Parbhani",Maharashtra,Parbhani,Information Technology; Management,2
"D.V.S. College of Commerce, Koparkhairane",Maharashtra,Thane,Commerce,1
"D.Y. Patil College of Architecture, Talsande, Tal. Hatkanangale, Dist. Kolhapur",Maharashtra,Kolhapur,Architecture,1
"D.Y. Patil College of Engineering and Technology, Kasaba Bawada, Kolhapur",Maharashtra,Kolhapur,Architecture; Artificial Intelligence & Machine Learning; Chemical Engineering; Civil Engineering; Computer Science and Engineering; Data Science; Electronics and Telecommunication; Engineering/BTech; Mechanical Engineering,9
"D.Y. Patil College of Engineering and Technology, Kolhapur",Maharashtra,Kolhapur,Engineering/BTech,1
"D.Y.Patil Education Society's,D.Y.Patil Technical Campus, Faculty of Engineering & Faculty of Management,Talsande,Kolhapur.",Maharashtra,Kolhapur,Civil Engineering; Computer Engineering; Electrical Engineering; Electronics and Telecommunication Engg; Engineering/BTech; Mechanical Engineering,6
"Dadasaheb Jyotiram Godase Arts, Commerce and Science College, VADUJ-415 506 Tal- Khatav, Dist-Satara",Maharashtra,Satara,Arts; Commerce; Science,3
"Dagdojirao Deshmukh Arts, Commerce And Science College, Waluj, Place- Waluj, Taluka - Gangapur",Maharashtra,Aurangabad,Arts; Commerce; Science,3
"Dahiwadi College, DAHIWADI-415 508Tal-ManDist-Satara",Maharashtra,Satara,Arts; BCA; Commerce; Science,4
"Dalvi Education and charitable trust Maharashtra Polytechnic, Soveli, Tal. Mandangad",Maharashtra,Ratnagiri,Chemical Engineering; Civil Engineering; Computer Engineering; Electrical Engineering; Mechanical Engineering,5
"Dang Seva Mandal's Dadasaheb Bidkar Arts, Science and Commerce College",Maharashtra,Nashik,BSc,1
Data Systems Research Foundation Data Systems Research Foundation,Maharashtra,Pune,PG Diploma,1
Data Systems Research Foundation Dr. R K S Arts Commerce & Science Mahavidyalaya,Maharashtra,Pune,BSc,1
"Datta Meghe Engineering College, Airoli",Maharashtra,Thane,Engineering,1
"Dattajirao Kadam Arts, Science & Commerce College, ICHALKARANJI-416115 Tal: Hatkanangale, Dist: Kolhapur",Maharashtra,Kolhapur,Arts; Commerce; Science,3
"Dattajirao Kadam Law College, Ichalkaranji, Tal. Hatkanangle, Dist. Kolhapur",Maharashtra,Kolhapur,Law,1
"Dattajirao Kadam Technical Education Society (DKTE), Ichalkaranji",Maharashtra,Kolhapur,Artificial Intelligence and Data Science; Civil Engineering; Computer Science and Engineering; Electrical Engineering; Electronics and Telecommunication Engg; Engineering/BTech; Fashion and Clothing Technology; Mechanical Engineering; Textile Manufactures; Textile Technology,10
"Dattajirao Kadam Technical Education Society's Textile & Engineering Institute, Ichalkaranji.",Maharashtra,Kolhapur,Engineering/BTech; Fashion and Clothing Technology; Textile Manufactures; Textile Technology,4
"Dattakala Group Of Institutions (Faculty of Engineering & Polytechnic), Daund, Pune",Maharashtra,Pune,Civil Engineering; Computer Engineering; Computer Science and Engineering; Electrical Engineering; Electronics and Telecommunication Engg; Engineering/BTech; Information Technology; Mechanical Engineering,8
"Dattakala Group Of Institutions, Swami - Chincholi Tal. Daund Dist. Pune",Maharashtra,Pune,Civil Engineering; Computer Engineering; Electrical Engineering; Electronics and Telecommunication Engg; Engineering/BTech; Information Technology; Mechanical Engineering,7
Dattakala Shikshan Sanstha Dattakala Group of Institutions Faculty of Management,Maharashtra,Pune,MCA,1
"Dayanand Arts College, Barshi Road, Latur Tq. Latur Dist. Latur",Maharashtra,Hingoli,Arts,1
"Dayanand College of Architecture, Dayanand Education Society, Dayanand Campus, Shivaji Chowk, Barshi Road, Latur",Maharashtra,Hingoli,Architecture; Education,2
"Dayanand College of Law, Latur Dist. Latur-413531",Maharashtra,Hingoli,Law,1
"Dayanand College of Pharmacy, Barshi Road, Latur Dist. Latur",Maharashtra,Hingoli,Pharmacy,1
"Dayanand Commerce College, Barshi Road, Latur Tq. Latur Dist. Latur-",Maharashtra,Hingoli,Commerce,1
"Dayanand E. S.'s Sarjudevi Bhikulal Bharuka Arya Women's College, Hingoli Dist. Hingoli",Maharashtra,Hingoli,Arts; Commerce,2
"Dayanand Education Society's Dayanand Institute of Pharmacy, Barshi Road, Latur, 413531",Maharashtra,Hingoli,Education; Pharmacy,2
"DeCAD, Devrukh College of Art and Design",Maharashtra,Ratnagiri,Fine Arts,1
"Deccan College of Interior Design, Cosmos Commercial Complex, 3rd Floor, Station Road, New Shahupuri, Kolhapur-416 001",Maharashtra,Kolhapur,Interior Design,1
Deccan Education Society Fergusson College,Maharashtra,Pune,BSc; MCA,2
"Deccan Education Societys Kirti M. Dongursee College of Arts, Science & Commerce",Maharashtra,Mumbai,Arts; Commerce; Education; Science,4
"Deep Education Society, Deep MIDC College of Management",Maharashtra,Palghar,Education; Management,2
Deep Education Societys Deeps Degree College,Maharashtra,Palghar,Education,1
Deepakbhai Kesarkar Science College,Maharashtra,Sindhudurg,Science,1
Deogiri Institute Of Engineering And Management Studies,Maharashtra,Aurangabad,Engineering; Management,2
"Deogiri Institute of Engineering and Management Studies, Aurangabad",Maharashtra,Aurangabad,Engineering/BTech,1
"Deogiri Institute Of Technology & Management Studies , Aurangabad",Maharashtra,Aurangabad,Management,1
"Deogiri Pratishthans, Tulsi College Of Computer Science, Shahunagar, Place- Beed City, Taluka - Beed",Maharashtra,Beed,Computer Science; Science,2
"Department of Technology, Shivaji University, Kolhapur",Maharashtra,Kolhapur,Engineering/BTech,1
"Deshbhakta Anandrao Balwantrao Naik Arts and Science College, Yashwantnagar, CHIKHALI-415 408 Tal- Shirala Dist-Sangli",Maharashtra,Sangli,Arts; Science,2
"Deshbhakta Ratnappa Kumbhar College of Commerce, Bindu Chowk, KOLHAPUR-416 00",Maharashtra,Kolhapur,Commerce,1
"Deshmukh Arts, Commerce and Science Senior College, Kasar Sirsi, Tq. Nilanga, Dist. Latur",Maharashtra,Hingoli,Arts; Commerce; Science,3
Devala Education Society Karmveer Ramravji Aher Art's Commerce and Science College,Maharashtra,Nashik,BSc,1
"Devashish Law College, Arjun Nagar, Tal. Kagal, Dist. Kolhapur",Maharashtra,Kolhapur,Law,1
Devata College of Education & Research,Maharashtra,Thane,Education,1
"Devchand College, ARJUNNAGAR-591269 Via: Nipani , Tal: Kagal , Dist:Kolhapur",Maharashtra,Kolhapur,Arts; Commerce; Science,3
"Devi Mahalaxmi Polytechnic, Titwala, Kalyan",Maharashtra,Thane,Civil Engineering; Computer Engineering; Electrical Engineering; Electronics and Telecommunication Engg; Information Technology; Mechanical Engineering,6
Dhaneshawri Post GraduateCollege Of Education (M Ed),Maharashtra,Aurangabad,Education,1
"Dharampeth Education Soceity's Dharampeth Polytechnic, Nagpur",Maharashtra,Nagpur,Computer Technology; Construction Technology; Electrical Engineering; Mechanical Engineering,4
"Dharati Janseva Pratishthan, Diploma In Engineering & Technology Institute, Jalna",Maharashtra,Jalna,Civil Engineering; Mechanical Engineering,2
"Dharti Janseva Pratishthans, College Of Education, Revgaon Road, Rohanwadi, Place- Jalna City (Municipal Corp. Area),Taluka - Jalna City",Maharashtra,Jalna,Education,1
"Dhole Patil College of Engineering, Wagholi, Pune",Maharashtra,Pune,Artificial Intelligence and Machine Learning; Automobile Engineering; Civil Engineering; Computer Engineering; Electronics and Telecommunication; Engineering/BTech; Information Technology; MBA; Mechanical Engineering,9
"Dhole Patil Education Society, Dhole Patil College of Engineering, Wagholi, Tal. Haveli",Maharashtra,Pune,Engineering/BTech,1
"Dilip Patil Gramin Mahavidyalaya, Mahadev Mandir, Bortala Pati, Degloor Road, Udgir Tq. Udgir Dist. Latur",Maharashtra,Hingoli,,0
Dilkap Research Institute of Engineering and Management Studies,Maharashtra,Raigad,Engineering; Management,2
"Dilkap Research Institute Of Engineering and Management Studies, At.Mamdapur, Post- Neral, Tal- Karjat, Mumbai",Maharashtra,Mumbai,Artificial Intelligence; Civil Engineering; Computer Engineering; Engineering/BTech; Information Technology; Mechanical Engineering,6
"Dinkarrao K. Shinde College of Education Kadgaon Road, Maruti Mal,GADHINGLAJ-416 502 Tal: Gadhinglaj Dist:Kolhapur",Maharashtra,Kolhapur,Education,1
"Dinkarrao K. Shinde Smarak Trust, Dr. A.D. Shinde Institute Of Technology, Gadhinglaj",Maharashtra,Kolhapur,Artificial Intelligence; Civil Engineering; Computer Engineering; Electrical Engineering; Electronics and Computer Engineering; Mechanical Engineering,6
"Disha College Of Computer Science, Paithan",Maharashtra,Aurangabad,Computer Science; Science,2
Diwakar Patil College of Education,Maharashtra,Palghar,Education,1
"DKTE Society's Yashwantrao Chavan Polytechnic, Ichalkaranji",Maharashtra,Kolhapur,Civil Engineering; Computer Science and Engineering; Electrical Engineering; Electronics and Telecommunication Engg; Mechanical Engineering,5
Dnyan Bharti Societys Sau. Sitabai Ramkrushna Karandikar Senior College of Commerce & Late Mehernosh Boman Burjor Irani College of Arts & BSES Junior College of Science,Maharashtra,Palghar,Arts; Commerce; Science,3
Dnyan Ganga Education Trusts Degree College of Commerce & Science,Maharashtra,Thane,Commerce; Education; Science,3
"Dnyan Kala Krida & Krushi Pratishan,Babasaheb Phadtare Engineering & Technology, Kalamb Walchandnagar, Tal-Indapur, Dist. Pune",Maharashtra,Pune,Civil Engineering; Computer Engineering; Electrical Engineering; Electronics and Telecommunication Engg; Mechanical Engineering,5
"Dnyan Prasarak Shikshan Sanstha's, Balasaheb Mhatre Polytechnic,Ambarnath",Maharashtra,Thane,Civil Engineering; Computer Engineering; Mechanical Engineering,3
"Dnyan Prasarak Shikshan Sanstha, Balasaheb Mhatre College of Science, Badlapur",Maharashtra,Thane,Science,1
Dnyan Prasarak Shikshan Sansthas Indira Gandhi College of Arts & Commerce,Maharashtra,Mumbai,Arts; Commerce,2
"Dnyan Prasarak Shikshan Sansthas Sandesh College of Arts, Commerce & Science",Maharashtra,Mumbai,Arts; Commerce; Science,3
Dnyan Prasarak Shikshan Sansthas Sandesh College of Law,Maharashtra,Mumbai,Law,1
"Dnyandeep Mandals St. Joseph College of Arts & Commerce, Satpala B.Com. (B & I), B.M.S., M.Com. (Acc.)",Maharashtra,Palghar,Arts; Commerce,2
"Dnyandeep Shikshan Prasarak Mandal, Dnyandeep College of Science and Commerce, Bhadgaon",Maharashtra,Ratnagiri,Commerce; Science,2
"Dnyaneshwar Gramonnati Mandal Hon.Balasaheb Jadhav Arts, Commerce and Science College",Maharashtra,Pune,BSc; MCA,2
"Dnyanganga College, Ranisawargaon Tq. Gangakhed Dist. Parbhani",Maharashtra,Parbhani,Arts,1
"Dnyanganga Shikshan Prasarak Mandal, Malwadi Kotoli SHRIPATRAO CHOUGULE ARTS AND SCIENCE COLLEGE Malwadi Kotoli",Maharashtra,Kolhapur,Arts; Science,2
"Dnyani Education Societies A & G College , Mubarakpur, Tq. Nilanga , Dist. Latur",Maharashtra,Hingoli,Education,1
"Dnyanjyoti College Of Education, Place- Soygaon City, Taluka - Soygaon",Maharashtra,Aurangabad,Education,1
"Dnyansadhana Pratishthan Educational Institute (M.B.A.) , Dharmapuri, Parbhani",Maharashtra,Parbhani,MBA,1
"Dnyansadhna B.C.A. College, Adarsh Nagar, Selu Dist. Parbhani",Maharashtra,Parbhani,BCA,1
"Dnyansagar Arts,Commerce & Sci. College, Jafrabad",Maharashtra,Jalna,Arts; Commerce,2
"Dnyansagar Bahu Uddeshiya Sanstha, Konoli Tarf Asandoli Arts, commerce and Science College Konoli Tarf Asandoli, Tal. Radhanagari, Dist. Kolhapur",Maharashtra,Kolhapur,Arts; Commerce; Science,3
"Dnyanshree Institute Engineering and Technology, Satara",Maharashtra,Satara,Civil Engineering; Computer Science and Engineering; Electrical Engineering; Electronics and Telecommunication Engg; Engineering/BTech; Mechanical Engineering,6
"Dnyanvardhani Arts, Commerce & Science College, Ramkrushna Nagar, Hingoli Dist. Hingoli",Maharashtra,Hingoli,Arts; Commerce; Science,3
"Dnyanvardhini Adhyapak Mahavidyalaya, Hingoli Dist. Hingoli",Maharashtra,Hingoli,Education,1
Dnyanvardhini Charitable Trusts Arts & Commerce College,Maharashtra,Sindhudurg,Arts; Commerce,2
"Dnyanvardhini Prathishthan Dnyanvardhini Pratishthan's Dnyanvardhini College, Arts, Commerce,Science, BBA & BCA",Maharashtra,Pune,BSc; MCA,2
"Dnyanyog Shikshan SansthaJalnas, College Of Physical Education, Bhokardan,Place- Bhokardan, Taluka -Bhokardan",Maharashtra,Jalna,Education; Physical Education,2
"Dnyasadhana Mahavidyalaya,dharmapuri,Parbhani",Maharashtra,Parbhani,BCA; Pharmacy,2
"Don Bosco College [ B.Sc.(H.S),B.M.M. & B.M.S.]",Maharashtra,Mumbai,B.Sc,1
Don Bosco Institute of Technology,Maharashtra,Mumbai,Computer Engineering; Electronics and Telecommunication Engineering; Information Technology; Mechanical Engineering,4
"Don Bosco Institute of Technology, Mumbai",Maharashtra,Mumbai,Engineering/BTech,1
"Dr Babasaheb Ambedkar Technological University, Lonere, Raigad",Maharashtra,Raigad,Chemical Engineering; Computer Engineering; Electrical Engineering; Electronics and Telecommunication Engg; Information Technology; Instrumentation Engineering; Petro Chemical Engineering; Plastic and Polymer Engineering,8
"Dr. (Sow. ) Indirabai Bhaskarrao Pathak Mahila Kala Mahavidyalaya, Place- Aurangpura, Taluka - Aurangabad City",Maharashtra,Aurangabad,Arts,1
"Dr. A. D. Shinde College Of Engineering & Institute Of Technology, Gadhinglaj, Kolhapur",Maharashtra,Kolhapur,Artificial Intelligence (AI) and Machine Learning; Civil Engineering; Computer Engineering; Electrical Engineering; Electronics and Computer Engineering; Engineering/BTech; Mechanical Engineering,7
"Dr. A. D. Shinde College Of Engineering, Tal.Gadhinglaj, Kolhapur",Maharashtra,Kolhapur,Engineering/BTech,1
"Dr. A.P.J. Abdul Kalam College of Education, Yusufiya Colony, Parbhani Dist. Parbhani",Maharashtra,Parbhani,Education,1
Dr. Abdul Kalam College Of Computer Science And Information Technology,Maharashtra,Beed,Computer Science; Information Technology; Science,3
Dr. Ambedkar College of Law,Maharashtra,Mumbai,Law,1
"Dr. Ambedkar College Of Law, Place- Aurangabad City (Municipal Corp. Area) , Taluka - Aurangabad City",Maharashtra,Aurangabad,Law,1
"Dr. Ashok Gujar Technical Institute's Dr. Daulatrao Aher College of Engineering, Karad",Maharashtra,Satara,Engineering/BTech,1
"Dr. Babasaheb Ambedkar College of Art, Science and Commerce, Mahad",Maharashtra,Raigad,Commerce; Science,2
"Dr. Babasaheb Ambedkar College Of Arts And Commerce, Nagsenvana, Aurangabad",Maharashtra,Aurangabad,Arts; Commerce,2
"Dr. Babasaheb Ambedkar Mahavidyalaya PETH-VADGAON-416112 Tal- Hatkanangale,Dist- Kolhapur",Maharashtra,Kolhapur,Arts; Commerce,2
"Dr. Babasaheb Ambedkar Mahavidyalaya,Kava Road, Latur Dist. Latur",Maharashtra,Hingoli,Arts,1
"Dr. Babasaheb Ambedkar Mv., Amravati",Maharashtra,Amravati,Arts; Commerce,2
"Dr. Babasaheb Ambedkar Technological University (DBATU), Lonere",Maharashtra,Raigad,Chemical Engineering; Civil Engineering; Computer Engineering; Electrical Engineering; Electronics and Telecommunication Engg; Engineering/BTech; Information Technology; Instrumentation Engineering; Mechanical Engineering; Petro Chemical Engineering; Plastic and Polymer Engineering,11
"Dr. Babasaheb Ambedkar Technological University, Lonere",Maharashtra,Raigad,Engineering/BTech,1
Dr. Baliram Hiray College of Architecture,Maharashtra,Mumbai,Architecture,1
"Dr. Chintamanrao Deshmukh & Sau K.G.Tamhane Arts College, Roha",Maharashtra,Raigad,Arts,1
"Dr. D Y Patil Pratishthan's College of Engineering, Kolhapur",Maharashtra,Kolhapur,Engineering/BTech,1
Dr. D. Y. Patil Educational Academy D.Y. Patil Institute Of Management,Maharashtra,Pune,MCA,1
"Dr. D. Y. Patil Institute for Sugar Allied Products Technology, At. Vesraf, Post. Palsambe, Tal. Gaganbawada, Dist. Kolhapur",Maharashtra,Kolhapur,Sugar Technology,1
"Dr. D. Y. Patil Prathisthan's Dr. D.Y. Patil Polytechnic, Kolhapur",Maharashtra,Kolhapur,Civil Engineering; Computer Engineering; Computer Science and Engineering; Mechanical Engineering,4
"Dr. D. Y. Patil Pratishthan & Educational Complex (Akurdi, Pimpri, Ambi, Kolhapur)",Maharashtra,Pune,Architecture; Artificial Intelligence (AI) and Machine Learning; Automobile Engineering; Civil Engineering; Computer Engineering; Electronics and Communication Engineering; Engineering/BTech; Instrumentation; MBA (IT); MCA; Mechanical Engineering,11
"Dr. D. Y. Patil Pratishthan's D.Y.Patil College of Engineering Akurdi, Pune",Maharashtra,Pune,Engineering/BTech,1
"Dr. D. Y. Patil Pratishthan's, Yashwantrao Bhaurao Patil Polytechnic, Pune",Maharashtra,Pune,Civil Engineering; Computer Engineering; Electronics and Communication Engineering; Mechanical Engineering,4
"Dr. D. Y. Patil Unitech Society's Dr. D. Y. Patil Institute of Technology, Pimpri, Pune",Maharashtra,Pune,Engineering/BTech,1
"Dr. D.Y. Patil College of Architecture, Navi-Mumbai",Maharashtra,Mumbai,Architecture,1
Dr. D.Y. Patil College of Law,Maharashtra,Thane,Law,1
Dr. D.Y. Patil Pratishthan D.Y. Patil Institute of Master Of Computer Application And Management,Maharashtra,Pune,MCA,1
"Dr. D.Y. Patil Technical Campus, Varale, Talegaon, Pune",Maharashtra,Pune,Engineering/BTech,1
Dr. D.Y. Patil Unitech Society Pune Dr.D.Y.Patil Institute of Management and Research Pimpri Pune,Maharashtra,Pune,MCA; PG Diploma,2
"Dr. D.Y.Patil Institute of Engineering, Management & Reseach, Akurdi, Pune",Maharashtra,Pune,Engineering/BTech,1
Dr. Dadasaheb Waradkar Arts & Commerce College Katta,Maharashtra,Sindhudurg,Arts; Commerce,2
Dr. G D Pol Foundation YMT College of Management,Maharashtra,Thane,Management,1
"Dr. Gangabhau Pathrikar Institute Of Management, Beed Bypass Road, Bhalgaon, Aurangabad.",Maharashtra,Aurangabad,Management,1
"Dr. Ghali College,GADHINGLAJ-416 502 Tal- Gadhinglaj,Dist- Kolhapur",Maharashtra,Kolhapur,Arts; Commerce; Information Technology; Management; Mass Communication; Science,6
"Dr. H.N. Sinha Mv., Patur",Maharashtra,Akola,Arts; Commerce; Science,3
"Dr. J. J. Magdum Charitable Trust's Dr. J.J. Magdum College of Engineering, Jaysingpur",Maharashtra,Kolhapur,Engineering/BTech,1
"Dr. J. J. Magdum College of Architecher, Gat No. 118, Shirol-Kolhapur, By-pass roadSambhajipur, Jaysingpur, Tal. Shirol, Dist. Kolhaapur",Maharashtra,Kolhapur,Architecture,1
"Dr. J. J. Magdum Collegeof Engineering, JAYSINGPUR-416 101, Tal- Shirol, Dist: Kolhapur",Maharashtra,Kolhapur,Engineering,1
Dr. J.B. Naik Arts & Commerce College,Maharashtra,Sindhudurg,Arts; Commerce,2
"Dr. Narayanrao Chate College of Pharmacy, Chapoli",Maharashtra,Hingoli,Pharmacy,1
"Dr. Padmasingh Patil College Of Management And Computer Science, Aadarsh Nagar, Dp Road",Maharashtra,,Computer Science; Management; Science,3
"Dr. Panjabarao Deshmukh Law College, Amravati",Maharashtra,Amravati,Law,1
Dr. Patangrao Kadam Arts and Commerce College,Maharashtra,Raigad,Arts; Commerce,2
"Dr. Patangrao Kadam Mahavidyalay Ramanand Nagar, Burli -416308 Post-Kirloskarwadi Tal- Palus, Dist-Sangli.",Maharashtra,Sangli,Arts; Commerce; Science,3
Dr. Rafiq Zakaria Centre For Higher Learning And Advanced Research,Maharashtra,Aurangabad,Commerce; Education; Humanities; Science,4
Dr. Rafiq Zakaria College For Women,Maharashtra,Aurangabad,Arts; Commerce; Science,3
"Dr. Rajendra Gode Institute of Tech., Amravati",Maharashtra,Amravati,Civil Engineering; Computer Science Engineering; Electronics and Telecommunication Engineering; Mechanical Engineering,4
"Dr. Ram Manohar Lohiya Institution Of Bio-Science And Technology And Management, Place- Aurangabad City (Municipal Corp. Area) , Taluka - Aurangabad",Maharashtra,Aurangabad,Management; Science,2
"Dr. Ram Rodge Adhyapak Mahavidyalaya, Selu Dist. Parbhani",Maharashtra,Parbhani,Education,1
"Dr. Shyamprasad Mukhrji Mv.,Shendurjana Ghat",Maharashtra,Amravati,Arts,1
"Dr. T.K. Tope Arts & Commerce Night (Senior) College, Parel",Maharashtra,Mumbai,Arts; Commerce,2
Dr. Tanajirao Chorage adhyapak Mahavidylay (B.Ed),Maharashtra,Ratnagiri,Education,1
Dr. Tanajirao Chorage M.Ed. College,Maharashtra,Ratnagiri,Education,1
Dr. Tanajirao Chorge Senior Arts & Commerce College,Maharashtra,Ratnagiri,Arts; Commerce,2
Dr. Tatyasaheb Natu College,Maharashtra,Ratnagiri,Arts; Commerce,2
Dr. V.K. Patil College of Engineering & Technology,Maharashtra,Osmanabad,Engineering/BTech,1
Dr. V.N.Bedekar Institute of Management Studies,Maharashtra,Thane,Management,1
Dr. Vedprakash Patil Pharmacy College,Maharashtra,Aurangabad,Pharmacy,1
"Dr. Vishwanathrao Karad, College Of Education, PlaceKej City, Taluka - Kej",Maharashtra,Beed,Education,1
"Dr. Vithalrao Vikhe Patil College of Engineering, Ahmednagar",Maharashtra,Ahmednagar,Engineering/BTech,1
Dr. Vithalrao Vikhe Patil Foundation I.B.M.R.D.,Maharashtra,Ahmednagar,MCA,1
"Dr. Zakir Hussain College Of Education, Place- Khultabad / Verul, Taluka - Khultabad",Maharashtra,Aurangabad,Education,1
"Dr. Zakir Hussain Women's Degree College of Science and Commerce, parbhani Dist. Parbhani",Maharashtra,Parbhani,Commerce; Science,2
"Dr.A.D.Shinde College of Engineering,Guddai, At Post – Bhadgaon,Tal – Gadhinglaj, Dist. Kolhapur",Maharashtra,Kolhapur,Engineering,1
"Dr.Ashok Gujar Technical Institute’s Dr.Daultarao Aher College of Engineering, Banavadi, KARAD, Tal. Karad, Dist. Satara",Maharashtra,Satara,Engineering,1
"Dr.Bhaskar Pandurang Hivalee Education Society, Ahmednagar College",Maharashtra,Ahmednagar,BSc; MCA,2
"Dr.D.Y.Patil College Of Engineering & Innovation,Talegaon",Maharashtra,Pune,Engineering/BTech,1
"Dr.D.Y.Patil Educational Academy's D. Y. Patil Polytechnic, Ambi., Talegaon",Maharashtra,Pune,Artificial Intelligence; Automobile Engineering; Civil Engineering; Computer Engineering; Electronics and Telecommunication Engg; Mechanical Engineering,6
Dr.D.Y.Patil Educational Federation Dr. D.Y. PATIL INSTITUTE OF MANAGEMENT & ENTREPRENEUR DEVELOPMENT,Maharashtra,Pune,MCA,1
"Dr.D.Y.Patil Pratishthan’s College of Engineering, Salokhe Nagar, Kolhapur",Maharashtra,Kolhapur,Engineering,1
"Dr.D.Y.Patil Unitech Society Pune DR D. Y. Patil Art's ,Commerce and Science College",Maharashtra,Pune,BSc; MCA,2
"Dr.D.Y.Patil Unitech Society Pune Dr.D.Y.Patil Arts, Commerce & Science Womens College",Maharashtra,Pune,BSc,1
Dr.D.Y.Patil Unitech Society Pune Dr.D.Y.Patil Science and Computer Science College,Maharashtra,Pune,BSc; MCA,2
"Dr.Gode College of Pharmacy, Malkapur",Maharashtra,Buldhana,Pharmacy,1
"Dr.J.P.Naik Mahavidyalaya,Uttur – 416 220.Tal. Ajara, Dist. Kolhapur .",Maharashtra,Kolhapur,Arts; Commerce,2
"Dr.R.G. Rathod Arts & Science Mv., Murtizapur",Maharashtra,Akola,Arts; Science,2
"Dr.Rajendra Gode Institute of Technology & Research, Amravati",Maharashtra,Amravati,Civil Engineering; Computer Science and Engineering; Electronics and Telecommunication Engg; Engineering/BTech; Mechanical Engineering,5
"Dr.Shivajirao Kadam College of Pharmacy,Kasabe Digraj, Tal.Miraj, Dist. Sangli",Maharashtra,Sangli,Pharmacy,1
DSR College Of Education,Maharashtra,Aurangabad,Education,1
"Durgamata institute of Pharmacy, Dharmapuri Tq. Dist. Parbhani",Maharashtra,Parbhani,Pharmacy,1
"Dwarka Bahu Uddeshiya Gramin Vikas Foundation, Rajarshi Shahu College of Engineering, Buldhana",Maharashtra,Buldhana,Civil Engineering; Computer Science and Engineering; Electrical Engineering; Engineering/BTech,4
Dwarkadas J. Sanghvi College of Engineering,Maharashtra,Mumbai,Engineering,1
"Dyanvardhani B. C. A. College, Place- Parali Vaijnath City, Taluka - Parli",Maharashtra,Beed,BCA,1
"DYETs, Royal College of Science & Commerce, Dombivli",Maharashtra,Thane,Commerce; Science,2
"Eaglewood Polytechnic Institute, A.P Phulepimpalgaon",Maharashtra,Beed,Artificial Intelligence; Civil Engineering; Computer Engineering; Electrical Engineering,4
"Education Society, Kalawatibai College Of Engineering & Technology (Polytechnic), Naigaon, Nanded",Maharashtra,Nanded,Computer Engineering; Electrical Engineering; Electronics and Telecommunication Engg; Mechanical Engineering,4
"Eknath B. Madhavi College, Dombivli",Maharashtra,Thane,Arts; Commerce; MBA; Science,4
"ENGINEERING Walchand College of Engineering , Vishrambag, SANGLI-416 415 (Autonomous from 2007-08",Maharashtra,Sangli,Engineering,1
ESN27569] - YASHWANTRAO BHONSALE COLLEGE OF PHARMACY,Maharashtra,Sindhudurg,Pharmacy,1
ESN84269] - Kharepatan Panchroshi Shikshan Prasarak Mandals Arts & Commerce College,Maharashtra,Sindhudurg,Arts; Commerce,2
"Everest College Of Engineering & Technology, Aurangabad",Maharashtra,Aurangabad,Engineering,1
"Everest Education Society, Group of Institutions (Integrated Campus), Ohar",Maharashtra,Aurangabad,Engineering/BTech,1
"Excelsior Education Society's K.C. College of Engineering and Management Studies and Research, Kopri, Thane (E)",Maharashtra,Thane,Engineering/BTech,1
"Fabtech Technical Campus College of Engineering and Research, Sangola",Maharashtra,Solapur,Artificial Intelligence and Machine Learning; Civil Engineering; Computer Science and Engineering; Electrical Engineering; Electronics and Telecommunication Engg; Engineering/BTech; Mechanical Engineering,7
"Father Agnel Technical College (Polytechnic), Bandra(W), Mumbai",Maharashtra,Mumbai,Production Engineering,1
FINOLEX ACADEMY OF MANAGEMENT & TECHNOLOGY,Maharashtra,Ratnagiri,Management,1
"Finolex Academy of Management and Technology (FAMT), Ratnagiri",Maharashtra,Ratnagiri,Artificial Intelligence and Machine Learning; Chemical Engineering; Computer Science and Engineering; Electrical Engineering; Electronics and Telecommunication; Engineering/BTech; Information Technology; MCA; Mechanical Engineering,9
Foster Development School Of Management.,Maharashtra,Aurangabad,Management,1
"Foster Developments College Of Education, Place- Garkheda Parisar, Taluka - Aurangabad City",Maharashtra,Aurangabad,Education,1
"Fr. Conceicao Rodrigues College of Engineering, Bandra,Mumbai",Maharashtra,Mumbai,Engineering/BTech,1
Fr. Conceicao Rodrigues Engineering College,Maharashtra,Mumbai,Engineering,1
Fr.C. Rodrigues Institute of Management Studies,Maharashtra,Thane,Management,1
"Fr.C. Rodrigues Institute of Technology, Vashi",Maharashtra,Thane,Computer Engineering; Electrical Engineering; Electronics and Telecommunication Engineering; Information Technology; Mechanical Engineering,5
"G H Raisoni Institute of Engineering and Business Management, Jalgaon",Maharashtra,Jalgaon,Engineering/BTech,1
G M Vedak College of Science,Maharashtra,Raigad,Science,1
"G. H. Raisoni College of Engineering & Management, Nagpur",Maharashtra,Nagpur,Civil Engineering; Computer Engineering; Electrical Engineering; Electronics and Telecommunication Engg; Mechanical Engineering,5
"G. S. Mandal's Maharashtra Institute of Technology, Aurangabad",Maharashtra,Aurangabad,Engineering/BTech,1
"G.B. & Tatyasaheb Khare Commerce, Parvatibai Gurupad Dhere Arts College and Shri. Mahesh Janardhan Bhosle Science College, Guhagar",Maharashtra,Ratnagiri,Arts; Commerce; Science,3
"G.B. Murarka Mv., Shegaon",Maharashtra,Buldhana,Arts; Commerce,2
G.D. Ambekar Pratishthan College of Management & Technology,Maharashtra,Mumbai,Management,1
"G.Gawande Mv., Umarkhed",Maharashtra,Yavatmal,Arts; BBA; BCA; Commerce; Science,5
G.H. Raisoni Education And Medical Foundation G.H. Raisoni College of Arts Commerce and Science,Maharashtra,Pune,BSc; MCA,2
G.H. Raisoni Educational and Medical Foundation G.H. Raisoni College of Engineering and Management,Maharashtra,Pune,MCA,1
G.H. Raisoni Educational And Medical Foundation G.H. Raisoni Institute of Management and Research,Maharashtra,Pune,MCA,1
"G.H. Raisoni Group of Institutions (GHRCE, GHRIET, GHRCCST), Nagpur / Pune",Maharashtra,Nagpur,Artificial Intelligence & Data Science; Civil Engineering; Computer Engineering; Computer Science and Engineering; Electrical Engineering; Electronics and Telecommunication Engg; Engineering/BTech; MBA (IT); MCA; Mechanical Engineering,10
"G.H.Raisoni College of Engineering & Management, Wagholi, Pune",Maharashtra,Pune,Engineering/BTech,1
"G.K.S College of Arts, Commerce & Science",Maharashtra,Thane,Arts; Commerce; Science,3
G.M. Momin Womans College,Maharashtra,Thane,Arts; Commerce; Information Technology; Management; Science,5
"G.M. Vedak Institute of Technology,Tala",Maharashtra,Raigad,Civil Engineering; Computer Engineering; Electronics and Telecommunication Engineering; Information Technology; Mechanical Engineering,5
"G.M.Vedak Institute of Technology, Tala, Raigad.",Maharashtra,Raigad,Engineering/BTech,1
"G.R. Patil College of Arts, Science and Commerce & B.M.S., Mumbra",Maharashtra,Thane,Arts; Commerce; Science,3
"G.R. Patil College of Science & Commerce, Ambernath",Maharashtra,Thane,Commerce; Science,2
"G.S. Gawande Mv., Umarkhed",Maharashtra,Yavatmal,Arts; BBA; BCA; Commerce; Science,5
"G.S. Tompe Arts, Commerce & Science MV., Chandur Bz.",Maharashtra,Amravati,Arts; Commerce; Science,3
"G.S. Tompe Mv., Chandur Bz",Maharashtra,Amravati,Arts; Commerce; Education; Pharmacy; Science,5
"G.S.Science , Arts & Commerce Mv., Khamgaon",Maharashtra,Buldhana,Arts; Commerce; Science,3
"G.S.Science, Arts & Comm College, Khamgaon",Maharashtra,Buldhana,Arts; Science,2
"G.V. Acharya Institute of Engineering & Technology , Karjat",Maharashtra,Raigad,Engineering,1
Gahlot Institute of Management Studies & Research,Maharashtra,Thane,Management,1
"Gahlot Institute of Pharmacy, Navi Mumbai",Maharashtra,Thane,Pharmacy,1
"Gajanan Arts And Science College, Place- Sillod City, Taluka - Sillod",Maharashtra,Aurangabad,Arts; Science,2
Gajananrao Pandurang Patil College of Arts & Science (IT),Maharashtra,Thane,Arts; Science,2
"Gandhi Shikshan Bhavans, Smt. Surajba College of Education",Maharashtra,Mumbai,Education,1
"Ganpatrao Arwade College of Commerce,SANGLI-416 416",Maharashtra,Sangli,Commerce,1
Gargi Education Institute GARGI AGRICULTURE RESEARCH AND TRAINING INSTITUTE,Maharashtra,Nashik,BSc; MCA,2
"Gauri Shankar Education & Charitable Trust’s Gauri Shankar Institute of Management Sciences, Limb, Satara.",Maharashtra,Satara,Education; Management,2
"Genba Sopanrao Moze College of Engineering & Parvatibai Moze COE, Pune",Maharashtra,Pune,Artificial Intelligence and Data Science; Civil Engineering; Computer Engineering; Electronics and Telecommunication Engg; Engineering/BTech; Information Technology; MCA; Mechanical Engineering,8
"Genba Sopanrao Moze College of Engineering, Baner-Balewadi, Pune",Maharashtra,Pune,Engineering/BTech,1
Genba Sopanrao Moze Trust Genba Sopanrao Moze Art's Commerce and Science (B.C.S.) College,Maharashtra,Pune,BSc,1
Genba Sopanrao Moze Trust Paravatibai Genba Moze College Engineering,Maharashtra,Pune,BSc; MCA,2
"Genba Sopanrao Moze Trust Parvatibai Genba Moze College of Engineering,Wagholi, Pune",Maharashtra,Pune,Engineering/BTech,1
"Genba Sopanrao Moze Trust's, Genba Sopanrao Moze College of Engineering Genba Sopanrao Moze College Of Engineering",Maharashtra,Pune,BSc; MCA,2
Ghanshyamdas Jalan Women Degree College,Maharashtra,Mumbai,Arts; Commerce; Science,3
Ghanshyamdas Saraf College of Arts & Commerce,Maharashtra,Mumbai,Arts; Commerce,2
"Gharda Foundation's Gharda Institute of Technology,Khed, Ratnagiri",Maharashtra,Ratnagiri,Artificial Intelligence and Data Science; Chemical Engineering; Civil Engineering; Computer Engineering; Engineering/BTech; Mechanical Engineering,6
"Gharda Institute Of Technology Lavel, Khed",Maharashtra,Pune,Artificial Intelligence and Machine Learning; Chemical Engineering; Civil Engineering; Computer Engineering; Electronics and Telecommunication Engineering; MCA; Mechanical Engineering,7
Ghulab Nabi Azad Social Work Mv. Pusad,Maharashtra,Yavatmal,Social Work,1
"Ghulam Nabi Azad arts, Commerce & Science Mv. Barshitakl",Maharashtra,Solapur,Arts; Commerce; Science,3
"Giristhan Arts and Commerce College, MAHABALESHWAR -412 806 Tal-Mahabaleshwar, Dist-Satara",Maharashtra,Satara,Arts; Commerce,2
"Girivasi Seva Mandals Murlidhar Nanaji Mohite Guruji Arts, Commerce & BMS College",Maharashtra,Palghar,Arts; Commerce,2
"Gitai Institute Of Management, Bidkin, Place- Bidkin, Taluka - Paithan",Maharashtra,Aurangabad,Management,1
"Globle B.C.A. College, Kingaon Tq.Ahemadpur Dist. Latur",Maharashtra,Hingoli,BCA,1
GNVS Institute of Management,Maharashtra,Mumbai,Management,1
"Godavari Foundation's Godavari College Of Engineering, Jalgaon",Maharashtra,Jalgaon,Artificial Intelligence; Computer Engineering; Computer Science and Engineering; Electrical Engineering; Electronics and Computer Engineering; Engineering/BTech; Mechanical Engineering,7
"Godavari Shikshan Mandal G.D. Sawant Arts, Science & Commerece College",Maharashtra,Nashik,BSc; MCA,2
Godawari Arts Senior College Ambad Dist. Jalna,Maharashtra,Jalna,Arts,1
"Gokhale Education Society Arts, Science and Commerce College, Shriwardhan",Maharashtra,Raigad,Arts; Commerce; Education; Science,4
"Gokhale Education Society Gokhale Education Society's R. H. Sapat College of Engineering, Management Studies & Research",Maharashtra,Nashik,MCA,1
Gokhale Education Society H.A.L. College of Science & Commerce,Maharashtra,Nashik,BSc; MCA,2
Gokhale Education Society H.P.T. Arts and R.Y.K. Science College,Maharashtra,Nashik,BSc; MCA,2
Gokhale Education Society J.D.C. Bytco Institute Of Management Studies and Research,Maharashtra,Nashik,PG Diploma,1
"Gokhale Education Society RNC, JDB Commerce College and NSC Science",Maharashtra,Nashik,BSc; MCA,2
"Gokhale Education Society's Sir Dr.M.S.Gosavi Polytechnic Institute, Nashik Road",Maharashtra,Nashik,Civil Engineering; Computer Engineering; Electrical Engineering; Mechanical Engineering,4
"Gokhale Education Society's, R.H. Sapat College of Engineering, Management Studies and Research, Nashik",Maharashtra,Nashik,Engineering/BTech,1
"Gokhale Education Society, College of Education And Research",Maharashtra,Mumbai,Education,1
"Gokhale Education Society, Katgara Polytechnic Institute, Bordi.",Maharashtra,Palghar,Civil Engineering; Computer Engineering; Electrical Engineering; Mechanical Engineering,4
"Gokhale Education Societys Arts, Commerce and Science College, Jawhar",Maharashtra,Palghar,Arts; Commerce; Education; Science,4
"Gokhale Education Societys Shri Bhausaheb Vartak Arts, Commerce & Science College & Sheth Kanji V. Parekh Arts & Commerce Junior College",Maharashtra,Mumbai,Arts; Commerce; Education; Science,4
"Gokulnath Arts, Commerce and Science Senior College, Pingli,Tq. Parbhani, Dist. Parbhani",Maharashtra,Parbhani,Arts; Commerce; Science,3
"Gondia Education Society's Manoharbhai Patel Institute Of Engineering & Technology, Shahapur, Bhandara",Maharashtra,Bhandara,Engineering/BTech,1
"Goodwill International Foundations, Shree Jaya Anand Commerce & Science Senior College (night)",Maharashtra,Thane,Commerce; Science,2
"Gopal Education Soceity's Shri Mukundrao Pannase Polytechnic, Mauza Mondha",Maharashtra,Nagpur,Computer Technology; Electronics Engineering; Mechanical Engineering,3
"Gopal Krishna Gokhale College, Subhash Road, KOLHAPUR-416 012",Maharashtra,Kolhapur,Arts; BBA; BCA; Science,4
Government College Of ArtsAnd Design,Maharashtra,Aurangabad,Fine Arts,1
"Government College of Education, Panvel",Maharashtra,Raigad,Education,1
"Government College of Education, Parbhani Dist. Parbhani",Maharashtra,Parbhani,Education,1
"Government College Of Education, Place- Ambajogai City, Taluka -Ambajogai",Maharashtra,Beed,Education,1
"Government College of Education, Ratnagiri",Maharashtra,Ratnagiri,Education,1
"Government College of Engineering & Research, Avasari Khurd",Maharashtra,Pune,Engineering/BTech,1
"Government College of Engineering, Amravati",Maharashtra,Amravati,Civil Engineering; Computer Science and Engineering; Electrical Engineering; Electronics and Telecommunication; Engineering/BTech; Information Technology; Instrumentation Engineering; Mechanical Engineering,8
"Government College of Engineering, Aurangabad",Maharashtra,Aurangabad,Civil Engineering; Computer Science and Engineering; Electrical Engineering; Electronics and Telecommunication; Engineering/BTech; Information Technology; MCA; Mechanical Engineering,8
"Government College of Engineering, Chandrapur",Maharashtra,Chandrapur,Civil Engineering; Computer Science and Engineering; Electrical Engineering; Engineering/BTech; Instrumentation Engineering; Mechanical Engineering; Mining Engineering,7
"Government College of Engineering, Jalgaon",Maharashtra,Jalgaon,Civil Engineering; Computer Engineering; Electrical Engineering; Electronics and Telecommunication; Engineering/BTech; Instrumentation Engineering; Mechanical Engineering,7
"Government College of Engineering, Karad",Maharashtra,Satara,Civil Engineering; Electrical Engineering; Electronics and Telecommunication Engg; Engineering/BTech; Information Technology; MCA; Mechanical Engineering,7
"Government College of Engineering, Kolhapur",Maharashtra,Kolhapur,Engineering/BTech,1
"Government College of Engineering, Nagpur",Maharashtra,Nagpur,Civil Engineering; Computer Science and Engineering; Electrical Engineering; Electronics and Telecommunication; Engineering/BTech; Mechanical Engineering,6
"Government College of Engineering, Ratnagiri",Maharashtra,Ratnagiri,Engineering/BTech,1
"Government College of Engineering,KARAD-415 110 Tal:Karad Dist:Satara(Autonomous from 2015-16)",Maharashtra,Satara,Engineering,1
"Government College of Engineering,Yavatmal",Maharashtra,Yavatmal,Civil Engineering; Computer Engineering; Electrical Engineering; Electronics and Telecommunication; Engineering/BTech; Mechanical Engineering,6
"Government College Of Pharmacy, Aurangabad.",Maharashtra,Aurangabad,Pharmacy,1
"Government Institute of Printing Technology, Mumbai",Maharashtra,Mumbai,Printing Technology,1
"Government Law College, Churchgate",Maharashtra,Mumbai,Law,1
"Government Nyay Sahayaka Vidnyaan Sanstha, Place- Aurangabad City (Municipal Corp. Area) , Taluka - Aurangabad City",Maharashtra,Aurangabad,Forensic Science,1
"Government Polytechnic , Achalpur",Maharashtra,Amravati,Civil Engineering; Computer Engineering; Electronics and Telecommunication Engg; Mechanical Engineering,4
Government Polytechnic Gondia,Maharashtra,Gondia,Civil Engineering; Computer Engineering; Electrical Engineering; Electronics and Telecommunication Engg; Information Technology; Mechanical Engineering,6
"Government Polytechnic, Ahmednagar",Maharashtra,Ahmednagar,Civil Engineering; Computer Engineering; Computer Technology; Electrical Engineering; Electronics and Telecommunication Engg; Instrumentation Engineering; Mechanical Engineering; Production Engineering,8
"Government Polytechnic, Ambad",Maharashtra,Jalna,Artificial Intelligence; Civil Engineering; Computer Engineering; Electrical Engineering; Electronics Engineering; Information Technology; Mechanical Engineering,7
"Government Polytechnic, Amravati",Maharashtra,Amravati,Chemical Engineering; Civil Engineering; Computer Engineering; Electrical Engineering; Electronics and Telecommunication Engg; Information Technology; Mechanical Engineering; Plastic and Polymer Engineering,8
"Government Polytechnic, Arvi",Maharashtra,Wardha,Chemical Engineering; Civil Engineering; Computer Engineering; Electrical Engineering; Electronics and Communication Engineering; Mechanical Engineering,6
"Government Polytechnic, Aurangabad",Maharashtra,Aurangabad,Artificial Intelligence; Artificial Intelligence (AI) and Machine Learning; Automobile Engineering; Civil Engineering; Computer Engineering; Dress Designing and Garment Manufacturing; Electrical Engineering; Electronics and Telecommunication Engg; Information Technology; Mechanical Engineering,10
"Government Polytechnic, Awasari (khurd)",Maharashtra,Pune,Automobile Engineering; Civil Engineering; Computer Engineering; Electrical Engineering; Electronics and Telecommunication Engg; Information Technology; Mechanical Engineering,7
"Government Polytechnic, Beed",Maharashtra,Beed,Civil Engineering; Computer Technology; Electrical Engineering; Electronics and Communication Engineering; Mechanical Engineering; Printing Technology,6
"Government Polytechnic, Bramhapuri",Maharashtra,Chandrapur,Civil Engineering; Computer Technology; Electrical Engineering; Mechanical Engineering; Mechatronics; Mining Engineering,6
"Government Polytechnic, Gadchiroli",Maharashtra,Gadchiroli,Civil Engineering; Computer Engineering; Electrical Engineering; Mechanical Engineering,4
"Government Polytechnic, Hingoli",Maharashtra,Hingoli,Computer Engineering; Electronics and Telecommunication Engg; Mechanical Engineering,3
"Government Polytechnic, Jalgaon",Maharashtra,Jalgaon,Civil Engineering; Computer Engineering; Electrical Engineering; Electronics and Telecommunication Engg; Engineering/BTech; Information Technology; Mechanical Engineering,7
"Government Polytechnic, Jalna",Maharashtra,Jalna,Chemical Engineering; Civil Engineering; Computer Engineering; Electrical Engineering; Mechanical Engineering,5
"Government Polytechnic, Jintur",Maharashtra,Parbhani,Civil Engineering; Computer Engineering; Mechanical Engineering,3
"Government Polytechnic, Karad",Maharashtra,Satara,Civil Engineering; Computer Engineering; Electrical Engineering; Electronics and Telecommunication Engg; Engineering/BTech; Instrumentation Engineering; MCA; Mechanical Engineering; Mechatronics,9
"Government Polytechnic, Khamgaon",Maharashtra,Buldhana,Civil Engineering; Computer Engineering; Electrical Engineering; Electronics and Communication Engineering; Mechanical Engineering,5
"Government Polytechnic, Kolhapur",Maharashtra,Kolhapur,Civil Engineering; Electrical Engineering; Electronics and Telecommunication Engg; Engineering/BTech; Information Technology; Mechanical Engineering; Metallurgical Engineering,7
"Government Polytechnic, Malvan",Maharashtra,Sindhudurg,Civil Engineering; Computer Engineering; Electrical Engineering; Electronics and Communication Engineering; Food Technology; Mechanical Engineering,6
"Government Polytechnic, Miraj",Maharashtra,Sangli,Civil Engineering; Computer Engineering; Mechanical Engineering; Medical Electronics; Polymer Technology,5
"Government Polytechnic, Mumbai",Maharashtra,Mumbai,Artificial Intelligence; Artificial Intelligence (AI) and Machine Learning; Civil Engineering; Computer Engineering; Electrical Engineering; Electronics Engineering; Information Technology; Instrumentation Engineering; Leather Goods and Footwear Technology; Leather Technology; Mechanical Engineering; Rubber Technology,12
"Government Polytechnic, Murtijapur",Maharashtra,Akola,Civil Engineering; Computer Engineering; Electrical Engineering; Information Technology,4
"Government Polytechnic, Nanded",Maharashtra,Nanded,Civil Engineering; Electrical Engineering; Information Technology; Mechanical Engineering; Medical Electronics; Production Engineering,6
"Government Polytechnic, Nandurbar",Maharashtra,Nandurbar,Civil Engineering; Computer Engineering; Electrical Engineering; Mechanical Engineering,4
"Government Polytechnic, Nashik",Maharashtra,Nashik,Automobile Engineering; Civil Engineering; Computer Technology; Dress Designing and Garment Manufacturing; Electrical Engineering; Electronics and Telecommunication Engg; Information Technology; Interior Design; Mechanical Engineering; Mechatronics; Polymer Technology,11
"Government Polytechnic, Osmanabad",Maharashtra,Osmanabad,Automobile Engineering; Civil Engineering; Computer Engineering; Dress Designing and Garment Manufacturing; Electrical Engineering; Electronics and Telecommunication Engg; Mechanical Engineering,7
"Government Polytechnic, Pen",Maharashtra,Raigad,Chemical Engineering; Civil Engineering; Computer Technology; Instrumentation and Control Engineering; Mechanical Engineering,5
"Government Polytechnic, Pune",Maharashtra,Pune,Civil Engineering; Computer Engineering; Dress Designing and Garment Manufacturing; Electrical Engineering; Electronics and Telecommunication Engg; Engineering/BTech; Information Technology; Mechanical Engineering; Metallurgical Engineering,9
"Government Polytechnic, Ratnagiri",Maharashtra,Ratnagiri,Civil Engineering; Computer Engineering; Electrical Engineering; Electronics and Telecommunication Engg; Engineering/BTech; Mechanical Engineering; Mechatronics,7
"Government Polytechnic, Sadar, Nagpur",Maharashtra,Nagpur,Artificial Intelligence; Artificial Intelligence (AI) and Machine Learning; Automobile Engineering; Civil Engineering; Computer Engineering; Electrical Engineering; Electronics and Telecommunication Engg; Information Technology; Mechanical Engineering; Mechatronics; Metallurgical Engineering; Mining and Mine Surveying; Packaging Technology; Textile Manufactures; Travel and Tourism,15
"Government Polytechnic, Sakoli",Maharashtra,Bhandara,Civil Engineering; Computer Technology; Electrical Engineering; Electronics and Telecommunication Engg; Mechanical Engineering,5
"Government Polytechnic, Solapur",Maharashtra,Solapur,Civil Engineering; Computer Technology; Electrical Engineering; Electronics and Telecommunication Engg; Information Technology; Mechanical Engineering,6
"Government Polytechnic, Thane",Maharashtra,Thane,Chemical Engineering; Civil Engineering; Computer Engineering; Information Technology; Mechanical Engineering; Travel and Tourism,6
"Government Polytechnic, Vikramgad.",Maharashtra,Palghar,Civil Engineering; Computer Engineering; Electrical Engineering; Mechanical Engineering,4
"Government Polytechnic, Washim",Maharashtra,Washim,Automobile Engineering; Civil Engineering; Electrical Engineering; Electronics and Telecommunication Engg; Information Technology; Mechanical Engineering,6
"Government Polytechnic, Yavatmal",Maharashtra,Yavatmal,Civil Engineering; Computer Engineering; Electrical Engineering; Electronics and Telecommunication Engg; Engineering/BTech; Mechanical Engineering,6
"Government Residence Women Polytechnic, Tasgaon",Maharashtra,Sangli,Civil Engineering; Computer Engineering; Dress Designing and Garment Manufacturing; Electrical Engineering; Electronics and Telecommunication Engg; Information Technology,6
"Government Residential Women's Polytechnic, Latur",Maharashtra,Latur,Civil Engineering; Computer Engineering; Dress Designing and Garment Manufacturing; Electronics and Communication Engineering; Medical Electronics,5
"Government Science College, Nipatniranjan Road, Place- Aurangabad City (Municipal Corp. Area) , Taluka - Aurangabad City",Maharashtra,Aurangabad,Science,1
"Govindlal Kanhaiyalal Joshi (Night) Commerce College,Near Rajashthan School, Latur Dist. Latur",Maharashtra,Hingoli,Commerce,1
"Govt College of Education, Buldana",Maharashtra,Buldhana,Education,1
"Govt Vidarbha Institute of Science & Humanities, Amravati",Maharashtra,Amravati,Science,1
"Govt Vidarbha Institute of Science and Humanities, Amravati",Maharashtra,Amravati,Science,1
"Govt. College Of Arts & Science, Place- Aurangabad City (Municipal Corp. Area) ,Taluka - Aurangabad City",Maharashtra,Aurangabad,Arts; Science,2
"Govt. College of Education, Akola",Maharashtra,Akola,Education,1
"Govt. College Of Education, Place- Aurangabad City (Municipal Corp. Area) , Taluka - Aurangabad City",Maharashtra,Aurangabad,Education,1
"Govt. College of Engg., Amravati",Maharashtra,Amravati,Civil Engineering; Computer Engineering; Electrical Engineering; Electronics and Telecommunication Engineering; Information Technology; Instrumentation Engineering; Mechanical Engineering,7
"Govt. College of Pharmacy, Amravati",Maharashtra,Amravati,Pharmacy,1
"Govt. College of Pharmacy, KARAD-415 110 Tal: Karad, Dist: Satara",Maharashtra,Satara,Pharmacy,1
"Govt. Eng. College, Place- Aurangabad City (Municipal Corp. Area) , Taluka - Aurangabad City",Maharashtra,Aurangabad,Civil Engineering; Computer Science Engineering (AI & ML); Computer Science Engineering (Data Science); Electrical Engineering; Electronics and Communication Engineering; Mechanical Engineering,6
"Gramin Shikshan Sansthas Arts, Commerce & Science College",Maharashtra,Thane,Arts; Commerce; Science,3
GRAMIN TECHNICAL AND MANAGEMENT CAMPUS NANDED.,Maharashtra,Nanded,Civil Engineering; Computer Engineering; Electrical Engineering; Electronics and Telecommunication Engg; Engineering/BTech; Information Technology; Mechanical Engineering; Medical Laboratory Technology,8
"Gramodyogik Shikshan Mandal's Marathwada Institute of Technology, Aurangabad",Maharashtra,Aurangabad,Artificial Intelligence; Civil Engineering; Computer Engineering; Electrical Engineering; Electronics and Computer Engineering; Mechanical Engineering; Mechatronics,7
"Gramodyogik Shikshan Mandal's Marathwada Institute Of Technology, Rotegaon, Vaijapur, Dist. Aurangabad.",Maharashtra,Aurangabad,Agricultural Engineering; Civil Engineering; Computer Engineering; Electrical Engineering; Electronics and Telecommunication Engg; Mechanical Engineering,6
"GRANTABLE B.ED.COLLEGESShri Maharani Tarabai Government College of Education, Shahupuri, KOLHAPUR-416 002",Maharashtra,Kolhapur,Education,1
"Gulab Nabi Azad Mv., Barshitakli",Maharashtra,Solapur,Arts; Commerce; Science,3
"Gulabrao Patil Shikshanshastra Mahavidyalaya, 795, Budhagaonkar Mala, Near Shaskiya Dudha Dairy, Miraj – 416 410, Tal.Miraj, Dist.Sangli.",Maharashtra,Sangli,Education,1
"Gunai Shikshan Prasarak Mandal, Rajiv Gandhi Polytechnic, Udgir, Dist Latur",Maharashtra,Latur,Civil Engineering; Computer Engineering; Electrical Engineering; Electronics and Telecommunication Engg; Mechanical Engineering,5
"Guru Gobind Singh College of Engineering & Research Centre, Nashik.",Maharashtra,Nashik,Engineering/BTech,1
"Guru Gobind Singh Foundation's Guru Gobind Singh Polytechnic, Nashik",Maharashtra,Nashik,Civil Engineering; Computer Engineering; Electrical Engineering; Electronics and Telecommunication Engg; Mechanical Engineering; Mechatronics,6
Guru Krupa College of Education & Research,Maharashtra,Thane,Education,1
"Guru Nanak College of Arts, Science & Commerce",Maharashtra,Mumbai,Arts; Commerce; Science,3
"Guru Nanak Institute of Engineering & Technology,Kalmeshwar, Nagpur",Maharashtra,Nagpur,Engineering/BTech,1
Guru Nanak Institute of Management Studies,Maharashtra,Mumbai,Management,1
"Gurukul College Of Computer Science, Gurukul Nagar, Place- Beed City, Taluka - Beed",Maharashtra,Beed,Computer Science; Science,2
"Gurukul Education Society's Institute of Engineering & Technology, Nandgaon",Maharashtra,Nashik,Civil Engineering; Computer Engineering; Electrical Engineering; Mechanical Engineering,4
"Gurukul Institute of Technology, Kshirsagar, Bhokardan",Maharashtra,Jalna,Civil Engineering; Computer Engineering; Computer Technology; Electronics and Telecommunication Engg; Mechanical Engineering,5
"Gurunanak Educational Society's Gurunanak Institute of Technology, Nagpur",Maharashtra,Nagpur,Engineering/BTech,1
"Guruvandan Mahila Kalyankari Bahuuddeshiya Mandal's Guru Sai Polytechnic College, Mauza Datala, Chandrapur",Maharashtra,Chandrapur,Civil Engineering; Computer Engineering; Electrical Engineering; Mechanical Engineering; Mining and Mine Surveying,5
Gyanoday B.Sc (IT) College,Maharashtra,Thane,B.Sc,1
Gyanodaya B.Ed. College,Maharashtra,Thane,Education,1
"H. B. Arts, Commerce And Science College, Pishor, Place- Pishor, Taluka - Kannad",Maharashtra,Aurangabad,Arts; Commerce; Science,3
"H. J. Thim Trusts, Theem College of Engineering, Boisar",Maharashtra,Palghar,Engineering,1
"H.K. College of Pharmacy, Oshiwara",Maharashtra,Mumbai,Pharmacy,1
H.K.Institute of Management Studies & Research,Maharashtra,Mumbai,Management,1
H.R. College of Commerce & Economics,Maharashtra,Mumbai,Commerce,1
"H.V.P.M.Degree College of Physical Education, Amravati",Maharashtra,Amravati,Education; Physical Education,2
"H.V.P.M.’s Degree College of Physical Education, Amravati",Maharashtra,Amravati,Education; Physical Education,2
"H.V.P.M’s. College of Engg., Amravati",Maharashtra,Amravati,Computer Science Engineering; Electronics and Telecommunication Engineering; Information Technology; MBA; MCA; Mechanical Engineering,6
H.V.S.K.M. Physcial Edu.MV. Yavatmal,Maharashtra,Yavatmal,Physical Education,1
Habib College of Commerce,Maharashtra,Mumbai,Commerce,1
"Haji Jamaluddin Thim Trust's Theem College of Engineering, At. Villege Betegaon, Boisar",Maharashtra,Palghar,Artificial Intelligence; Civil Engineering; Computer Engineering; Electrical Engineering; Engineering/BTech; Mechanical Engineering,6
Haji Janaluddin Thim Trust Thim College,Maharashtra,Thane,Automobile Engineering; Civil Engineering; Computer Science Engineering; Electrical Engineering; Electronics Engineering; Information Technology; Mechanical Engineering,7
Hansraj Jivandas College of Education (H.J. College of Education),Maharashtra,Mumbai,Education,1
"Haribhai Warpudkar B.B.A. B.Sc., B.J. College, Vasmat Road, Parbhani Dist. Parbhani",Maharashtra,Parbhani,B.Sc,1
Hashmatrai & Gangaram Himathmal Mansukhani Institute of Management,Maharashtra,Thane,Management,1
Hi-Tech College Of Management & Computer Science,Maharashtra,Aurangabad,Computer Science; Management; Science,3
"Hi-Tech Institute of Technology, Aurangabad",Maharashtra,Aurangabad,Engineering/BTech,1
"Hi-Tech Institute Of Technology, Place- Aurangabad City (Municipal Corp. Area) , Taluka - Aurangabad City",Maharashtra,Aurangabad,BBA; BCA; Civil Engineering; Computer Science Engineering; Computer Science Engineering (AI & ML); Mechanical Engineering,6
Hind Seva Mandal Pemraj Sarda College,Maharashtra,Ahmednagar,BSc,1
Hind Seva Parishads Public Night Degree College,Maharashtra,Mumbai,Commerce; Information Technology; Management,3
"Hindi Seva Mandal's Shri Sant Gadgebaba College of Engineering & Technology, Bhusawal",Maharashtra,Jalgaon,Computer Engineering; Computer Science and Engineering; Electrical Engineering; Electronics and Computer Engineering; Engineering/BTech,5
Hindi Vidya Prachar Samitis College of Law,Maharashtra,Mumbai,Law,1
"Hindi Vidya Prachar Samitis, Ramniranjan Jhunjhunwala College",Maharashtra,Mumbai,Arts; Commerce; Management; Science,4
"Hindu Samaj Sansthas,Bhausaheb Deshpande College Of Biotechnology, Place- Jalna City (Municipal Corp. Area), Taluka - Jalna",Maharashtra,Jalna,Bioinformatics; Biotechnology,2
Hindustan Education Society's Azad Sr. College Ausa ( Education) Dist. Latur,Maharashtra,Hingoli,Education,1
Hindustan Education Society's M.Ed College Ausa Dist. Latur,Maharashtra,Hingoli,Education,1
"Hindustani Education Society, N.B.S. Institute Of Polytechnic, Ausa, Latur",Maharashtra,Latur,Civil Engineering; Computer Engineering; Electrical Engineering; Mechanical Engineering,4
Hirwal Education Trust College of Computer Science and Information Technology,Maharashtra,Mumbai,Computer Science; Education; Information Technology; Science,4
"Holy-Wood Academy's Sanjeevan Engineering and Technology Institute, Panhala",Maharashtra,Kolhapur,Engineering/BTech,1
Hon. Sharadchandraji Pawar B. C. A. College Jafrabad,Maharashtra,Jalna,BCA,1
"Hon. Shri. Babanrao Pachpute Vichadhara Trust, Tal- Shrigonda, Dist- Ahmadnagar Parikrama Arts, Commerce and Science College",Maharashtra,Ahmednagar,BSc,1
"Hon. Shri. Babanrao Pachpute Vichardhara Trust's Parikrama Polytechnic,Kashti",Maharashtra,Ahmednagar,Civil Engineering; Computer Engineering; Electrical Engineering; Mechanical Engineering; Medical Electronics,5
"Hon. Shri. Babanrao Pachpute Vichardhara Trust, Group of Institutions (Integrated Campus)-Parikrama, Kashti Shrigondha",Maharashtra,Ahmednagar,Engineering/BTech,1
"Hon.Shri Annasaheb Dange College of Education (B.Ed.) Ashta, Tal-Walwa, Dist-Sangli",Maharashtra,Sangli,Education,1
"Hope Foundation and research center's Finolex Academy of Management and Technology, Ratnagiri",Maharashtra,Ratnagiri,Engineering/BTech,1
Huda College Of Education,Maharashtra,Aurangabad,Education,1
Humera Khan College of Education,Maharashtra,Mumbai,Education,1
"Husna Abdul Malik Maddu Womens Degree College, Kalyan",Maharashtra,Thane,Arts; Commerce; Science,3
Hyderabad [Sind] National Collegiate Boards Dr. L. H. Hiranandani College of Pharmacy,Maharashtra,Thane,Pharmacy,1
IBSAR Institute of Management Studies,Maharashtra,Raigad,Management,1
IBSAR School of Law,Maharashtra,Raigad,Law,1
"Ichalkaranji Shikshanshastra Mahavidyalaya, Opp.S.T.Depot, Shahapur,CHALKARANJI-416 115 Tal: Hatkanankale,Dist: Kolhapur",Maharashtra,Kolhapur,Education,1
"Ideal College of Architecture, R.S.No.377/A, Kondigre,Tal.Shirol,Ichalkaranji, Dist.Kolhapur",Maharashtra,Kolhapur,Architecture,1
Ideal Foundation Institute of Technology,Maharashtra,Palghar,Civil Engineering; Computer Engineering; Electrical Engineering; Electronics and Telecommunication Engineering; Mechanical Engineering,5
Ideal Institute of Architecture,Maharashtra,Palghar,Architecture,1
"Ideal Institute Of Management, Kondigre",Maharashtra,Kolhapur,Management,1
Ideal Institute of Pharmacy,Maharashtra,Palghar,Pharmacy,1
"Ideal Institute of Technology, Wada, Dist.Thane",Maharashtra,Thane,Engineering/BTech,1
"Imailsaheb Mulla Law College, SATARA-415 001",Maharashtra,Satara,Law,1
"Indala College Of Engineering, Bapsai Tal.Kalyan",Maharashtra,Thane,Artificial Intelligence; Civil Engineering; Computer Engineering; Electrical Engineering; Engineering/BTech; Information Technology; Mechanical Engineering,7
"Indapur Taluka Gramvikas Pratishthan Vishwasrao Ransing College,(Arts,commerce & Science)",Maharashtra,Pune,BSc,1
Indian Education Societys College of Architecture Ar. Gaurish,Maharashtra,Mumbai,Architecture; Education,2
Indian Education Societys Management College and Research Centre,Maharashtra,Mumbai,Education; Management,2
Indian Institute of Cost and Management Studies & Research (IndSearch) IndSearch Institute of Management Studies & Research,Maharashtra,Pune,PG Diploma,1
"Indira College of Engineering & Management, Pune",Maharashtra,Pune,Engineering/BTech,1
Indira Gandhi Engineering College,Maharashtra,Mumbai,Engineering,1
Indira Institute of Business Management,Maharashtra,Mumbai,Management,1
"Indira Mv., Kalamb",Maharashtra,Osmanabad,Arts; Commerce; Science,3
"Indira Shikshan Prasarak Mandal's College of Physical Education, Udgir Dist. Latur",Maharashtra,Hingoli,Education; Physical Education,2
"Indraraj Arts, Commerce And Science College",Maharashtra,Jalna,Arts; Commerce; Science,3
Innovative Engineers and Teachers Education Societys Bharat College of Engineering Badlapur,Maharashtra,Thane,Education; Engineering,2
INS Hamla,Maharashtra,Mumbai,"Naval Training (IT, Catering, Logistics)",1
Institute of Aviation & Aviation Safety,Maharashtra,Mumbai,Aviation,1
"Institute of Chemical Technology, Matunga, Mumbai",Maharashtra,Mumbai,Engineering/BTech,1
"Institute of Chemical Technology, Mumbai Marathwada off campus, Jalna",Maharashtra,Jalna,Engineering/BTech,1
"Institute of Civil and Rural Engineering(aided), Gargoti, Kolhapur",Maharashtra,Kolhapur,Civil and Rural Engineering; Computer Engineering; Electrical Engineering; Electronics and Telecommunication Engg; Mechanical Engineering,5
Institute of Forensic Science,Maharashtra,Mumbai,Science,1
Institute Of Science Poona College of Computer Science,Maharashtra,Pune,BSc; MCA,2
Institute Of Science Poona Institute of Business Management and Research,Maharashtra,Pune,PG Diploma,1
"International Center Of Excellance In Engineering And Management, Place-Aurangabad (Rural Area), Taluka - Aurangabad (RuralArea)",Maharashtra,Aurangabad,Engineering; Management,2
International Centre Of Excellence In Engineering and Management (ICEEM),Maharashtra,Aurangabad,Computer Science and Engineering; Electrical Engineering; Engineering/BTech; Mechanical Engineering,4
"International Institute of Information Technology (I²IT), Hinjawadi, Pune",Maharashtra,Pune,Artificial Intelligence and Machine Learning; Computer Engineering; Electronics and Telecommunication Engineering; Engineering/BTech; Information Technology,5
"International Institute of Information Technology (I²IT), Pune.",Maharashtra,Pune,Engineering/BTech,1
Irene Institute of Education,Maharashtra,Thane,Education,1
ISB&M School of Technology ISBM College Of Engineering,Maharashtra,Pune,BSc,1
ISBM College Of Engineering Pune,Maharashtra,Pune,Engineering/BTech,1
"ISBM College Of Engineering, Nande, Pune",Maharashtra,Pune,Artificial Intelligence and Machine Learning; Computer Engineering; Data Science; Electronics and Telecommunication; Engineering/BTech; Mechanical Engineering,6
"Ismail Yusuf Arts, Science & Commerce College",Maharashtra,Mumbai,Arts; Commerce; Science,3
J K FOUNDATION J K COLLEGE OF COMPUTER SCIENCE,Maharashtra,Pune,BSc,1
"J. B. S. P. M'S Arts And Science College, Patoda , Place- Patoda City, Taluka - Patoda",Maharashtra,Beed,Arts; Science,2
"J. K. Jadhav Arts, Commerce& Science Mahavidyalaya, Vaijapur Dist :- Aurangabad",Maharashtra,Aurangabad,Arts; Commerce; Science,3
"J. Watumull Sadhubella Girls College, Ulhasnagar",Maharashtra,Thane,Commerce; Management,2
"J.B. Sawant Education Society Tikambhai Mehta College, Mangaon",Maharashtra,Raigad,Education,1
"J.D. Patil Sangludkar Mv., Daryapur",Maharashtra,Amravati,Arts; Commerce; Science,3
"Jadeed Anjuman E Taleem J.A.T.Arts, Science & Commcer College ( for women)",Maharashtra,Nashik,BSc,1
"Jagadamba Education Soc. Nashik's S.N.D. College of Engineering & Reserch, Babulgaon",Maharashtra,Nashik,Engineering/BTech,1
"Jagadambha Bahuuddeshiya Gramin Vikas Sanstha's Jagdambha College of Engineering and Technology, Yavatmal",Maharashtra,Yavatmal,Engineering/BTech,1
"Jagdamba Edu Soc., Santosh N. Darade Polytechnic, Yeola, Nashik",Maharashtra,Nashik,Civil Engineering; Computer Engineering; Electrical Engineering; Mechanical Engineering; Mechatronics,5
"Jagdamba Education Society S.N.D. Arts, Commerce Science College",Maharashtra,Nashik,BSc,1
Jagdamba Education Society S.N.D. College of Engineering and Research Center,Maharashtra,Nashik,BSc; MCA,2
"Jagdamba Mv., Achalpur",Maharashtra,Amravati,MBA,1
"Jagruti Shikshanshastra Mahavidyalay, Gadhinglaj, Dist. Kolhapur",Maharashtra,Kolhapur,Education,1
"Jai Bhagwan College of Education & Research, Vitawa",Maharashtra,Thane,Education,1
"Jai Bhagwan College of Management Science & Technology, Vitawa",Maharashtra,Thane,Management; Science,2
"Jai Bhagwan Sevabhavi Sanstha'S Late Shankarrao Gutte Gramin Arts, Science And Commerce College, Dharmpuri.",Maharashtra,Beed,Arts; Commerce; Science,3
Jai Bharat College of Commerce,Maharashtra,Mumbai,Commerce,1
"Jai Bharat College of Pharmacy, Dapka, Tq. Nilanga, Dist. Latur",Maharashtra,Hingoli,Pharmacy,1
"Jai Bharat Mahavidyalaya, Dapka Tq.Nilanga Dist. Latur",Maharashtra,Hingoli,Pharmacy,1
"Jai Bhavani Education Society,Rajiv Gandhi Polytechnic College,Ziprapwadi, Tal. Phaltan, Dist. Satara",Maharashtra,Satara,Mechanical Engineering,1
"Jai Bhavani Shikshan Prasarak Mandals B.C.A. College, Place- Mantha,Taluka - Mantha",Maharashtra,Parbhani,BCA,1
"Jai Bhawani Shikshan Prasarak Mandals,Mahila Mahavidyalaya Georai Tq Georai Dist Beed",Maharashtra,Beed,Arts; Commerce,2
"Jai Hind College, Basantsing Institute of Science & J.T. Lalvani College of Commerce",Maharashtra,Mumbai,Commerce; Science,2
"Jai Kalanka Devi Shikshan Trusts Late. Laxmanrao Bhimrao Kolte Patil Arts,Commerce And Science College, Savaldabara, Place-Savaldabara, Taluka - So",Maharashtra,Aurangabad,Arts; Commerce; Science,3
"Jai Kranti Arts College, Latur Sitaram nagar, Bodhenagar, Latur",Maharashtra,Hingoli,Arts,1
"Jai Mahakali Shikshan Sanstha's Agnihotri Polytechnic, Sindhi (Meghe), Wardha",Maharashtra,Wardha,Computer Engineering; Electrical Engineering; Electronics and Telecommunication Engg; Mechanical Engineering,4
"Jai Mahakali Shikshan Sanstha's Agnihotri School of Technology, Ramnagar, Wardha",Maharashtra,Wardha,Civil Engineering; Computer Engineering; Dress Designing and Garment Manufacturing; Electrical Engineering; Electronics and Telecommunication Engg; Mechanical Engineering; Medical Laboratory Technology,7
"Jai Mahakali Shikshan Sanstha, Agnihotri College of Engineering, Sindhi(Meghe)",Maharashtra,Wardha,Engineering/BTech,1
"Jai Mahakali Shikshan Sanstha, Pulgaon Polytechnic,Pulgaon, Tah-Deoli,Wardha",Maharashtra,Wardha,Electrical Engineering; Mechanical Engineering,2
Jai Shri Siddhivinayaks foundations B.R. Harne College of Architecture,Maharashtra,Thane,Architecture,1
"Jaidev Education Society, J D College of Engineering and Management, Nagpur",Maharashtra,Nagpur,Civil Engineering; Computer Engineering; Electrical Engineering; Electronics and Telecommunication Engg; Engineering/BTech; Mechanical Engineering,6
"Jaihind College Of Engineering & Polytechnic, Kuran, Junnar, Pune",Maharashtra,Pune,Civil Engineering; Computer Engineering; Electrical Engineering; Electronics and Telecommunication Engg; Engineering/BTech; Information Technology; Mechanical Engineering; Mechatronics,8
"Jaihind College Of Engineering,Kuran",Maharashtra,Pune,Engineering/BTech,1
"Jaihind College of Science, Salgaon",Maharashtra,Sindhudurg,Science,1
Jaihind Comprehensive Educational Institute Jaihind Institute of management & Research,Maharashtra,Pune,MCA,1
"Jaihind Comprehensive Educational Institute's Jaihind Polytechnic, Kuran,Tal. Junnar",Maharashtra,Pune,Civil Engineering; Computer Engineering; Electronics and Telecommunication Engg; Information Technology; Mechanical Engineering; Mechatronics,6
"Jaikisan Arts College, Apegaon, Place- Apegaon, Taluka - Ambajogai",Maharashtra,Beed,Arts,1
"Jalna College Of I. T. , Jalna",Maharashtra,Jalna,Information Technology,1
Jalna College Of Social Work Ramngar Jalna,Maharashtra,Jalna,Social Work,1
"Jamia Institute Of Engineering And Management Studies, Akkalkuwa",Maharashtra,Nandurbar,Engineering/BTech,1
"Jamiya Islamiya Ishatul Olu's Jamiya Polytechnic, Akkalkuwa",Maharashtra,Nandurbar,Civil Engineering; Computer Engineering; Electrical Engineering; Mechanical Engineering,4
"Jan Utkarsha Prabodhini Arts, Commerce & Science College",Maharashtra,Palghar,Arts; Commerce; Science,3
"Janata Kala,Vanijya Mv., Malkapur",Maharashtra,Buldhana,Arts; Commerce,2
Janata Seva Mandal Modern College,Maharashtra,Nashik,BSc,1
"Janata Shikshan Prasarak Mandal's, Arts, Commerce & Science Mahavidyalaya, Hupari, Tal. Hatkanangle, Dist. Kolhapur.",Maharashtra,Kolhapur,Arts; Commerce; Science,3
"Janata Shikshan Prasarak Mandals Babasaheb Naik College Of Engineering, Pusad",Maharashtra,Yavatmal,Engineering/BTech,1
Janata Shikshan Prasark Mandal Loknete Marutrao Ghule Patil Mahavidhlya,Maharashtra,Ahmednagar,BSc,1
"Janata Shikshan Sanstha’s D C Narake Senior College, Kotoli, Tal. Panhala, Dist. Kolhapur",Maharashtra,Kolhapur,Arts; Commerce; Science,3
"Janseva S. Mandals Shantaram Bhau College of Arts and Science, Gotirambhau College of Commerce, Shivle, Murbad",Maharashtra,Thane,Arts; Commerce; Science,3
Janseva Shikshan Mandals College of Education (B.Ed),Maharashtra,Thane,Education,1
"Janta Arts, Commerce And Science College, Dhanora, Place- Kada, Taluka - Ashti",Maharashtra,Beed,Arts; Commerce; Science,3
"Janta Shikshan Prasarak Mandal's Marutraoji Ghule Patil Arts, Commerce & Science College",Maharashtra,Ahmednagar,BSc,1
"Janta Shikshan Prasarak Mandals, College Of Education, Place- Khultabad / Verul, Taluka - Khultabad",Maharashtra,Aurangabad,Education,1
Janvikas Mahavidyalaya,Maharashtra,Beed,Arts; Commerce; Science,3
Jashbhai Maganbhai Patel College of Commerce,Maharashtra,Mumbai,Commerce,1
"Jawahar Arts, Science And Commerce College, Andoor, Place- Tuljapur City, Taluka -Tuljapur",Maharashtra,Osmanabad,Arts; Commerce; Science,3
Jawahar Education Soceitys Annasaheb Chudaman Patil College of Engineering,Maharashtra,Mumbai,Education; Engineering,2
"Jawahar Education Society's Annasaheb Chudaman Patil College of Engineering,Kharghar, Navi Mumbai",Maharashtra,Thane,Engineering/BTech,1
"Jawahar Education Society's Institute of Technology, Management & Research, Nashik.",Maharashtra,Nashik,Engineering/BTech,1
"Jawaharlal Darda Institute of Engg. & Tech., Yavatmal",Maharashtra,Yavatmal,Chemical Engineering; Civil Engineering; Computer Science Engineering; Electrical Engineering; Electronics and Telecommunication Engineering; Information Technology; Mechanical Engineering; Textile Engineering,8
"Jawaharlal Darda Institute of Engineering and Technology, Yavatmal",Maharashtra,Yavatmal,Engineering/BTech,1
"Jay Bhavani Shikshan Prasarak Mandals, Arts And Science College, Chaklamba, Place- Gevrai City, Taluka - Gevrai",Maharashtra,Beed,Arts; MBA; Science,3
"Jay Kranti Shikshan Prasrak Mandal's Swami Vivekanand Mahavidyalaya, M.I.D.C. Kalamb Road, Latur",Maharashtra,Hingoli,Arts; Commerce; Computer Science; Science,4
Jayawant Shikshan Prasarak Mandal Abacus Institute of computer application,Maharashtra,Pune,MCA,1
Jayawant Shikshan Prasarak Mandal Bhivarabai Sawant Institute of Technology and research,Maharashtra,Pune,BSc,1
Jayawant Shikshan Prasarak Mandal Eniac Institute Computer Application,Maharashtra,Pune,MCA,1
Jayawant Shikshan Prasarak Mandal Jayawant Institute of Computer Application,Maharashtra,Pune,MCA,1
Jayawant Shikshan Prasarak Mandal Jayawant Institute of Management Studies,Maharashtra,Pune,MCA,1
Jayawant Shikshan Prasarak Mandal Jayawantrao Sawant College of Engineering,Maharashtra,Pune,BSc; MCA,2
Jayawant Shikshan Prasarak Mandal Rajarshi Shahu Commerce and Science College,Maharashtra,Pune,BSc,1
Jayawant Shikshan Prasarak Mandal Rajarshi Shahu Engineering College,Maharashtra,Pune,BSc; MCA,2
Jayawant Shikshan Prasarak Mandal's JSPM Narhe Technical Campus,Maharashtra,Pune,MCA,1
"Jayawant Shikshan Prasarak Mandal, Bhivarabai Sawant Institute of Technology & Research, Wagholi",Maharashtra,Pune,Engineering/BTech,1
"Jayawanti Babu Foundations, Metropolitan Institute of Technology & Management",Maharashtra,Sindhudurg,Management,1
"Jaykranti Adhyapak Mahavidyalaya, Latur Dist. Latur",Maharashtra,Hingoli,Education,1
"Jaysingpur Colleg, JAYSINGPUR-416101 Tal-Shirol,Dist-Kolhapur",Maharashtra,Kolhapur,Arts; BCA; Biotechnology; Commerce; Information Technology; Management; Science,7
"Jayvantrao Pawar Arts, Science and Commerce College, Tokawade, Murbad",Maharashtra,Thane,Arts; Commerce; Science,3
"Jaywant College of Engineering & Polytechnic , Kille Macchindragad Tal. Walva District- Sangali",Maharashtra,Sangli,Civil Engineering; Computer Engineering; Electrical Engineering; Electronics and Telecommunication Engg; Engineering/BTech; Mechanical Engineering,6
"Jaywant Mahavidyalaya,Near Govt. Resthouse, Shahapur, ICHALKARANJI Tal- Hatkanangale,Dist-Kolhapur",Maharashtra,Kolhapur,Arts,1
"Jaywant Pratishthan Humagaon Sanchalit, Amadar Shashikant Shinde Mahavidylaya, MEDHA Tal:Jawali Dist: Satara",Maharashtra,Satara,Arts; Commerce; Science,3
"Jaywant Shikshan Prasarak Mandal (JSPM - RSCOE & JSCOE), Pune",Maharashtra,Pune,Automation and Robotics; Civil Engineering; Computer Engineering; Electrical Engineering; Electronics and Telecommunication Engg; Engineering/BTech; Information Technology; MBA (IT); MCA; Mechanical Engineering,10
"Jaywant Shikshan Prasarak Mandal's,Rajarshi Shahu College of Engineering, Tathawade, Pune",Maharashtra,Pune,Civil Engineering; Computer Engineering; Electronics and Telecommunication Engg; Engineering/BTech; Mechanical Engineering,5
"Jaywant shikshan prasarak Mandal,Jaywantrao Sawant Polytechnic, Hadapsar, Pune",Maharashtra,Pune,Automation and Robotics; Civil Engineering; Computer Engineering; Electronics and Telecommunication Engg; Information Technology; Mechanical Engineering,6
"Jeevandeep S. Sanstha Arts, Science and Commerce College, Goveli",Maharashtra,Thane,Arts; Commerce; Science,3
"Jeevandeep Shikshan Prasarak Mandals, Arts, Science And Commerce College, Pimpalner, Place- Beed City, Taluka - Beed",Maharashtra,Beed,Arts; Commerce; Science,3
"Jeevandeep Shikshan Sanstha, Arts Commerce & Science College Khardi",Maharashtra,Thane,Arts; Commerce; Science,3
"Jijamata Mahila Vikas And Shikshan Sansthas, Jijau Arts, Commerce And Science College Tembhurni",Maharashtra,Jalna,Arts; Commerce; Science,3
"Jijamata Mv., Buldana",Maharashtra,Buldhana,Arts; Commerce; Science,3
Jijau Art & Science Senior College Warud Bk,Maharashtra,Amravati,Science,1
"Jijau Institute of Engineering Technology and Management, Khandgaon (Bendri), Taluka Naigaon, District Nanded",Maharashtra,Nanded,Civil Engineering; Computer Engineering; Electrical Engineering; Information Technology; Mechanical Engineering,5
"Jitendra Chauhan Law College, Vile Parle",Maharashtra,Mumbai,Law,1
"Jivan Prabodhini Kanya Mahavidyalaya, Vita-415 311,Tal-Khanapur, Dist-Sangli",Maharashtra,Sangli,Arts; Commerce; Computer Applications,3
"Jivanvikas College Of Arts, Science And Commerce, Place- Vaijapur City, Taluka -Vaijapur",Maharashtra,Aurangabad,Arts; Commerce; Science,3
"JMSS Shri Shankarprasad Agnihotri College of Engineering, Wardha",Maharashtra,Wardha,Engineering/BTech,1
"Jnan Vikas Mandals, Mohanlal Raichand Mehta College of Commerce, Diwali Maa College of Science, Amritlal Raichand Mehta College of Arts, Padmashree Dr. R.T. Doshi College of Computer Science",Maharashtra,Mumbai,Arts; Commerce; Computer Science; Science,4
Jog Educational Trust P. Jog College of Science & Commerce,Maharashtra,Pune,BSc,1
"John Wilson Education Societys, Wilson College",Maharashtra,Mumbai,Education,1
"JSPM Narhe Technical .Campus, Pune",Maharashtra,Pune,Engineering/BTech,1
"JSPM'S Jaywantrao Sawant College of Engineering,Pune",Maharashtra,Pune,Engineering/BTech,1
"Jumma Masjid Charitable Trust's Polytechnic,Wadala Road, Wadala, Nashik",Maharashtra,Nashik,Automobile Engineering; Civil Engineering; Computer Engineering; Electronics and Telecommunication Engg; Mechanical Engineering,5
Junnar Education Society Shankarrao Butte Patil College,Maharashtra,Pune,BSc,1
K J Somaiya Institute of Technology,Maharashtra,Thane,Engineering/BTech,1
"K. E. Society's Rajarambapu Institute of Technology, Walwa, Sangli",Maharashtra,Sangli,Civil Engineering; Computer Engineering; Electrical Engineering; Engineering/BTech; Mechanical Engineering; Mechatronics,6
K. J. Somaiya Institute of Engineering and Information Technology,Maharashtra,Mumbai,Engineering; Information Technology,2
"K. J. Somaiya Polytechnic & Institute of Technology, Mumbai",Maharashtra,Mumbai,Artificial Intelligence and Data Science; Civil Engineering; Computer Engineering; Electrical Engineering; Engineering/BTech; Industrial Electronics; Information Technology; Mechanical Engineering,8
"K. J. Somaiya Polytechnic, Mumbai",Maharashtra,Mumbai,Civil Engineering; Computer Engineering; Electrical Engineering; Industrial Electronics; Mechanical Engineering,5
"K. J.'s Educational Institut Trinity College of Engineering and Research, Pisoli, Haveli",Maharashtra,Pune,Engineering/BTech,1
"K. K. M. Arts Commerce & Science College, Manwat Tq. Manwat Dist. Parbhani",Maharashtra,Parbhani,Arts; Commerce; Science,3
"K. K. Wagh Education Society (KKWIEER & Polytechnic), Nashik",Maharashtra,Nashik,Artificial Intelligence (AI) and Machine Learning; Chemical Engineering; Civil Engineering; Computer Technology; Electrical Engineering; Engineering/BTech; Information Technology; MCA; Mechanical Engineering,9
"K. K. Wagh Institute of Engineering Education and Research, Nashik",Maharashtra,Nashik,Artificial Intelligence and Data Science; Civil Engineering; Computer Engineering; Electrical Engineering; Electronics and Telecommunication Engineering; Engineering/BTech; Information Technology; MBA; MCA; Mechanical Engineering,10
"K. S. P. Mandals, College Of Library And Information Science, Place- Osmanabad,Taluka - Osmanabad",Maharashtra,Osmanabad,Science,1
"K. T. Patil College Of B.Sc. Computer Science, Place- Osmanabad, Taluka -Osmanabad",Maharashtra,Osmanabad,B.Sc; Computer Science; Science,3
"K. T. Patil College Of Engineering & Technology, Place- Osmanabad, Taluka -Osmanabad",Maharashtra,Osmanabad,Engineering,1
K.B.H.S.S. TRUST DR.B.V.HIRAY COLLEGE OF MANAGEMENT AND RESEARCH CENTRE,Maharashtra,Nashik,MCA,1
"K.C. College of Engineering & Management Studies & Research Kopri,Thane",Maharashtra,Thane,Engineering; Management,2
K.C. College of Law,Maharashtra,Mumbai,Law,1
"K.D.K. College of Engineering, Nagpur",Maharashtra,Nagpur,Artificial Intelligence and Data Science; Civil Engineering; Computer Science and Engineering; Electrical Engineering; Electronics and Telecommunication; Engineering/BTech; Information Technology; MBA; Mechanical Engineering,9
"K.D.M. Education Society, Vidharbha Institute of Technology,Umred Road ,Nagpur",Maharashtra,Nagpur,Electrical Engineering; Engineering/BTech; Mechanical Engineering,3
K.E.S. Anandibai Pradhan Science College,Maharashtra,Raigad,Science,1
K.G. Joshi College of Arts & N.G. Bedekar College of Commerce,Maharashtra,Thane,Arts; Commerce,2
K.J. Somaiya Centre for Buddhist Studies,Maharashtra,Mumbai,Buddhist Studies (Pali),1
K.J. Somaiya Centre for Studies in Jainism,Maharashtra,Mumbai,Jainology,1
K.J. Somaiya College Dr of Engineering (Vidyavihar,Maharashtra,Mumbai,Engineering,1
K.J. Somaiya College of Science & Commerce [Vidyavihar,Maharashtra,Mumbai,Commerce; Science,2
K.J. Somaiya Comprehensive College of Education Training & Research,Maharashtra,Mumbai,Education,1
"K.J.'s Educational Institute's K.J.College of Engineering & Management Research, Pisoli",Maharashtra,Pune,Engineering/BTech,1
"K.J.Education Institute Pune, Trinity College of Architecture, Pune",Maharashtra,Pune,Interior Design and Decoration,1
K.J.Somaiya Institute of Management Studies & Research (Vidya Vihar,Maharashtra,Mumbai,Management,1
"K.K Wagh Education Society's K. K. Wagh Polytechnic, Nashik",Maharashtra,Nashik,Artificial Intelligence; Chemical Engineering; Civil Engineering; Computer Technology; Electrical Engineering; Information Technology; Mechanical Engineering,7
"K.K. Wagh Shikshan Sanstha K.K. Wagh Arts, Commerce, Science and Computer Science College",Maharashtra,Nashik,Arts; BSc; Biotechnology; Business Administration (BBA); Chemistry; Commerce; Cyber and Digital Science; MCA; Microbiology,9
K.L.E. SOCIETYS KLE COLLEGE OF LAW,Maharashtra,Thane,Law,1
K.L.E. Societys Science & Commerce College,Maharashtra,Mumbai,Commerce; Science,2
"K.M. Agrawal College of Arts, Commerce and Science, Kalyan",Maharashtra,Thane,Arts; Commerce; Science,3
"K.M.C. College, Khopoli",Maharashtra,Raigad,Arts; Commerce; Science,3
"K.N. Mv., Karanja Lad",Maharashtra,Washim,,0
"K.P. Patil Institute ( Polytechnic ), Bhudargad, Dist.Kolhapur",Maharashtra,Kolhapur,Artificial Intelligence; Civil Engineering; Computer Engineering; Electrical Engineering; Mechanical Engineering,5
K.P.B. Hinduja College of Commerce,Maharashtra,Mumbai,Commerce,1
K.T.S.P Mandal Hutatma Rajguru College,Maharashtra,Pune,BSc,1
K.T.S.P Mandal Sahebraoji ButtePatil Mahavidyalay,Maharashtra,Pune,BSc,1
K.V. Pendharkar College,Maharashtra,Thane,Arts; Commerce; Management; Science,4
"K.V.N. Naik S. P. Sansth's Loknete Gopinathji Munde Institute of Engineering Education & Research, Nashik.",Maharashtra,Nashik,Civil Engineering; Computer Engineering; Electrical Engineering; Engineering/BTech; Mechanical Engineering,5
"Kai Amdar Bramhadevdada Mane Shikshan & Samajik Prathistan's Bramhadevdada Mane Institute of Technology, Solapur",Maharashtra,Solapur,Engineering/BTech,1
"Kai Sou Malatidevi Vasantrao Patil Mahila Shikshan Shastra Mahavidyalaya, Duyyam Bazar Awar, Market Yard, MIRAJ-416 410 Tal : Miraj Dist: Sangli",Maharashtra,Sangli,Education,1
"Kai Vasantraoji kale BCA, B.Sc. C.S. College Manwat Dist. Parbhani",Maharashtra,Parbhani,B.Sc; BCA,2
"Kai. Amdar Bramhadevdada Mane Shikshan Va Samajik Pratishthan,Bramhadevdada Mane Polytechnic, Belati, Noth Solapur",Maharashtra,Solapur,Civil Engineering; Computer Technology; Electrical Engineering; Electronics and Telecommunication Engg; Mechanical Engineering,5
"Kai. Ayudhiyabai Toshniwal B.C.A. College, Yeldari Camp, Jintur Dist. Parbhani",Maharashtra,Parbhani,BCA,1
"Kai. Baburao Patil Arts & Science College, Hingoli Dist. Hingoli",Maharashtra,Hingoli,Arts; Science,2
"Kai. Kishanrao Ramji Shinde College of Library & Info. Science, Jintur Road, Parbhani Dist. Parbhani",Maharashtra,Parbhani,Science,1
"Kai. Ramrao Patil Adhyapak Mahavidyalaya, Udgir Dist. Latur",Maharashtra,Hingoli,Education,1
"Kai. Rasikabai College, Devni Dist. Latur",Maharashtra,Hingoli,Arts; Commerce; Pharmacy; Science,4
"Kai. Vanjibaba Gramin Vikas Mandal, Shantidevi Chavhan Institute of Engineering & Technology, Chalisgaon",Maharashtra,Jalgaon,Civil Engineering; Computer Engineering; Electronics and Telecommunication Engg; Mechanical Engineering,4
"Kai.Shri.Y.D.Patil Arts, Commerce & Science College, Yevalus.Tal-Panhala, Dist-Kolhapur",Maharashtra,Kolhapur,Arts; Commerce; Science,3
Kaiser College of Commerce,Maharashtra,Mumbai,Commerce,1
"Kakasaheb Chavan Mahavidyalaya, TALMAVALE 415 103 Po-Saikade,Tal-Patan,Dist-Satara",Maharashtra,Satara,Arts; Commerce,2
"Kala (Urdu) Mahavidyalaya,Sangli.",Maharashtra,Sangli,Arts,1
"Kala Prabodhini's Institute of Design , C/o Bhalaji Pendharkar Sanskrutik Kendra, , 253 Kha, Nagala Park Kolhapur - 416 001",Maharashtra,Kolhapur,Arts,1
Kala Vanijya Mv. Yavatmal,Maharashtra,Yavatmal,Arts; Commerce,2
"Kala Vidyamandir Institute of Technology (Polytechnic), Malad(W), Mumbai",Maharashtra,Mumbai,Computer Engineering; Computer Technology; Electronics and Telecommunication Engg; Information Technology,4
"Kala, Vanijya V Vidnyan Mahavidyalay, Kumbhari, Tal. Jat, Dist. Sangli",Maharashtra,Sangli,Arts; Commerce; Science,3
Kalaprabodhini's Instiute of Design,Maharashtra,Kolhapur,Interior Design and Decoration,1
"Kalikadevi Arts, Commerce And Science College",Maharashtra,Beed,Arts; Commerce; Science,3
"Kalvan Education Society Arts, Commerce and Science College",Maharashtra,Nashik,BSc,1
"Kalyani Charitable Trust, Late Gambhirrao Natuba Sapkal College of Engineering, Anjaneri, Trimbakeshwar Road, Nashik",Maharashtra,Nashik,Engineering/BTech,1
"Kamala College, Rajarampuri, KOLHAPUR-416 008 (Autonomous 2022-23",Maharashtra,Kolhapur,Arts; BCA; Commerce; Home Science,4
Kamala Education Society Pratibha College Of Commerce And Computer Studies,Maharashtra,Pune,BSc; MCA,2
Kamala Education Society Pratibha Institute of Business Mangement,Maharashtra,Pune,MCA,1
"Kamaladevi College of Arts & Commerce, Vittalwadi",Maharashtra,Thane,Arts; Commerce,2
"Kamla Raheja Vidyanidhi College of Architecture, Juhu",Maharashtra,Mumbai,Architecture,1
Kandivali Education Society Law College,Maharashtra,Mumbai,Education; Law,2
Kandivli Education Societys Bhanumati Kishandas Shroff College of Arts & Maganlal Hargovinddas Shroff College of Commerce,Maharashtra,Mumbai,Arts; Commerce; Education,3
"Kankavli College, Kankavli",Maharashtra,Sindhudurg,Arts; BCA; Commerce; Science,4
"Kannada Sangh Pune Kannada Sangh Pune's, Kaveri College of Arts, Science & Commerce",Maharashtra,Pune,BSc; MCA,2
"Kanya Mahavidyalaya, Shivaji Road, Shivaji Nagar, MIRAJ Tal-Miraj, Dist-Sangli -416 410",Maharashtra,Sangli,Arts; Commerce,2
Kapol Vidyanidhi Institute of Technology,Maharashtra,Mumbai,Management; Mass Communication; Science,3
"Karanjekar College of Engineering & Management, Sakoli",Maharashtra,Bhandara,Engineering/BTech,1
"Karjat College of Arts, Science and Commerce, Karjat",Maharashtra,Raigad,Arts; Commerce; Science,3
"Karmaveer Bahurao Patil Institute of Management Studies & Research, varye, SATARA",Maharashtra,Satara,Management,1
Karmaveer Bhaurao Patil Degree College of Arts & Commerce,Maharashtra,Thane,Arts; Commerce,2
"Karmaveer Bhaurao Patil Polytechnic,Satara",Maharashtra,Satara,Civil Engineering; Computer Engineering; Electrical Engineering; Electronics and Telecommunication Engg; Information Technology; Mechanical Engineering,6
Karmaveer Kakasaheb Wagh Education Society Karmaveer Kakasaheb Wagh Institute of Engineering Education & Research,Maharashtra,Nashik,Artificial Intelligence and Data Science; Civil Engineering; Computer Engineering; Electrical Engineering; Electronics and Telecommunication Engineering; Information Technology; MBA; MCA; Mechanical Engineering,9
"Karmaveer Mamasaheb Jagdale Mahavidylaya, Washi , Dist. Osmanabad.",Maharashtra,Osmanabad,Arts; BCA; Commerce; Science,4
"Karmaveer R.S.Wagh Education & Health Institute, Kadwa Polytechnic, Rajaram Nagar, Tal-Dindori, Nashik",Maharashtra,Nashik,Computer Engineering; Electrical Engineering; Mechanical Engineering,3
"Karmaveer Shankarao Kale Education Society's Gautam Polytechnic Institute,(Kolpewadi),Kopargaon",Maharashtra,Ahmednagar,Civil Engineering; Computer Engineering; Electrical Engineering; Mechanical Engineering,4
"Karmavir Bhaurao Patil Arts, Commerce And Science College, Pusesawali, Tal. Khatav, Dist. Satara.",Maharashtra,Satara,Arts; Commerce; Science,3
Karmayogi Institute of Technology,Maharashtra,Solapur,Civil Engineering; Computer Technology; Electrical Engineering; Electronics and Telecommunication Engg; Engineering/BTech; Mechanical Engineering,6
"Karmveer Bhaurao Patil College, URUN-ISLAMPUR-415409 Tal- Walwa Dist- Sangli",Maharashtra,Sangli,Arts; Commerce; Science,3
"Karmveer Hire Arts, Science , Commerce and Education College, Ht. Murlidharnagar, Gargoti - 416 209, Tal. Bhudargad, Dist: Kolhapur",Maharashtra,Kolhapur,Arts; Commerce; Education; Science,4
Karmyogi Tulsiram Pawar Mahavidyalaya Hadolti Tq. Ahemadpur Dist. Latur,Maharashtra,Hingoli,Arts; Commerce; Science,3
"Kasarde Vikas Mandal, Mumbai Sanchalit Kasarde Commerce and Science Senior College, Kasarde",Maharashtra,Mumbai,Commerce; Science,2
"Kasegaon Education Society's Rajarambapu Institute of Technology (Polytechnic), Lohgaon Pune",Maharashtra,Pune,Artificial Intelligence; Civil Engineering; Computer Engineering; Mechanical Engineering,4
"Kasegaon Education Society’s Smt. Kusumtai Rajarambapu Patil Kanya Mahavidyalaya, (Arts, Commerce & Science,) ISLAMPUR-415 409 Tal-Walwa Dist-Sangli",Maharashtra,Sangli,Arts; Commerce; Education; Science,4
"Kasturi Shikshan Sanstha's Arts, Commerce & Science Arts Commerce and Science College",Maharashtra,Pune,BSc,1
"Kavi Kulguru Institute of Technology & Science, Ramtek",Maharashtra,Nagpur,Engineering/BTech,1
"Kawshaly Dnyanvardhani Arts,Commerce and Science college, Goregaon",Maharashtra,Hingoli,Arts; Commerce; Science,3
"Kedareshwar Gramin Vikas Pratishthan, Samajbhushan Eknathrao Dhakane College, of Engineering, Shevgaon Rakshi, Ahmedngar",Maharashtra,Ahmednagar,Civil Engineering; Computer Engineering; Electrical Engineering; Mechanical Engineering,4
"Kelkar Education Trusts, Vinayak Ganesh Vaze College of Arts, Science & Commerce",Maharashtra,Mumbai,Arts; Commerce; Education; Science,4
"Keshavraj College Of Education,Sonegaon, Place- Patoda City, Taluka - Patoda",Maharashtra,Beed,Education,1
"Keshavraj Sevabhavi Sansthas, Majalgaon. Apex I.T. College, Place- Majalgaon City, Taluka - Majalgaon",Maharashtra,Beed,B.Sc Computer Science; BCA,2
"Keystone School of Engineering, Pune",Maharashtra,Pune,Engineering/BTech,1
"Keystone School of Engineering, Shewalewadi, Pune",Maharashtra,Pune,Artificial Intelligence and Data Science; Computer Engineering; Electronics and Telecommunication; Engineering/BTech; Mechanical Engineering,5
"Khadki Shikshan Sanstha Tikaram Jagannath Arts, Commerce & Science College",Maharashtra,Pune,BSc; MCA,2
"Khairul Islam Higher Education Societys Maharashtra College of Arts, Science & Commerce",Maharashtra,Mumbai,Arts; Commerce; Education; Science,4
"Khalapur Taluka Shikshan Prasarak Mandal's, B.L. Patil Polytechnic, Khopoli, Dist.Raigad",Maharashtra,Raigad,Artificial Intelligence; Civil Engineering; Computer Engineering; Electrical Engineering; Electronics and Telecommunication Engg; Mechanical Engineering,6
Khan Abdul Gaffar Khan Arts College Parthri Dist. Parbhani,Maharashtra,Parbhani,Arts,1
"Khandesh College Education Society's College Of Engineering And Management, Jalgaon",Maharashtra,Jalgaon,Computer Engineering; Electrical Engineering; Electronics and Computer Engineering; Engineering/BTech; Mechanical Engineering,5
Khar Education Societys Degree College of Commerce & Economics,Maharashtra,Mumbai,Commerce; Education,2
"Kholeshwar Arts,Commerce & Science College Ambajogai",Maharashtra,Beed,Arts; Commerce; Science,3
"Kiran Bahuuddeshiya Shikshan Sanstha's R R Polytechnic, Hasegaon (K), Tal. Kalamb, Dist Osmanabad",Maharashtra,Osmanabad,Civil Engineering; Mechanical Engineering,2
"Kisan Shikshan Prasarak Mandal Borgaon ( Kale) Tq.& Dist. Latur, Matoshri Kesharbai Kale Adhyapak Mahavidyalaya, Latur",Maharashtra,Hingoli,Education,1
"Kisan Veer Mahavidyalaya, WAI-412 803 Tal-Wai, Dist-Satara",Maharashtra,Satara,Arts; BCA; Commerce; Science,4
Kishinchand Chellaram College,Maharashtra,Mumbai,Arts; Commerce; Information Technology; Management; Mass Communication; Science,6
Kishor R. Patil College of Arts & Science,Maharashtra,Thane,Arts; Science,2
KJ's Educational Institute Trinity Academy of Engineering,Maharashtra,Pune,MCA,1
"KJEI's Trinity Academy of Engineering, Yewalewadi, Pune",Maharashtra,Pune,Engineering/BTech,1
"Kohinoor Arts,Commerce & Science College Khultabad Aurangabad",Maharashtra,Aurangabad,Arts; Commerce; Science,3
Kohinoor Business School,Maharashtra,Mumbai,Management,1
Kokanes Kohinoor Technikal Trusts Kohinoor College of Hotel & Tourism Management Studies,Maharashtra,Ratnagiri,Management,1
"Kolhapur Institute of Technology's College of Engineering (KITCoE), Kolhapur",Maharashtra,Kolhapur,Artificial Intelligence and Machine Learning; Biotechnology; Civil Engineering; Computer Science and Engineering; Electrical Engineering; Electronics and Telecommunication; Engineering/BTech; Environmental Engineering; Mechanical Engineering,9
Kolhapur Institute of Technology's College of Engineering GOKUL-SHIRGAON -416 234 Tal: Karveer Dist: Kolhapur (Autonomous from 2017-18),Maharashtra,Kolhapur,Engineering,1
"Kolhapur Institute of Technology's College of Engineering(Autonomous), Kolhapur",Maharashtra,Kolhapur,Engineering/BTech,1
"Kolhapur Institute of Technology's Institute of Management &Research, GOKUL-SHIRGAON, Kolhapur",Maharashtra,Kolhapur,Management,1
Konark Ideal College of Science & Commerce,Maharashtra,Thane,Commerce; Science,2
"Konkan Gyanpeeth College of Engineering, Karjat",Maharashtra,Raigad,Engineering/BTech,1
"Konkan Gyanpeeth, Rahul Dharkar College of Pharmacy, Karjat",Maharashtra,Raigad,Pharmacy,1
"KONKAN GYANPEETH,URAN COLLEGE OF COMMERCE AND ARTS",Maharashtra,Raigad,Arts; Commerce,2
Konkan Gyanpeeths Engineering (Karjat,Maharashtra,Raigad,Engineering,1
Konkan Muslim Education Societys College of Education,Maharashtra,Thane,Education,1
"Kopargaon Taluka Education Society K. J. Somaiya College of Arts, Commerce and Science",Maharashtra,Ahmednagar,BSc; MCA,2
"Koti Vidya Charitable Trust's Smt. Alamuri Ratnamala Institute of Engineering and Technology, Sapgaon, Tal. Shahapur",Maharashtra,Thane,Artificial Intelligence; Civil Engineering; Electronics and Telecommunication Engg; Engineering/BTech; Mechanical Engineering; Mechatronics,6
"Krantiagrani G.D.BapuLad Arts College, KUNDAL-416 309 Tal- , Dist-Sangli",Maharashtra,Sangli,Arts,1
"Krantisinh Nana Patil Mahavidyalaya, WALAWE-416 313 Tal- Walwa ,Dist-Sangli",Maharashtra,Sangli,Arts; Commerce; Science,3
"Krishna College of Commerce & Science, At /Post – Wathar, Tal. Karad, Dist. Satara",Maharashtra,Satara,Commerce; Science,2
"Krishna Foundation Sanchalit Jayawant Institute of Management, Vathar, Tal-Karad, Dist-Satara.",Maharashtra,Satara,Management,1
"Krishna Foundation Sanchalit Krishna Institute of Computer Application and Management, Vathar, Tal-Karad, Dist-Satara",Maharashtra,Satara,Computer Applications; Management,2
"Krishna Mahavidyalaya, RETHARE BK-415108 Po-Shivanagar, Tal-Karad, Dist- Satara",Maharashtra,Satara,Arts; Commerce; Science,3
"Krishnai Adhyapak Mahavidyalaya, Murud Dist. Latur",Maharashtra,Hingoli,Education,1
"Krushi Jivan Vikas Pratishthan, Ballarpur Institute of Technology, Mouza Bamni",Maharashtra,Chandrapur,Civil Engineering; Computer Engineering; Electrical Engineering; Electronics and Telecommunication Engg; Engineering/BTech; Food Technology; Mechanical Engineering; Mining Engineering,8
"Krushibhusan Dr. Tanajirao Chorage Education And Research Institute Undertaking Dr. Tanajirao Chorage Arts, commerce And Science Senior College, Nandwal, Jaital Phata, Tal. Karvir, Dist. Kolhapur",Maharashtra,Kolhapur,Arts; Commerce; Education; Science,4
"Krushiratan Sharadchandraji Pawar Arts, Commerce & Science College, Jawlabazar Tq.Aundha Nagnath Dist. Hingoli",Maharashtra,Hingoli,Arts; Commerce; Science,3
"Krushna Sahayogi Tantra Shikshan Sanstha, Chatrapati Shivaji Institute Of Technology, Deori, Gondia",Maharashtra,Gondia,Civil Engineering; Computer Engineering; Electronics Engineering,3
"Krushnaji Purushottam Chousalkar Yogeshwari Polytechnic, Ambajogai Beed",Maharashtra,Beed,Automobile Engineering; Civil Engineering; Computer Engineering; Mechanical Engineering,4
"KSGBS's Bharat- Ratna Indira Gandhi College of Engineering, Kegaon, Solapur",Maharashtra,Solapur,Electrical Engineering; Engineering/BTech; Mechanical Engineering,3
"Kumar Shikshan Sansthas, Swami Vivekanand College Of Computer Science, Place- Garkheda Parisar, Taluka - Aurangabad City",Maharashtra,Aurangabad,Computer Science; Science,2
"Kumbhi Kasari Shikshan Prasarak Mandal’s D. C. Narake Senior College, Karanjfen, Tal. Shahuwadi, Dist. Kolhapur",Maharashtra,Kolhapur,Arts; Commerce; Science,3
"Kumbhi Kasari Shikshan Prasarak Mandal’s D. C. Narake Senior College, Kuditre-Koparde, Tal. Karvir, Dist. Kolhapur",Maharashtra,Kolhapur,Arts; Commerce; Science,3
"Kunabi Shikshan Prasarak Sanstha T.B. Kadam College Of Arts, Science & Commerce, Khed",Maharashtra,Pune,Arts; Commerce; Science,3
"L.S. Raheja School of Architecture, Bandra",Maharashtra,Mumbai,Architecture,1
Ladhidevi Ramdhar Maheshwari Night College of Commerce,Maharashtra,Mumbai,Commerce,1
Lagrace Education Society IMRIT,Maharashtra,Nashik,MBA (IT),1
"Lal Bahadur Shastri Arts, Commerce & Science College, Ashti, Tq-Partur, Place- Partur, Taluka -",Maharashtra,Jalna,Arts; Commerce; Science,3
"Lal Bahadur Shastri Arts, Commerce & Science College, Partur",Maharashtra,Jalna,Arts; Commerce; Science,3
"Lal Bahadur Shastri College of Arts, Science and Commerce, 17, Malhar Peth, SATARA-415 002",Maharashtra,Satara,Arts; Commerce; Science,3
Lala Lajpat Rai College of Commerce & Economics,Maharashtra,Mumbai,Commerce,1
Lala Lajpat Rai College of Law,Maharashtra,Mumbai,Law,1
Lala Lajpat Rai Institute of Management,Maharashtra,Mumbai,Management,1
"Lalit Kala Mahavdiyalaya, Parbhani Dist. Parbhani",Maharashtra,Parbhani,Arts,1
"Late Ahilyabai Kakade Bahuuddeshiya Shikshan Prasarak Mandal, Sai Polytechnic,Kinhi(J),Yavatmal",Maharashtra,Yavatmal,Artificial Intelligence; Civil Engineering; Computer Technology; Electrical Engineering; Mechanical Engineering,5
"Late Annasaheb Deshmukh Art'S, Science & Commerce, College",Maharashtra,Jalna,Commerce; Science,2
"Late B.S. Arts, Prof. N.G.Sci & A.G. Comm College Sakharkherda",Maharashtra,Buldhana,Arts,1
"Late Bapuji Hariji Baing College, Lanja",Maharashtra,Ratnagiri,Management (BMS),1
"Late Bhagwanrao Kedar College Of Education Warni, Place- Shirur Kasaar City,Taluka - Shirur Kasar",Maharashtra,Pune,Education,1
"Late Bhausaheb Hiray S. S. Trusts, Institute of Computer Application",Maharashtra,Mumbai,Computer Applications,1
"Late Bhausaheb Hiray Smarnika Samiti Trust Sanchalit Polytechnic, Malegaon, Nashik",Maharashtra,Nashik,Civil Engineering; Computer Technology; Electrical Engineering; Electronics and Telecommunication Engg; Mechanical Engineering,5
"Late Chaganlal M. Kadhi Arts Mv., Achalpur Camp",Maharashtra,Amravati,Arts,1
Late Dattatraya Pusadkar Arts College Nandgaon Peth,Maharashtra,Amravati,Arts,1
Late Dr. Shankarrao Satav Arts & Commerce College Kalamnuri Dist. Hingoli -431702,Maharashtra,Hingoli,Arts; Commerce,2
"Late Khatija College of Education, Kausa",Maharashtra,Thane,Education,1
"Late Khatija College of Education, Wada",Maharashtra,Palghar,Education,1
"Late M.D. Yergude Memorial Shikshan Prasarak Mandal's Shri Sai Polytechnic, Chandrapur",Maharashtra,Chandrapur,Civil Engineering; Computer Engineering; Electrical Engineering; Electronics and Telecommunication Engg; Mechanical Engineering; Medical Laboratory Technology,6
"Late N.A. Deshmukh Arts & Comm College, Chandur Bz",Maharashtra,Amravati,Arts,1
"Late Nanasaheb Kunte Educational Complex Smt. Indirabai G. Kulkarni Arts College, J. B. Sawant Science College and Sau. Janakibai Dhondo Kunte Commerce College (J.S.M. College), Alibag",Maharashtra,Raigad,Arts; Commerce; Science,3
Late Narayan Meghaji Lokhande Maharashtra Insitute of Labour Studies (Government of Maharashtra,Maharashtra,Mumbai,Human Resource Management; Labour Studies,2
"Late Narayandas Bhavandas Chabada Institute of Engineering & Technology, Sv.No. 259, RAIGAON-415 020 Tal. Javali, Dist. Satara",Maharashtra,Satara,Engineering,1
"Late Narayandas Bhawandas Chhabada Institute of Engineering & Technology, Satara",Maharashtra,Satara,Engineering/BTech,1
"Late Nitin Arts & Science Mahavidyalaya, Pathri Dist. Parbhani",Maharashtra,Parbhani,Arts; Science,2
"Late Parvatibai Mahadeorao Dhuri Arts College, Late Mahaedeorao Narayanrao Dhuri Commerce College and College of Computer Science, Mangaon",Maharashtra,Raigad,Arts; Commerce; Computer Science; Science,4
"Late Rajiv Gandhi College, Sonpeth Dist. Parbhani",Maharashtra,Parbhani,,0
"Late Ramchandra Dada Dhas Senior College, Place- Deulgaon (Ghat), Taluka - Ashti",Maharashtra,Beed,Arts; Science,2
"Late Ramesh Warpudkar Arts Commerce & Science College, Sonpeth Tq.Sonpeth Dist. Parbhani",Maharashtra,Parbhani,Arts; Commerce; Science,3
"Late Sau S.R. Abhang Memorial College of Arts & Commerce, Ulhasnagar",Maharashtra,Thane,Arts; Commerce,2
"Late Shri Laxmaji Motghare Chritable Trust's Dr. Arun Motghare Polytechnic, Kosara-Konda, Bhandara",Maharashtra,Bhandara,Civil Engineering; Computer Technology; Electrical Engineering; Mechanical Engineering,4
"Late Shri M.Mundada .Arts & Comm., Mv., Chandur Rly.",Maharashtra,Amravati,Arts,1
Late Shri. Balibhadra Singh Shikshan Sansthan SIR. J.P. B.Ed College of Education & Research,Maharashtra,Palghar,Education,1
"Late Shri. Vishnu Waman Thakur Charitable Trust, Viva Institute of Technology, Shirgaon",Maharashtra,Palghar,Artificial Intelligence; Civil Engineering; Computer Engineering; Electronics and Telecommunication Engg; Engineering/BTech; Mechanical Engineering,6
"Late Shri. Vishnu Waman Thakur Charitable Trusts, Bhaskar Waman Thakur College of Science, Yashvant Keshav Patil College of Commerce, Vidhya Dayanand Patil College of Arts",Maharashtra,Palghar,Arts; Commerce; Science,3
"Late Sow. Kamlatai Jamkar Mahila Mahavidalaya, Jintur Road, Parbhani Dist. Parbhani",Maharashtra,Parbhani,Arts,1
"Late Sow. Sheshabai Sitaram Munde Arts College, Gangakhed Dist. Parbhani",Maharashtra,Parbhani,Arts,1
"LATE UDHAVRAO TULSHIRAM JADHAVAR FOUNDATION Principal Dr.Sudhakarrao Jadhavar Arts, Commerce and Science College",Maharashtra,Pune,BSc; MCA,2
Late Venkatrao Deshmukh Mahavidyalaya Babhalgaon Tq. Dist. Latur,Maharashtra,Hingoli,Arts; Commerce; Science,3
"Late Vilas Bhosle College, Jalkot Dist. Latur",Maharashtra,Hingoli,,0
"Late. Adv. Shrinivasraoji Dagaduraoji Deshmukh College Of Computer Science And Management, Bhokardan, Place- Bhokardan, Taluka - Bhokardan",Maharashtra,Jalna,Computer Science; Management; Science,3
"Late. Laxmibai Deshmukh Mahila Arts, Science And Commerce College, Place- Parali Vaijnath City, Taluka - Parli Vaijanath",Maharashtra,Beed,Arts; Commerce; Science,3
"Late. Maharudra (Bapaa) Mote College Of Education Giravali, Place- Bhoom,Taluka - Bhoom",Maharashtra,Osmanabad,Education,1
"Late. Pandharinath Patil Institute Of Management Studies, Place- Aurangabad City (Municipal Corp. Area) , Taluka - Aurangabad City",Maharashtra,Aurangabad,Management,1
"Late. Ramchandra Dhas College Of Computer Science, Place- Ashti City,Taluka - Ashti",Maharashtra,Beed,Computer Science; Science,2
Late. Santukrao Khomne College Jalna,Maharashtra,Jalna,BBA; BCA,2
"Late. Vasantraoji Kale College Of Law, Place- Aurangabad City (Municipal Corp. Area) , Taluka - Aurangabad City",Maharashtra,Aurangabad,Law,1
"Late. Wamanrao Pitambare Management Science College, Place- Aurangabad City (Municipal Corp. Area) , Taluka - Aurangabad City",Maharashtra,Aurangabad,Management; Science,2
"Late.Ramrao Nikam B.Ed. College, Indoli, Tal-Karad, Dist-Satara.",Maharashtra,Satara,Education,1
"Latthe Education Society's Polytechnic, Sangli",Maharashtra,Sangli,Civil Engineering; Computer Engineering; Electrical Engineering; Electronics and Telecommunication Engg; Mechanical Engineering,5
"Latur College of Pharmacy (D.Pharmacy),Latur",Maharashtra,Hingoli,Pharmacy,1
"Latur College of Pharmacy, Hasegaon Tq.Udgir Dist. Latur",Maharashtra,Hingoli,Pharmacy,1
"Law College , Osmanabad",Maharashtra,Osmanabad,Law,1
"Law College, Vita, Tal. Khanapur, Dist. Sangli",Maharashtra,Sangli,Law,1
Laxman Devram Sonawane College,Maharashtra,Thane,Arts; Commerce; Information Technology; Management; Mass Communication; Science,6
"Laxmanrao Mankar College Of Polytechnic, Amgaon, Gondia",Maharashtra,Gondia,Civil Engineering; Electrical Engineering; Mechanical Engineering,3
Laxmi Charitable Trust Shri Chinai College of Commerce & Economics,Maharashtra,Mumbai,Commerce,1
Laxmi Ratan Shah B.Ed. College,Maharashtra,Palghar,Education,1
"Laxminarayan Institute of Technology, Nagpur",Maharashtra,Nagpur,Engineering/BTech,1
"Leela Education Society, G. V. Acharya Polytechnic,Shelu, Karjat",Maharashtra,Raigad,Civil Engineering; Computer Engineering; Electronics and Telecommunication Engg; Information Technology; Mechanical Engineering,5
"Leela Education Society, G.V. Acharya Institute of Engineering and Technology, Shelu, Karjat",Maharashtra,Raigad,Engineering/BTech,1
"Limra College of B.C.A., Gangakhed Road, Parbhani",Maharashtra,Parbhani,BCA,1
Lions Club of Silvassa Charitable Trusts Smt. Devkiba Mohansinhji Chauhan College of Commerce & Science,Maharashtra,Pune,Commerce; Science,2
Lions Club of Silvassa Charitable Trusts Smt. Devkiba Mohansinhji Chauhan College of Law,Maharashtra,Pune,Law,1
"Lokmanya Tilak Arts Science And Commerce College, Place- Vadavani",Maharashtra,Beed,Arts; Commerce; Science,3
"Lokmanya Tilak Arts, Commerce And Science College, Sevli, Place- Shivli, Taluka - Jalna (Rural Area",Maharashtra,Jalna,Arts; Commerce; Science,3
Lokmanya Tilak College of Engineering,Maharashtra,Thane,Engineering,1
"Lokmanya Tilak College of Engineering, Kopar Khairane, Navi Mumbai",Maharashtra,Thane,Engineering/BTech,1
Lokmanya Tilak Institute of Architecture & Design Studies,Maharashtra,Thane,Architecture,1
"Lokmanya Tilak Jankalyan Shikshan Sanstha, Priyadarshani College of Engineering, Nagpur",Maharashtra,Nagpur,Engineering/BTech,1
"Lokmanya Tilak Jankalyan Shikshan Sastha, Priyadarshini J. L. College Of Engineering, Nagpur",Maharashtra,Nagpur,Engineering/BTech,1
"Lokmanya Tilak Mv., Wani",Maharashtra,Yavatmal,Arts; Commerce; Science,3
Lokmanya Trusts Deshbhakt Shankarrao Gavankar College of Commerce,Maharashtra,Sindhudurg,Commerce,1
"Loknayak Bapuji Mahila Mv., Yavatmal",Maharashtra,Yavatmal,Arts; Commerce,2
"Loknete Hanumantrao Charitable Trust's Adarsh Institute of Technology and Research Centre, Vita,Sangli",Maharashtra,Sangli,Artificial Intelligence; Civil Engineering; Computer Technology; Electrical Engineering; Electronics and Telecommunication Engg; Engineering/BTech; Mechanical Engineering,7
"Loknete Shamraoji Peje College of Arts, Science & Commerce",Maharashtra,Ratnagiri,Arts; Commerce; Science,3
"Lokrajya Jansanvad & Vrattapatravidhya Mahavidyala, Parbhani Dist. Parbhani",Maharashtra,Parbhani,Mass Communication and Journalism,1
Lokseva Arts And Science College,Maharashtra,Aurangabad,Arts; Science,2
Lords Universal College,Maharashtra,Mumbai,Banking and Insurance; Commerce; Computer Science; Information Technology; Management; Mass Media; Microbiology,7
"Lt. Shashikant Gawade College of B.Ed., Pedhambe Tal. Chiplun Mandar Education College of B.Ed.",Maharashtra,Ratnagiri,Education,1
M E Society Institute of Management and career courses,Maharashtra,Pune,MBA (IT); MCA,2
"M. G. M College Of Fine Art, Place- Aurangabad CitMunicipal Corp. Area)Taluka - Aurangabad City",Maharashtra,Aurangabad,Fine Arts,1
M. G. M. College Of Journalism & Mass Communicatio,Maharashtra,Aurangabad,Journalism; Mass Communication,2
"M. G. M. Institute Of Bio- Science And Technology, Place- Aurangabad City (Municipal Corp. Area) , Taluka - Aurangabad City",Maharashtra,Aurangabad,Science,1
"M. H. Saboo Siddik Polytechnic & College of Engineering, Byculla, Mumbai",Maharashtra,Mumbai,Artificial Intelligence (AI) and Machine Learning; Automobile Engineering; Civil Engineering; Computer Engineering; Electrical Engineering; Electronics and Telecommunication Engg; Engineering/BTech; Information Technology; Mechanical Engineering,9
"M. H. Saboo Siddik Polytechnic, Mumbai",Maharashtra,Mumbai,Artificial Intelligence; Civil Engineering; Computer Engineering; Electrical Engineering; Electronics and Telecommunication Engg; Information Technology; Mechanical Engineering,7
"M. S. P. Mandal'S Deogiri College, Aurangabad",Maharashtra,Aurangabad,Arts; Biotechnology; Commerce; Engineering; Information Technology; Management; Science,7
"M. S. P. Mandals, Jai Prakash Narayan College Of Education, Place- Aurangabad City (Municipal Corp. Area) , Taluka - Aurangabad City",Maharashtra,Aurangabad,Education,1
"M. S.. P. Mandals, Arts,Commerce And Science College, Kille Dharur",Maharashtra,Beed,Arts; Commerce; Science,3
"M.A.E.E.R. Pune's Maharashtra Institute of Pharmaceutical Sciences, Latur, Dist. Latur",Maharashtra,Hingoli,Pharmacy,1
"M.B. More Foundations Arts, Commerce & Science Women College",Maharashtra,Raigad,Arts; Commerce; Science,3
"M.D. Yergude Memorial Shikshan Prasarak Mandal's Shri Sai College of Engineering & Technology, Bhadrawati",Maharashtra,Chandrapur,Computer Engineering; Electrical Engineering; Engineering/BTech; Mechanical Engineering,4
M.E.S. Pillai Institute of Management Studies & Research,Maharashtra,Raigad,Management,1
M.E.T. Institute of Computer Science,Maharashtra,Mumbai,Computer Science; Science,2
M.E.T. Institute of Management,Maharashtra,Mumbai,Management,1
"M.G.M's College of Computer Science & I.T., Parbhani Dist. Parbhani",Maharashtra,Parbhani,Computer Science; Science,2
M.G.M. Institute of Management Studies & Research,Maharashtra,Mumbai,Management,1
"M.G.M.'s College of Engineering and Technology, Kamothe, Navi Mumbai",Maharashtra,Thane,Engineering/BTech,1
"M.H. Saboo Siddik Engineering College, BycullaM.H. Saboo Siddik",Maharashtra,Mumbai,Engineering,1
"M.H. Shinde Arts and Commerce College, TISANGI-416 206 Tal- Gaganbavada, Dist- Kolhapur",Maharashtra,Kolhapur,Arts; Commerce,2
"M.I.P. Arts & Computer College, JawalbazarTq.Aundha Nagnath Dist. Hingoli",Maharashtra,Hingoli,Arts,1
"M.I.P. Computer College, Aundha Nagnath Dist. Hingoli",Maharashtra,Hingoli,Computer Applications; Computer Science,2
"M.I.T. College of Commerce & Management Studies Vishwanathpuram, Latur Dist. Latur",Maharashtra,Hingoli,Commerce; Management,2
"M.I.T. Jansanwad College, Vishnathpuram, Ambajogai Road, Latur Dist. Latur",Maharashtra,Hingoli,BCA; Journalism and Mass Communication; M.Sc,3
M.J. Fule Social Work Mv Yavatmal,Maharashtra,Yavatmal,Social Work,1
M.K.E.S. COLLEGE OF LAW,Maharashtra,Mumbai,Law,1
"M.P.G.V.S.'s Mahatma Phule B.C.A. College, karegaon Road, Parbhani Dist. Parbhani",Maharashtra,Parbhani,BCA,1
"M.S. Bidve Engineering College, Latur",Maharashtra,Latur,Civil Engineering; Computer Science and Engineering; Electrical Engineering; Electronics and Telecommunication Engg; Engineering/BTech; Information Technology; Mechanical Engineering,7
"M.S. COLLEGE OF ARTS, COMMERCE, SCIENCE, B.M.S.,B.Sc.(IT), B.Sc.(CS)",Maharashtra,,Arts; B.Sc; Commerce; Science,4
M.S. College of Law,Maharashtra,Thane,Law,1
"M.S. COLLEGE OF LAW, WADA",Maharashtra,Palghar,Law,1
"M.S.P. Arts, Commerce & K.P.T. Science College, Manora",Maharashtra,Washim,Arts; Commerce; Science,3
M.S.W. ( Akhil sir Socialwork ) College Parbhani Dist. Parbhani,Maharashtra,Parbhani,Social Work,1
"Madhavarao Patil A.C.S. Mahavidyalaya, Palam Tq. Palam Dist. Parbhani",Maharashtra,Parbhani,Arts; Commerce; Science,3
Madhyavarti Hindu Sainik Shikshan Mandal Bhonsala Military College,Maharashtra,Nashik,BSc; MCA,2
"MAEER's MIT College of Railway Engineering and Research, Jamgaon, Barshi",Maharashtra,Solapur,Engineering/BTech,1
Magic Computer Academy,Maharashtra,Aurangabad,B.Sc Computer Science; BCA; Management,3
"Mahadevrao B.Ed. College,Turkewadi, Tal-Chandgad, Dist-Kolhapur",Maharashtra,Kolhapur,Education,1
"Mahadevrao Wandre Institute of Technology, Turkewadi",Maharashtra,Kolhapur,Civil Engineering; Computer Engineering; Mechanical Engineering,3
"Mahananda B. Ed. College, Osmanabad",Maharashtra,Osmanabad,Education,1
"Mahapoli Educational and Charitable Trusts Hajra Mohammad Husain Bhure College of Arts, Science and Commerce",Maharashtra,Thane,Arts; Commerce; Science,3
"Maharaja Sayajirao Gaikwad Art,S Science & Commerce College Bazar Sawngi Tq. Khultabad",Maharashtra,Aurangabad,Commerce; Science,2
"Maharashtra Academy Of Engineering And Educational Research MAEER's Arts Commerce and Science College, Pune",Maharashtra,Pune,BSc,1
"Maharashtra Academy Of Engineering And Educational Research MIT Arts,Commerce And Science College",Maharashtra,Pune,BSc; MCA,2
"Maharashtra College of Engineering, Nilanga Dist. Latur- 413517",Maharashtra,Hingoli,Engineering,1
Maharashtra College of I.T. Ahemadpur Dist. Latur,Maharashtra,Hingoli,Information Technology,1
"Maharashtra College of Pharmacy, Nilanga Dist. Latur",Maharashtra,Hingoli,Pharmacy,1
"Maharashtra Cosmopolitan Education Societys M.C.E.S. College of Education & Research, Mumbra",Maharashtra,Thane,Education,1
Maharashtra Education Society Abasaheb Garware Mahavidyalay,Maharashtra,Pune,BSc; MCA,2
"Maharashtra Institute of Polytechnic, Betala, Bramhapuri,Chandrapur",Maharashtra,Chandrapur,Civil Engineering; Electrical Engineering; Mechanical Engineering,3
"Maharashtra Institute of Printing Technology(Aided), Pune",Maharashtra,Pune,Printing Technology,1
Maharashtra Institute Of Technology,Maharashtra,Aurangabad,Civil Engineering; Computer Science Engineering; Information Science Engineering; MBA; Mechanical Engineering,5
"Maharashtra Lalit Kala Mahavidyalaya, Latur Dist. Latur",Maharashtra,Hingoli,Arts,1
"Maharashtra Mahavidyalaya, Nilanga Tq. Nilanga Dist. Latur-413521",Maharashtra,Hingoli,Arts; BBA; BCA; Commerce; Science,5
"Maharashtra Shikshan Prasarak Mandals,Sommaya Diploma In Engineering, Wadgaon Dist Chandrapur",Maharashtra,Chandrapur,Civil Engineering; Computer Science and Engineering; Electrical Engineering; Electronics and Telecommunication Engg; Mechanical Engineering; Medical Laboratory Technology; Mining and Mine Surveying,7
"Maharashtra Shikshan Vikas Mandal's Loknete Gopalraoji Gulwe, Polytehnic,Vilholi,Nashik",Maharashtra,Nashik,Artificial Intelligence; Civil Engineering; Computer Engineering; Electrical Engineering; Mechanical Engineering,5
"Maharashtra State Institute of Hotel Management & Catering Technology,Pune",Maharashtra,Pune,Travel and Tourism,1
"Maharashtra Udayagiri Engineering College, Somnathpur Villege, Udgir Dist. Latur",Maharashtra,Hingoli,Engineering,1
"Maharashtra Udaygiri Mahavdiyalaya, Udgir Tq. Udgir Dist. Latur-413517",Maharashtra,Hingoli,Agriculture; Arts; BCA; Commerce; Management; Science,6
Maharashtriya Shikshan Sanstha Sanchalit Parag B.Ed. College,Maharashtra,Ratnagiri,Education,1
MAHARIA CHARITABLE TRUST Sahyadri Valley College of engineering & technology,Maharashtra,Pune,BSc,1
"Maharshi Dayanand College of Arts, Science & Commerce",Maharashtra,Mumbai,Arts; Commerce; Science,3
"Maharshi Karve Stree Shikshan Sanstha's Shri Sidhvinayak Mahila Mahavidyalaya Karvenagar, Pune",Maharashtra,Pune,BSc,1
Maharshtra Jain Sanskrutik Mandal Institute of Management Social Sciences and Research,Maharashtra,Pune,MBA (IT),1
"Mahatama Gandhi Mission Trusts College Of Dramatics, Place- Aurangabad City (Municipal Corp. Area) , Taluka - Aurangabad City",Maharashtra,Aurangabad,Dramatics / Performing Arts,1
"Mahatma Basaveshwar Education Society's T.B.Girwalkar Polytechnic, Ambejogai, Dist.Beed",Maharashtra,Beed,Civil Engineering; Computer Engineering; Electrical Engineering; Electronics and Computer Engineering; Mechanical Engineering,5
"Mahatma Basaveswar Education Society'S College Of Engineering, Ambajogai",Maharashtra,Beed,Education; Engineering,2
"Mahatma Basaweshwar Education Society's College of Engineering, Ambejogai",Maharashtra,Beed,Engineering/BTech,1
"Mahatma Basweshwar Mahavidyalaya, Latur Dist. Latur-413512",Maharashtra,Hingoli,Arts; BCA; Commerce; Science; Social Work,5
"Mahatma Education B.Ped., Vidyadhiraja College of Physical Education & Research",Maharashtra,Raigad,Education; Physical Education,2
"Mahatma Education Society's Pillai College of Engineering, New Panvel",Maharashtra,Raigad,Engineering/BTech,1
"Mahatma Education Society's Pillai HOC College of Engineering & Technology, Tal. Khalapur. Dist. Raigad",Maharashtra,Raigad,Civil Engineering; Computer Engineering; Engineering/BTech; Mechanical Engineering,4
"Mahatma Education Society, Pillai HOC College of Architecture",Maharashtra,Raigad,Architecture; Education,2
"Mahatma Education Society, Pillai HOC College of Education and Research, Rasayani",Maharashtra,Raigad,Education,1
"Mahatma Education Societys Pillai College of architechture, New Panvel",Maharashtra,Raigad,Education,1
"Mahatma Fule Arts, Commerce & Sitaramji Choudhari Science Mv., Warud",Maharashtra,Amravati,Arts; Commerce; Science,3
Mahatma Gandhi College Of Education,Maharashtra,Aurangabad,Education,1
Mahatma Gandhi Mahavidyalaya,Maharashtra,Hingoli,Arts; BCA; Commerce; Science,4
"Mahatma Gandhi Missions College of Engineering, Hingoli Rd, Nanded.",Maharashtra,Nanded,Engineering/BTech,1
Mahatma Gandhi Missions Law College,Maharashtra,Thane,Law,1
Mahatma Gandhi Sarvodaya Sangh Mahatma Gandhi Sarvodaya Sangh Sanchalit Padmshri Manibhai Desai Mahavidyalaya,Maharashtra,Pune,BSc,1
Mahatma Gandhi Vidyamandir Arts Commerce & Science college Malegaon City,Maharashtra,Nashik,BSc,1
"Mahatma Gandhi Vidyamandir Arts,Science and Commerce College Manmad.",Maharashtra,Nashik,BSc,1
"Mahatma Gandhi Vidyamandir Maharaja Sayajirao Gaikwad Arts, Science and Commerce College",Maharashtra,Nashik,BSc; MCA,2
"Mahatma Gandhi Vidyamandir Mahatma Gandhi Vidya Mandir's, Karmaveer Bhausaheb Hiray Arts, Science & Commerce College Nimgaon, Tal.Malegaon, Dist-Nashik",Maharashtra,Nashik,BSc,1
Mahatma Gandhi Vidyamandir Panchvati College of Management and Computer Science,Maharashtra,Nashik,BSc; MCA,2
Mahatma Gandhi Vidyamandir Samajshree Prashantdada Hiray Arts Science &Commerce College,Maharashtra,Nashik,BSc,1
"Mahatma Jyotiba Fule Mv., Amravati",Maharashtra,Amravati,Arts; BCA; Commerce; Information Technology; MCA; Management,6
"Mahatma Jyotiba Fule Mv., Bhatkuli",Maharashtra,Amravati,Arts; Commerce; Science,3
"Mahatma Jyotiba Phule College Of Computer Science And Information Technology,Chousala, Place- Chausala , Taluka - Beed",Maharashtra,Beed,Computer Science; Information Technology; Science,3
"Mahatma Jyotiba Phule College Of Social Work, Jalna",Maharashtra,Jalna,Social Work,1
"Mahatma Night Degree, College of Arts & Commerce",Maharashtra,Mumbai,Arts; Commerce,2
"Mahatma Phule Adhyapak Mahavidyalaya, Jalkot Dist. Latur",Maharashtra,Hingoli,Education,1
"Mahatma Phule B.C.A. College, Opp. MSEB office, Parbhani Dist. Parbhani",Maharashtra,Parbhani,BCA,1
"Mahatma Phule BCA Colllege Vishal Nagar, Latur Dist. Latur",Maharashtra,Hingoli,BCA,1
Mahatma Phule college of Computer Science & I.T. Manwat Dist. Parbhani,Maharashtra,Parbhani,Computer Science; Science,2
Mahatma Phule College Of Education (B. Ed-M. Ed),Maharashtra,Aurangabad,Education,1
"Mahatma Phule College of I.T., Jalkot Dist. Latur",Maharashtra,Hingoli,Arts; BCA; Science,3
"Mahatma Phule College, Kingaon Tq. Ahemadpur Dist. Latur",Maharashtra,Hingoli,Arts,1
"Mahatma Phule Education Society College of Arts, Science, Commerce & Management",Maharashtra,Mumbai,Arts; Commerce; Education; Management; Science,5
"Mahatma Phule Education Societys Night College of Arts, Commerce & Management - BMS",Maharashtra,Mumbai,Arts; Commerce; Education; Management,4
"Mahatma Phule Education Trusts Manohar Joshi College of Arts, Science & Commerce",Maharashtra,Mumbai,Arts; Commerce; Education; Science,4
Mahatma Phule M.Ed. Mahavidyalaya Jalkot. Dist Latur,Maharashtra,Hingoli,Education,1
"Mahatma Phule Mahavidyalaya, Ahemadpur Dist. Latur-413515",Maharashtra,Hingoli,Arts,1
"Mahatma Phule Samajik & Shaikshanik Vikas Mandal, Samrat Ashok Polytechnic,Dhule Road, Chalisgaon ,Dist Jalgaon",Maharashtra,Jalgaon,Mechanical Engineering,1
Mahatma Phule Vastigruh M.P. College of Cyber and Digital Science,Maharashtra,Pune,BSc,1
MAHATMA PHULE VIDYA PRATISHTAN SHANTABAI SHIVRAM PAWAR COLLEGE,Maharashtra,Pune,BSc,1
"Mahavir Education Trust's Shah & Anchor Kutchhi Engineering College, Mumbai",Maharashtra,Mumbai,Engineering/BTech,1
"Mahavir Mahavidyalaya, 7/E, Bhausingji Road, KOLHAPUR-416 003 (Autonomous From 2020-21)",Maharashtra,Kolhapur,Arts; Commerce; Education; Hospitality and Travel; Mass Communication and Media; Science,6
"Mahavir Polytechnic, Nashik",Maharashtra,Nashik,Artificial Intelligence; Civil Engineering; Computer Engineering; Electrical Engineering; Information Technology; Mechanical Engineering,6
"Mahdushali Arts, Science And Commerce College, Salgara Duty, Place-Tuljapur City, Taluka",Maharashtra,Osmanabad,Arts; Commerce; Science,3
Mahendra Laxman Mhatre Degree College,Maharashtra,Thane,Arts; Commerce,2
"Mahendra Pratap Sharada Prasad Singh College of Arts, Commerce & Science",Maharashtra,Mumbai,Arts; Commerce; Science,3
"Mahila Art'S College, Harsul, Aurangabad",Maharashtra,Aurangabad,Arts,1
"Mahila Arts, Comm College Chandur Rly",Maharashtra,Amravati,Arts,1
"Mahila Mahavidyalaya (Arts, Commerce & Science) Kavathe Mahankal, Dist. Sangli",Maharashtra,Sangli,Arts; Commerce; Science,3
"Mahila Mahavidyalaya,Mangalwar Peth, KARAD-415 124 Tal:Karad, Dist-Satara",Maharashtra,Satara,Arts; BCA; Commerce,3
"Mahila Mv., Jog Chouk, Amravati",Maharashtra,Amravati,Arts; Commerce; Education; Performing Arts; Science,5
"Mahila Shikshan Shastra Mahavidyalaya, TASGAON-416 312 Dist:Sangli",Maharashtra,Sangli,Education,1
"Mahila Shikshanshastra Mahavidyalaya, Market Yard, Yuth Bank, Kolhapur",Maharashtra,Kolhapur,Education,1
"Mahyco Research Foundation Trust'S Badrinarayan Barwale Mahavidyalay, Jalna",Maharashtra,Jalna,Arts; BCA; Commerce; Science,4
"Maitraya Education Society, Nagarjuna Institute of Engineering Technology & Management, Nagpur",Maharashtra,Nagpur,Engineering/BTech,1
Maitree Institute of Management & Tech. Bhatangali Tq. Dist. Latur,Maharashtra,Hingoli,Management,1
"Major Anandrao Ghatage Arts, commerce College, A/P Mouje Senapati Kapshi, Tal. Kagal, Dist. Kolhapur",Maharashtra,Kolhapur,Arts; Commerce,2
"Manalis Institute of Hotel Management And Catering Technology, Kasegaon, Tal. Walwa, Dist. Sangli",Maharashtra,Sangli,Hotel Management; Management,2
"Manav School of Engineering & Technology, Gut No. 1035 Nagpur Surat Highway, NH No. 6 Tal.Vyala, Balapur, Akola, 444302",Maharashtra,Akola,Engineering/BTech,1
"Manav School of Polytechnic, Vyala, Tal.Balapur, Akola",Maharashtra,Akola,Civil Engineering; Computer Engineering; Electrical Engineering; Mechanical Engineering,4
"Manavendra Kendre Adhyapak Mahavidyalaya, Jalkot Dist. Latur",Maharashtra,Hingoli,Education,1
"Manavlok Social Work College, Place- Ambajogai City, Taluka - Ambajogai",Maharashtra,Beed,Social Work,1
Mandar Education Society Rajaram Shinde College of Engineering,Maharashtra,Ratnagiri,Education; Engineering,2
"Mandar Education Society's Rajaram Shinde Institute of Engineering and Technology, Pedhambe",Maharashtra,Ratnagiri,Civil Engineering; Computer Engineering; Electrical Engineering; Mechanical Engineering,4
"Mandar Education Society, Smt. Shailaja Shinde Arts, Commerce & Science College",Maharashtra,Ratnagiri,Arts; Commerce; Education; Science,4
"Mangaon Shikshan Prasarak Mandals D G Tatkare Mahavidyalay Arts, Science & Commerce",Maharashtra,Raigad,Arts; Commerce; Science,3
Mangaon Taluka Education Societys Doshi Vakil Arts & Goregaon Co-Operative Urban Bank Science & Commerce College,Maharashtra,Mumbai,Arts; Commerce; Education; Science,4
"Manikrao (Dada) Kadam - Patil College Of Computer Science, Place- Tuljapur City, Taluka - Tuljapur",Maharashtra,Osmanabad,Computer Science; Science,2
"Manjara Charitable Trust's Rajiv Gandhi Institute of Technology, Mumbai",Maharashtra,Mumbai,Engineering/BTech,1
Manjara Charitable Trusts College of Education & Research,Maharashtra,Mumbai,Education,1
"Manjara Mahavidyalaya, Kanhari Lamantanda, Latur-413512",Maharashtra,Hingoli,Arts,1
"Manjra Charitable Trusts College of Law, Vashi",Maharashtra,Thane,Law,1
"Manjunath College of Commerce & Junior College of Commerce , Thakurli",Maharashtra,Thane,Commerce,1
"Maratha Shikshan Sanstha's P.D.Patil Institute of Polytechnic, Talegaon, Asthi, Wardha",Maharashtra,Wardha,Civil Engineering; Computer Science and Engineering; Electrical Engineering; Mechanical Engineering,4
"Maratha Shikshan Sansthas, Institute Of Management Studies And Information Technology, Place- Aurangabad City (Municipal Corp. Area) , Taluka - Auran",Maharashtra,Aurangabad,Information Technology; Management,2
"Maratha Vidya Prasarak Samaj (MVPS / NDMVPS) Institutions, Nashik",Maharashtra,Nashik,Artificial Intelligence (AI) and Machine Learning; Computer Technology; Electrical Engineering; Electronics and Telecommunication Engg; Engineering/BTech; Information Technology; MBA (IT); MCA; Mechanical Engineering,9
"Maratha Vidya Prasarak Samaj Arts ,Commerce and Science College Nandgaon",Maharashtra,Nashik,BSc,1
"Maratha Vidya Prasarak Samaj C.M.C.S. College, Nashik",Maharashtra,Nashik,BSc; MCA,2
Maratha Vidya Prasarak Samaj GMD Arts BW Commerce and Science College,Maharashtra,Nashik,BSc,1
"Maratha Vidya Prasarak Samaj Institute Of Management,Research And Technology",Maharashtra,Nashik,MBA (IT); PG Diploma,2
"Maratha Vidya Prasarak Samaj K.G.D.M. Arts Comm. Science, College Niphad Dist Nashik",Maharashtra,Nashik,BSc,1
"Maratha Vidya Prasarak Samaj K.K. Wagh Arts, Science and Commerce College, Pimpalgaon (B.)",Maharashtra,Nashik,Arts; BSc; Commerce; MCA; Science,5
"Maratha Vidya Prasarak Samaj K.P.G. Arts, Commerce & Science College, Igatpuri",Maharashtra,Nashik,BSc,1
"Maratha Vidya Prasarak Samaj Karmaveer Adv Baburao Ganpatrao Thakare,College of Engineering",Maharashtra,Nashik,MCA,1
"Maratha Vidya Prasarak Samaj Karmaveer Shantarmbapu Kondaji Wavare Arts,Science and Commerce College",Maharashtra,Nashik,BSc; MCA,2
Maratha Vidya Prasarak Samaj Karmveer Abasaheb alias N.M. Sonwane Arts Commerce and Science College,Maharashtra,Nashik,BSc; MCA,2
Maratha Vidya Prasarak Samaj KRT Arts BH Commerce and AM Science College (KTHM) Nashik,Maharashtra,Nashik,BSc; MCA,2
Maratha Vidya Prasarak Samaj S.V.K.T. College,Maharashtra,Nashik,BSc,1
"Maratha Vidya Prasarak Samaj's Arts, Commerce & Science College",Maharashtra,Nashik,BSc,1
"Maratha Vidya Prasarak Samaj's Arts, Commerce & Science College, Vadner Bhairav",Maharashtra,Nashik,BSc,1
"Maratha Vidya Prasarak Samaj's Karmaveer Adv. Baburao Ganpatrao Thakare College Of Engineering, Nashik",Maharashtra,Nashik,Engineering/BTech,1
Marathwada College Of Education,Maharashtra,Aurangabad,Education,1
Marathwada Institute Of Career Education Management Studies And Resource,Maharashtra,Aurangabad,Education; Management,2
Marathwada Institute Of Management & Research. Aurangabad,Maharashtra,Aurangabad,Management,1
"Marathwada Institute of Studies & Research, Iqbal Nagar, Parbhani Dist. Parbhani",Maharashtra,Parbhani,,0
"Marathwada Institute Of Technology, Aurangabad",Maharashtra,Aurangabad,Agriculture and Farm Engineering; Artificial Intelligence and Machine Learning; Civil Engineering; Computer Science Engineering; Electrical Engineering,5
"Marathwada Institute Of Technology, Cidco, Aurangabad",Maharashtra,Aurangabad,Artificial Intelligence and Machine Learning; BCA; Civil Engineering; Computer Engineering; Electrical Engineering; Electronics and Computer Engineering; MCA; Mechanical Engineering,8
"Marathwada kala varishta Mahavidyalaya, Dharani Road, Nalegaon Tq. Chakur Dist. Latur",Maharashtra,Hingoli,Arts,1
Marathwada Mitra Mandal Marathwada Mitra Mandal's College of Commerce,Maharashtra,Pune,BSc,1
"Marathwada Mitra Mandal's College of Architecture, Pune",Maharashtra,Pune,Architecture; Interior Design,2
"Marathwada Mitra Mandal's College of Engineering, Karvenagar, Pune",Maharashtra,Pune,Engineering/BTech,1
"Marathwada Mitra Mandal's Institute of Technology, Lohgaon, Pune",Maharashtra,Pune,Engineering/BTech,1
"Marathwada Mitra Mandal's Institutions (MMCOE, MMIT, Architecture), Pune",Maharashtra,Pune,Architecture; Artificial Intelligence (AI) and Machine Learning; Automation and Robotics; Automobile Engineering; Computer Engineering; Electrical Engineering; Engineering/BTech; Interior Design; MCA; Mechanical Engineering; Mechatronics,11
"Marathwada Mitra Mandal's Polytechnic, Pune",Maharashtra,Pune,Artificial Intelligence; Automation and Robotics; Automobile Engineering; Computer Engineering; Electrical Engineering; Mechanical Engineering; Mechatronics,7
"Marathwada Shikshan Prasarak Mandal's Shri Shivaji Institute of Engineering and Management Studies, Parbhani",Maharashtra,Parbhani,Engineering/BTech,1
"Marathwada Shikshan Prasarak Mandal, Yeshwantrao Chavan Institute Of Polytechnic, Beed",Maharashtra,Beed,Civil Engineering; Computer Technology; Electrical Engineering; Electronics and Telecommunication Engg; Mechanical Engineering,5
Master Deenanath Mangeshkar Mahavidyalaya,Maharashtra,Hingoli,Arts; BCA; Commerce; M.Sc Software Engineering,4
"Mata Mahakali Bahuuddeshiya Shikshan Prasarak Mandal's Mata Mahakali Polytechnic College, Warora",Maharashtra,Chandrapur,Civil Engineering; Computer Technology; Electrical Engineering; Electronics and Telecommunication Engg; Mechanical Engineering,5
"Mata Vaishno Devi Foundations Mata Vaishnodevi College of Arts, Commerce and Science",Maharashtra,Sindhudurg,Arts; Commerce; Science,3
"Matoshree Sumati C. Tipnis College of Arts & Commerce, Karjat",Maharashtra,Raigad,Arts; Commerce,2
Matoshree Velbai D.Hariya College of Arts Science and Commerce,Maharashtra,Thane,Arts; Commerce; Science,3
"Matoshri College of Engineering and Research Centre, Eklahare, Nashik",Maharashtra,Nashik,Engineering/BTech,1
"Matoshri Education Soceity, Matoshri Asarabai Polytechnic,Nashik",Maharashtra,Nashik,Automobile Engineering; Civil Engineering; Computer Engineering; Electrical Engineering; Electronics and Telecommunication Engg; Information Technology; Mechanical Engineering,7
"Matoshri Education Soceity, Matoshri Institute Of Technology, Dhanore, Nashik",Maharashtra,Nashik,Civil Engineering; Computer Engineering; Electrical Engineering; Mechanical Engineering; Mechatronics,5
Matoshri Education Society Matoshri College of Science,Maharashtra,Nashik,BSc,1
"Matoshri Education Society, Yeola Matoshri Arts, Science & Computer Science College",Maharashtra,Nashik,BSc,1
"Matoshri Pratishan's Group of Institutions (Integrated Campus), Kupsarwadi , Nanded",Maharashtra,Nanded,Engineering/BTech,1
"Matoshri Pratishthan, Vishwabharati Polytechnic Institute, Vishnupuri, Nanded.",Maharashtra,Nanded,Civil Engineering; Computer Engineering; Electrical Engineering; Electronics and Telecommunication Engg; Information Technology; Mechanical Engineering,6
Matoshri Shikshan Sanstha Matoshri Engineering College and Research Center,Maharashtra,Nashik,MCA,1
Matoshri Ushatai Jadhav Institute of Management Studies & Research Centre,Maharashtra,Thane,Management,1
"Matrubhoomi Mahavidyalaya, Cpt.Krushnkant Cohk,Udgir Dist. Latur",Maharashtra,Hingoli,BCA; Education; Science,3
Matruchhaya Degree College of Commerce,Maharashtra,Mumbai,Commerce,1
"Matsyadari Shikshan Sansthas College of Commerce, Sanpada. (OLD Name) Bombay Bunts College of Higher Education",Maharashtra,Thane,Commerce; Education,2
"Matsyodari Arts, Commerce & Science College, Ambad, Place- Ambad, Taluka -Ambad",Maharashtra,Jalna,Arts; Commerce; Science,3
"Matsyodari Shikshan Sansatha's College of Engineering and Technology, Jalna",Maharashtra,Jalna,Civil Engineering; Computer Science and Engineering; Electrical Engineering; Engineering/BTech; Mechanical Engineering,5
"Matsyodari Shikshan Sansthas, Arts And Science College, Kumbhar Pimpalgaon, Place- Khumbar Pimpalgaon,Taluka - Ghansavangi",Maharashtra,Jalna,Arts; Science,2
"Matsyodari Shikshan Sansthas, Arts And Science College, Ranjani, Place-Ranjani, Taluka - Ghansavangi",Maharashtra,Jalna,Arts; Science,2
"Matsyodari Shikshan Sansthas, College Of Arts, Tirthpuri, Place- Ghansavangi, Taluka -",Maharashtra,Jalna,Arts,1
"Matsyodari Shikshan Sansthas, College Of Education, Place- Jalna City(Municipal Corp. Area), Taluka - Jalna Cit",Maharashtra,Jalna,Education,1
"Matsyodari Shikshan Sansthas, College Of Engineering And Technology, Place- Jalna City (Municipal Corp. Area)",Maharashtra,Jalna,Engineering,1
"Matsyodari Shikshan Sansthas, College Of Law, Place- Jalna City (Municipal Corp. Area), Taluka - Jalna",Maharashtra,Jalna,Law,1
"Matushri Kanbai Lalbai & Motibai Lohana Kanyashala & Balikagruth, B.L. Amlani College of Commerce & Economics, M.R. Nathwani College of Arts",Maharashtra,Mumbai,Arts; Commerce,2
"Maulana Abdul Kalam Azad College of Computer, Bori Tq.Dist. Latur",Maharashtra,Hingoli,Computer Applications; Computer Science,2
"Maulana Azad College Of Arts, Science & Commerce, Place- Aurangabad City (Municipal Corp. Area) , Taluka - Aurangabad City",Maharashtra,Aurangabad,Arts; Commerce; Science,3
"Maulana Mukhtar Ahmad Nadvi Technical Campus, Malegaon.",Maharashtra,Nashik,Civil Engineering; Computer Engineering; Electronics and Computer Engineering; Engineering/BTech; Mechanical Engineering; Textile Manufactures,6
"Mauli College Of Library & Information Science , Reogaon Road, Place- Jalna City (Municipal Corp. Area), Taluka - Jalna City",Maharashtra,Jalna,Science,1
"Mauli College of Pharmacy (B.Pharm.) At. Post Tondar, Tq. Udgir Dist. Latur",Maharashtra,Hingoli,Pharmacy,1
"Mauli Group of Institute of Engg. & Tech., College Shegaon",Maharashtra,Buldhana,Civil Engineering; Computer Science Engineering; Electronics and Power Engineering; Electronics and Telecommunication Engineering; Information Technology; Mechanical Engineering,6
"Mauli Group of Institutions, College of Engineering and Technology, Shegaon.",Maharashtra,Buldhana,Engineering/BTech,1
"Mauli Institute of Technology (Polytechnic), Amalner, Dist. Jalgaon",Maharashtra,Jalgaon,Civil Engineering; Computer Engineering; Electrical Engineering; Mechanical Engineering,4
"Mauli Shikhan Prasarak Mandal's Lal Bahadur Shastri Polytechnic, Udgir Dist Latur",Maharashtra,Latur,Civil Engineering; Electrical Engineering; Mechanical Engineering,3
"Mauli Vidyapeeth Kaij Sanchalit, Sairam Arts, Science And Commerce College, Yusuf, Place- Kej City, Taluka - Kej",Maharashtra,Beed,Arts; Commerce; Science,3
"Mauli Vidyapeeths, Mahila Kala Mahavidyalaya, Beed, Place- Beed City, Taluka -Beed",Maharashtra,Beed,Arts,1
"MCE Society Abeda Inamdar Senior College Of Arts,Science and Commerce",Maharashtra,Pune,BSc; MCA,2
MCE Society Allana Institute of Management Sciences Pune,Maharashtra,Pune,MCA,1
"MCT's Rajiv Gandhi Institute of Technology, Mumbai",Maharashtra,Mumbai,Artificial Intelligence and Data Science; Computer Engineering; Electronics and Telecommunication Engineering; Information Technology; Mechanical Engineering,5
"MDA Education and Research Institute, Kolpa",Maharashtra,Hingoli,Education,1
"MDA Institute of Higher Education Sciences and Research, Kolpa, Dist. Latur",Maharashtra,Hingoli,Education,1
"MET Bhujbal Knowledge City (MET League of Colleges), Adgaon, Nashik",Maharashtra,Nashik,Architecture; Civil Engineering; Computer Engineering; Electrical Engineering; Engineering/BTech; Information Technology; Interior Design; MBA (IT); MCA; Mechanical Engineering,10
"MET Bhujbal Knowledge City MET League's Engineering College, Adgaon, Nashik.",Maharashtra,Nashik,Engineering/BTech,1
"MET's Institute of Technology Polytechnic, Bhujbal Knowledge City, Adgaon Nashik",Maharashtra,Nashik,Civil Engineering; Computer Engineering; Electrical Engineering; Engineering/BTech; Information Technology; Mechanical Engineering,6
"MET's School of Architecture & Interior Design, Govardhan, Nashik",Maharashtra,Nashik,Architecture,1
"Metropolitan Institute of Technology & Management, Sukhalwad, Sindhudurg.",Maharashtra,Sindhudurg,Civil Engineering; Engineering/BTech; Mechanical Engineering,3
METs Mumbai Education Institute Of Pharmacy,Maharashtra,Mumbai,Education; Pharmacy,2
"Mgm Institute Of Fashion Designing, Place- Aurangabad City (Municipal Corp. Area) , Taluka - Aurangabad City",Maharashtra,Aurangabad,Fashion Design; Textile Design,2
MGM Institute Of Management,Maharashtra,Aurangabad,Management,1
"Mgm'S Dr. G. Y. Pathrikar College Of Computer Science And Information Technology, Aurangabad",Maharashtra,Aurangabad,Computer Science; Information Technology; Science,3
"MGM'S Jawaharlal Nehru Engineering College, Aurangabad",Maharashtra,Aurangabad,Engineering,1
"Mgts Mandal's Sharadchandrika Suresh Patil Institute Of Technology(Polytechnic), Chopda",Maharashtra,Jalgaon,Civil Engineering; Computer Engineering; Electrical Engineering; Mechanical Engineering,4
"Mhaishal Mahavidyalaya, Mhaishal, Tal. – Miraj, Dist- Sangli",Maharashtra,Sangli,Arts; Commerce,2
MHALSAKANT SHAIKSHNIK VA SAMAJIK SANSTHA CHANDANPURI APPASAHEB BUVAJI RAMBHAU PATIL SENIOR COLLEGE,Maharashtra,Nashik,BSc,1
"Milind College Of Arts,Aurangabad",Maharashtra,Aurangabad,Arts,1
"Milind College Of Science, Place- Aurangabad City (Municipal Corp. Area) , Taluka - Aurangabad City",Maharashtra,Aurangabad,Science,1
Millennium Institute Of Management,Maharashtra,Aurangabad,Management,1
"Milliya Arts Science And Managment Science College, Place- Beed City",Maharashtra,Beed,Arts; Science,2
"Miraj Mahavidyalaya, 705/1 Budhagaonkar Mala, Near Govt. Milk Dairy, MIRAJ-416 410, Tal- Miraj ,Dist-Sangli",Maharashtra,Sangli,Arts; BCA; Commerce; Performing Arts; Science,5
"MIT Academy of Engineering,Alandi, Pune",Maharashtra,Pune,Engineering/BTech,1
"MKD Institute of Technology, Nadurbar",Maharashtra,Nandurbar,Artificial Intelligence; Civil Engineering; Computer Engineering; Electrical Engineering; Mechanical Engineering,5
"MKSSS's Cummins College of Engineering for Women, Karvenagar,Pune",Maharashtra,Pune,Engineering/BTech,1
"MKSSS's Cummins College of Engineering for Women, Pune / Nagpur",Maharashtra,Pune,Computer Engineering; Electronics and Telecommunication; Engineering/BTech; Information Technology; Instrumentation and Control; Mechanical Engineering,6
"Model College (Arts, Commerce And Science), Place- Ghansavangi, Taluka - Ghansavangi",Maharashtra,Jalna,Arts; Commerce; Science,3
"Model College, Dombivli",Maharashtra,Thane,Arts; Commerce; Information Technology; Management; Microbiology; Science,6
"Model College, Kalyan (E)",Maharashtra,Thane,Commerce; Information Technology; Science,3
"Modern College of Education,B.P.Road, Shastri Nagar, Near Housai Kanya School,MALKAPUR – KARAD.Tal- Karad, Dist- Satara",Maharashtra,Satara,Education,1
Modern Education Society Nowrosjee Wadia College,Maharashtra,Pune,BSc; MCA,2
"Modern Education Society's Wadia College of Engineering, Pune",Maharashtra,Pune,Artificial Intelligence and Data Science; Civil Engineering; Computer Engineering; Electrical Engineering; Electronics and Telecommunication; Engineering/BTech; Mechanical Engineering,7
"Modern Education Societys, New Law College",Maharashtra,Mumbai,Education; Law,2
"Mohanrao Patangrao Patil Mahavidyalaya, BORGAON-415 413 Tal : Walwa ,Dist: Sangli",Maharashtra,Sangli,Arts; Commerce; Science,3
Mohinder Singh Kabal Singh Degree College of Arts & Commerce,Maharashtra,Thane,Arts; Commerce,2
Mohini Murari Mayekar Arts & Commerce College,Maharashtra,Ratnagiri,Arts; Commerce,2
"Mokashi Krishi Vikas Prasisthan's Dadasaheb Mokashi Polytechnic, Sadashivgad, Satara",Maharashtra,Satara,Civil Engineering; Computer Engineering,2
"Moreshwar Arts,Commerce & Science College, Bhokardan, Place- Bhokardan City, Taluka - Bhokardan",Maharashtra,Jalna,Arts; Commerce; Science,3
"Mother Kanchan Institute Of Business Management And Computer Application, Place- Osmanabad, Taluka - Osmanabad",Maharashtra,Osmanabad,Computer Applications; Management,2
"MPSS Anandibai Raorane Arts & Commerce College, Vaibhavwadi",Maharashtra,Sindhudurg,Arts; Commerce,2
"MSG-SGKM College of Arts, Science & Commerce",Maharashtra,Mumbai,Arts; Commerce; Science,3
"Msp Mandal'S Sunderrao Solanke Mahavidyalaya Gadhi Road, Place- Majalgaon City, Taluka -",Maharashtra,Beed,Arts; BCA; Commerce; Science,4
"MSP Mandal'S Yeshwantrao Chavan Arts, Commerce & Science College, Place- Ambajogai City, Taluka",Maharashtra,Beed,Arts; Commerce; Science,3
"MSP Mandals Arts, Science And Commerce College, Lohara, Place- Lohara,Taluka - Lohara",Maharashtra,Osmanabad,Arts; Commerce; Science,3
MSS College Of Physical Education,Maharashtra,Jalna,Education; Physical Education,2
"Mudhoji College, PHALTAN-415 523 Tal-Phaltan, Dist-Satara",Maharashtra,Satara,Arts; BCA; Commerce; MCA; Science,5
Mula Education Society Arts Commerce and Science College,Maharashtra,Ahmednagar,BSc,1
Mula Education Society Shri Dnyaneshwar College,Maharashtra,Ahmednagar,BSc; MCA,2
Mumbai Educational Trust Bhujbal Academy of Science and Commerce,Maharashtra,Nashik,BSc,1
Mumbai Educational Trust Institute of Engineering,Maharashtra,Nashik,MCA,1
Mumbai Educational Trust MET Institute of Management,Maharashtra,Nashik,MCA,1
"Mumbai Pradesh Arya Vidya Sabhas Gurukul College of Commerce, Ghatkopar",Maharashtra,Mumbai,Commerce,1
"Mumbra College of Arts & Commerce (Night), Mumbra",Maharashtra,Thane,Arts; Commerce,2
"Mungsaji Maharaj Mv., Darwha",Maharashtra,Yavatmal,Arts; Commerce; Science,3
MVMs College of Commerce and Science,Maharashtra,Mumbai,Commerce; Science,2
"N. B. Navale Sinhgad College of Engineering, Kegaon, solapur",Maharashtra,Solapur,Engineering/BTech,1
N.B. Mehta (Valwada) Science College,Maharashtra,Palghar,Science,1
"N.D. Kasar Institute of Engineering & Technology, Walki",Maharashtra,Ahmednagar,Artificial Intelligence; Computer Engineering; Computer Science; Electronics and Telecommunication Engg; Information Technology,5
N.G. Acharya & D.K. Marathe College of Arts Science & Commerce,Maharashtra,Mumbai,Arts; Commerce; Science,3
"N.K. Varadkar Arts & R.V. Belose Commerce College, Dapoli",Maharashtra,Ratnagiri,Arts; Commerce,2
N.L. Dalmia Institute of Management Studies and Research,Maharashtra,Mumbai,Management,1
"N.M.Azad Education Soc'sCollege of Education, Parbhani Dist. Parbhani",Maharashtra,Parbhani,Education,1
"N.T.S. B.Ed. College of Education, Parbhani Dist. Parbhani",Maharashtra,Parbhani,Education,1
"N.Wadhwani Mv., Yavatmal",Maharashtra,Yavatmal,Arts,1
"N.Y.S.S.'s Datta Meghe College of Engineering, Airoli, Navi Mumbai",Maharashtra,Thane,Engineering/BTech,1
"Nagaon Education Society's Gangamai College of Engineering, Nagaon, Tal Dist Dhule",Maharashtra,Dhule,Engineering/BTech,1
"Nagaon Education Society's Gangamai Polytechnic, Nagaon, Dhule",Maharashtra,Dhule,Civil Engineering; Computer Engineering; Electrical Engineering; Electronics and Telecommunication Engg; Mechanical Engineering,5
NAGAR YUVAK SHIKSHAN SANSTHA NEW HORIZON COLLEGE OF COMMERCE,Maharashtra,Mumbai,Commerce,1
"Nagar Yuvak Shikshan Sanstha, New Horizon Institute of Management Studies",Maharashtra,Mumbai,Management,1
"Nagindas Khandwala College of Commerce, Arts & Management Studies & Shantaben Nagindas Khandwala College of Science",Maharashtra,Mumbai,Arts; Commerce; Management; Science,4
"Nagnath Arts, Commerce & Science College",Maharashtra,Hingoli,Arts; Commerce; Science,3
Nagnathappa Halge College Of Engineering,Maharashtra,Beed,Engineering,1
"Nagnathappa Halge Engineering College, Parli, Beed",Maharashtra,Beed,Civil Engineering; Electrical Engineering; Engineering/BTech; Mechanical Engineering,4
Nagrik Shikshan S. College of Education,Maharashtra,Mumbai,Education,1
Nagrik Shikshan Sansthas College of Commerce & Economics,Maharashtra,Mumbai,Commerce,1
"Nagsen College Of Arts,Aurangabad",Maharashtra,Aurangabad,Arts,1
Nalanda Arts Commerce And Science College,Maharashtra,Aurangabad,Arts; Commerce; Science,3
"Nalanda College Of Computer Science, Place- Ashti City, Taluka - Ashti",Maharashtra,Beed,Computer Science; Science,2
"Nalanda Educational Foundation, Dr. Babasaheb Ambedkar College of Arts, Science & Commerce (Degree",Maharashtra,Mumbai,Arts; Commerce; Science,3
Nalanda Management &Computer Science College,Maharashtra,Jalgaon,Computer Science; Management; Science,3
"Nalanda Nrityakala Mahavidyalaya, Vile Parle",Maharashtra,Mumbai,Performing Arts (Dance),1
"Namdevrao Suryawanshi (Bedake) Mahavidyalaya, PHALTAN – 415 523 Tal – Phaltan, Dist-Satara",Maharashtra,Satara,Arts; Commerce; Science,3
"Namita Education & Welfare Society Siddharth B.Ed. College (English Medium), N.S. Knowledge Centre",Maharashtra,Thane,Education,1
"Nanasaheb Ghatge Arts & Science College, Dethna Tq. Dist. Parbhani",Maharashtra,Parbhani,Arts; Science,2
"Nanasaheb Mahadik College of Engineering & Polytechnic Institute, Walwa, Sangli",Maharashtra,Sangli,Civil Engineering; Computer Engineering; Electrical Engineering; Electronics and Telecommunication Engg; Engineering/BTech; Mechanical Engineering,6
"Nanasaheb Mahadik College of Engineering,Walwa, Sangli.",Maharashtra,Sangli,Engineering/BTech,1
"Narayandas Sarwottamdas Soti Law College, Rajnemi Campus, Woodhouse Road, SANGLI-416 416",Maharashtra,Sangli,Law,1
"Narayanrao Rana Mv., Badnera",Maharashtra,Amravati,Arts; Commerce,2
"Narayanrao Waghmare Mahavidyalaya, Akhada Balpur Tq. Kalamnuri Dist. Hingoli",Maharashtra,Hingoli,Arts; Commerce; Science,3
"Nari GurSahani Law College, Ulhasnagar",Maharashtra,Thane,Law,1
Nashik Gramin Shikshan Prasarak Mandal Brahma Valley Institute of Management,Maharashtra,Nashik,MBA (IT); PG Diploma,2
"Nashik Gramin Shikshan Prasarak Mandals Brahma Valley Polytechnic, Nashik",Maharashtra,Nashik,Civil Engineering; Computer Technology; Electrical Engineering; Electronics and Computer Engineering; Mechanical Engineering,5
"Nashik Institute of Technology, Late Annasaheb Patil Polytechnic , Dindori Road Cannol road ,MERI ,Nashik",Maharashtra,Nashik,Automobile Engineering; Civil Engineering; Computer Engineering; Electrical Engineering; Electronics and Telecommunication Engg; Mechanical Engineering,6
"Nashik Shikshan Prasarak Mandal, Nashik Nashik Shikshan Prasarak Mandal's Computer Science & Administration College, Nashik",Maharashtra,Nashik,BSc,1
"Nath Nangebaba Malti Purpose Mandal's, Polytechnic, Parola, Dist-Jalgaon",Maharashtra,Jalgaon,Civil Engineering; Computer Engineering; Electrical Engineering; Mechanical Engineering,4
"National Arts & Science College, Ambhai, Place- Sillod City, Taluka - Sillod",Maharashtra,Aurangabad,Arts; Science,2
"National Arts & Science College, Fardapur, Place- Fardapur, Taluka - Soygaon",Maharashtra,Aurangabad,Arts; Science,2
"National Arts & Science College, Place- Jalna City (Municipal Corp. Area),Taluka - Jalna City",Maharashtra,Jalna,Arts; Science,2
"National Arts,Commerce And Science College Bhara",Maharashtra,Aurangabad,Arts; Commerce; Science,3
"National Chemical Laboratory, Pune",Maharashtra,Pune,Biological Sciences; Chemical Sciences; Engineering Sciences; Physical Sciences,4
National Institute for the Mentally Handicapped,Maharashtra,Mumbai,Rehabilitation Psychology; Special Education; Vocational Training,3
National Institute Of Electronics & Information Technology,Maharashtra,Aurangabad,Information Technology,1
"National Institute of Electronics & Information Technology(NIELIT), Aurangabad.",Maharashtra,Aurangabad,Electronics Production & Maintenance,1
"National Institute of Oceanography, Council of Scientific & Industrial Research, Dona-Powala, Goa",Goa,North Goa,Oceanography,1
Nav Balodyan Trusts Kohinoor College of Hotel & Tourisum Management Studies,Maharashtra,Mumbai,Management,1
"Nav Maharashtra Shikshan Mandal’s Narsingrao Gurunath Patil Mahavidyalay, Tudiye, Tal. Chandgad, Dist. Kolhapur",Maharashtra,Kolhapur,Arts; Commerce; Science,3
Nava Samaj Mandal Degree College,Maharashtra,Mumbai,Commerce; Management (BMS/BBM); Mass Communication,3
Navgan Shikashan Sanstha Rajuris Arts Science College Telgaon,Maharashtra,Beed,Arts; Science,2
"Navgan Shikshan Sanstha Rajuri'S, Arts & Sci. College, Chousala, Tq. & Dist. Beed",Maharashtra,Beed,Arts,1
"Navgan Shikshan Sanstha Rajuris, Arts And Commerce College, Place- Parali Vaijnath City, Taluka - Parli Vaijanath",Maharashtra,Beed,Arts; Commerce,2
"Navgan Shikshan Sansthas, College Of Physical Education, Place- Beed City,Taluka - Beed",Maharashtra,Beed,Education; Physical Education,2
Navinchandra Mehta Institute of Technology & Management,Maharashtra,Mumbai,Management,1
"Navjeevan Education & Research, Malegaon",Maharashtra,Nashik,Education,1
"Navjeevan Education Society's Polytechnic, Mumbai",Maharashtra,Mumbai,Computer Engineering; Electrical Engineering; Electronics and Telecommunication Engg; Information Technology; Mechanical Engineering,5
Navkokan Education Society's Institute of Management Studies,Maharashtra,Ratnagiri,Education; Management,2
Navmaharashtra Shikshan Mandal Abasaheb Kakade Art's College,Maharashtra,Ahmednagar,BSc,1
"Navneet Bahuuddeshya Sanstha, Kinkar Institute Of Technology,Seloo,Dist.Wardha",Maharashtra,Wardha,Civil Engineering; Computer Engineering; Electrical Engineering; Mechanical Engineering,4
"Navneet Education Society, Science Night College",Maharashtra,Mumbai,Education; Science,2
"Navnirman Shikshan Sanstha S. P. Hegshetye Arts, Commerce and Science College",Maharashtra,Ratnagiri,Arts; Commerce; Science,3
"Navnirman Shikshan Sansthas College of Arts, Commerce & Science",Maharashtra,Ratnagiri,Arts; Commerce; Science,3
"Navnirman Shikshan Sansthas Laxmibai Sitaram Halbe Arts, Science and Commerce College, Dondamarg",Maharashtra,Sindhudurg,Arts; Commerce; Science,3
Navsahyadri Education Society Navsahyadri Senior College Pune,Maharashtra,Pune,BSc,1
Navsahyadri Education Society's Group of Institutions,Maharashtra,Pune,Civil Engineering; Computer Engineering; Electrical Engineering; Engineering/BTech; Information Technology; Mechanical Engineering,6
"Navyug Vidhyapeeth Trust College College of Hotel & Tourism Management, Mahad",Maharashtra,Raigad,Management,1
"NBN Sinhgad Technical Institutes Campus, Pune",Maharashtra,Pune,Engineering/BTech,1
"NDMVPS Samaj's Rajarshee Shahu Maharaj Polytechnic, Nashik",Maharashtra,Nashik,Artificial Intelligence; Computer Technology; Electrical Engineering; Electronics and Telecommunication Engg; Information Technology; Mechanical Engineering,6
Nehru Arts & Comm Mv. Nerparsopant,Maharashtra,Yavatmal,Arts,1
"Neitizens College of Computer Science & Professional Studies, Latur Dist. Latur",Maharashtra,Hingoli,Computer Science; Science,2
"Nemgonda Dada Patil Night College of Arts & Commerce, SANGLI-416 416",Maharashtra,Sangli,Arts; Commerce,2
"Netaji Subhashchandra Bose Adhyapak Mahavidyalaya, Kingaon Tq.Ahemadpur Dist. Latur",Maharashtra,Hingoli,Education,1
"Netaji Subhashchandra Bose Edu Trust,Netaji Polytechnic.,Dhule",Maharashtra,Dhule,Civil Engineering; Computer Engineering; Electrical Engineering; Electronics and Telecommunication Engg; Mechanical Engineering,5
"Netizan College Of Computer Science And It, Dic Road, Osmanabad",Maharashtra,Osmanabad,Computer Science; Science,2
"New Education Society Arts, Commerce and Science College, Lanja",Maharashtra,Ratnagiri,Arts; Commerce; Education; Science,4
"New Horizon Institute of Technology & Management, Thane",Maharashtra,Thane,Engineering/BTech,1
"New Institute of Technology, Kolhapur",Maharashtra,Kolhapur,Artificial Intelligence; Automobile Engineering; Civil Engineering; Electrical Engineering; Electronics and Computer Engineering; Mechanical Engineering,6
"New Kohinoor Arts,Commerce & Science College Chowka Tq. Dist Aurangabad",Maharashtra,Aurangabad,Arts; Commerce; Science,3
"New Satara Shikshan Sankul,New Satara College of Engineering & Management, Pandharpur",Maharashtra,Solapur,Civil Engineering; Computer Engineering; Electronics and Telecommunication Engg; Information Technology; Mechanical Engineering,5
"Night College of Arts & Commerce, Azad Chowk, KOLHAPUR-416 002",Maharashtra,Kolhapur,Arts; Commerce,2
"Night College of Arts & Commerce, Plot no. 588, A, Industrial Estate, ICHALKARANJI-416115Tal-Hatkanangale, Dist- Kolhapur",Maharashtra,Kolhapur,Arts; Commerce,2
"Nikam Institute of Technology(Polytechnic),Dhule",Maharashtra,Dhule,Civil Engineering; Computer Engineering; Electrical Engineering; Mechanical Engineering,4
"Nimbkar Agri. Research Institute, Phaltan, Dist.Satara",Maharashtra,Satara,Agriculture Research,1
"Ninaidevi Shikshan Prasarak Mandal,Shri. Shivajirao Deshmukh Institute of Technology, Shirala, Sangli",Maharashtra,Sangli,Computer Engineering; Mechanical Engineering,2
"Niora Arts, Commerce Mahila Mahavidyalaya, Gadhinglaj, Tal-Gadhinglaj, Dist-Kolhapur",Maharashtra,Kolhapur,Arts; Commerce,2
Niranjana Majithia College of Commerce,Maharashtra,Mumbai,Commerce,1
"Nirmal Degree College of Commerce, Kandivali",Maharashtra,Mumbai,Commerce,1
"Nirmal Krida Va Samaj Prabodhan Trusts, Institute Of Management, Badnapur, Place- Badanapur, Taluka",Maharashtra,Jalna,Management,1
Nirmala College of Commerce,Maharashtra,Mumbai,Commerce,1
Nirmala Memorial Foundation College of B.Ed.,Maharashtra,Mumbai,Education,1
Nirmala Memorial Foundation College of Commerce & Science,Maharashtra,Mumbai,Commerce; Science,2
noble arabia education society Noble College of Commerce and Informationa Technology,Maharashtra,Pune,BSc,1
"NON GRANTABLE B.ED. COLLEGES Late Shri Hanmantrao Alias Balasaheb Ganpatrao Kharade College of Education,Shivaji Peth KOLHAPUR-416",Maharashtra,Kolhapur,Education,1
"Nukamata Krushi Vikas Pratishthan, Shri SantDnyaneshwar Mauli Computer Science College, Kaij",Maharashtra,Beed,Computer Science; Science,2
"Nutan College of Engineering and Research, Talegaon Dabhade Tal. Maval, Pune",Maharashtra,Pune,Engineering/BTech,1
"Nutan Maharashtra Vidya Prasarak Mandal (NMIET & NCER), Talegaon, Pune",Maharashtra,Pune,Artificial Intelligence and Machine Learning; Automobile Engineering; Computer Engineering; Computer Science and Engineering; Electronics and Telecommunication Engg; Engineering/BTech; Information Technology; Mechanical Engineering,8
"Nutan Maharashtra Vidya Prasarak Mandal, Nutan Maharashtra Institute of Engineering &Technology, Talegaon station, Pune",Maharashtra,Pune,Engineering/BTech,1
"Nutan Mahavidyalaya, Selu Dist. Parbhani",Maharashtra,Parbhani,Arts; BCA; Commerce; Science,4
"Nutan Vidya Prasarak Mandal Arts,Commerce ,Science College",Maharashtra,Nashik,BSc; MCA,2
"Nyayadhish Tatyasaheb Athalye Arts, Vedmurti S. R. Sapre Commerce & Vidhidnya Dadasaheb Pitre Science College Devrukh",Maharashtra,Ratnagiri,Arts; Commerce; Science,3
"Omkar Education Society, Suyash College of Arts, Commerce & Science",Maharashtra,Thane,Arts; Commerce; Education; Science,4
"Omsai Shikshan Prasarak Mandals, Shri Shivaji Mahavidyalaya, Paranda, Place- Paranda, Taluka - Paranda",Maharashtra,Osmanabad,BCA; Science,2
"Omshanti College Of Education, Ambad, Taluka- Ambad,Dist-Jalna",Maharashtra,Jalna,Education,1
Oriental College of Commerce & Management,Maharashtra,Mumbai,Commerce; Management,2
Oriental College of Education,Maharashtra,Thane,Education,1
Oriental College of Education & Research,Maharashtra,Mumbai,Education,1
Oriental College of Law,Maharashtra,Thane,Law,1
"Oriental College of Pharmacy, Sanpada",Maharashtra,Thane,Pharmacy,1
Oriental Education Societys Oriental Institute of Management,Maharashtra,Mumbai,Education; Management,2
Oriental Education Societys Sanpada College of Commerce & Technology,Maharashtra,Thane,Commerce; Education,2
Oxford B.Ed. College,Maharashtra,Mumbai,Education,1
Oyster College Of Architecture,Maharashtra,Aurangabad,Architecture,1
Oyster Institute Of Pharmacy,Maharashtra,Jalna,Pharmacy,1
"P. Ahilyadevi College of Education, Sangvi Tq.Ahemadpur Dist. Latur",Maharashtra,Hingoli,Education,1
"P. D. Karkhanis College of Arts & Commerce, Ambarnath",Maharashtra,Thane,Arts; Commerce,2
"P. E. S. College Of Engineering Place- Aurangabad City (Municipal Corp. Area) , Taluka - Aurangabad City",Maharashtra,Aurangabad,Engineering,1
"P. E. S. College Of Physical Education, Place- Aurangabad City (Municipal Corp. Area) , Taluka - Aurangabad City",Maharashtra,Aurangabad,Education; Physical Education,2
"P. R. Pote (Patil) Education & Welfare Trust's Group of Institution(Integrated Campus), Amravati",Maharashtra,Amravati,Engineering/BTech,1
P.D. jain Mv. Ansing,Maharashtra,Washim,,0
P.G. College of Engineering & Technology,Maharashtra,Nandurbar,Civil Engineering; Computer Engineering; Data Sciences; Electrical Engineering; Mechanical Engineering,5
"P.G. College of Engineering & Technology, Nandurbar",Maharashtra,Nandurbar,Engineering/BTech,1
"P.K. Technical Campus, Chakan, Pune",Maharashtra,Pune,Artificial Intelligence and Machine Learning; Civil Engineering; Computer Engineering; Engineering/BTech; Mechanical Engineering,5
"P.K. Technical Campus, Pune.",Maharashtra,Pune,Computer Engineering; Engineering/BTech; Mechanical Engineering,3
"P.R. Dhuri Adhyapak Mahavidyalaya, Salgaon",Maharashtra,Sindhudurg,Education,1
"P.R. Patil College of Architecture, Amravati",Maharashtra,Amravati,Architecture; Interior Design,2
"P.R. Pote (Patil) College of Engg. & Management, Amravati",Maharashtra,Amravati,Management,1
P.S.D. Shastri Educational Foundation's ASMA Institute of Management,Maharashtra,Pune,MCA,1
"P.S.G.V.P. Mandal's D.N. Patel College of Engineering, Shahada, Dist. Nandurbar",Maharashtra,Nandurbar,Engineering/BTech,1
"P.Wadhwani College of Pharmacy, Yavatmal",Maharashtra,Yavatmal,Pharmacy,1
"Padmabhushan Dr. Vasantraodada Patil Mahavidyalaya, TASGAON-416 312 Tal- Tasgaon Dist- Sangli",Maharashtra,Sangli,Arts; BCA; Commerce; Science,4
"Padmabhushan Vasantdada Patil, Arts Commerce And Science College, Place- Patoda City, Taluka - Patoda",Maharashtra,Beed,Arts; Commerce; Science,3
Padmabhushan VasantdadaPatil Pratishthans College of Engineering,Maharashtra,Mumbai,Engineering,1
"Padmabhushan Vasantraodada Patil Mahavidyalaya, KAVATHE-MAHANKAL Tal- Kavathe-Mahankal ,Dist- Sangli – 416405",Maharashtra,Sangli,Arts; BCA; Commerce; Science,4
"Padmapani College Of Physical Education, Aurangabad",Maharashtra,Aurangabad,Education; Physical Education,2
"Padmashree Appasaheb Pawar Arts, Science And Commerce College, Bardapur, Place- Ambajogai City, Taluka - Ambajogai",Maharashtra,Beed,Arts; Commerce; Science,3
Padmashree Bhausaheb Vartak College,Maharashtra,Palghar,Commerce,1
"Padmashree Dr.D.Y.Patil College of Architecture, Pune",Maharashtra,Pune,Architecture,1
"Padmashri Dr. V.B. Kolte College of Engineering, Malkapur, Buldhana",Maharashtra,Buldhana,Civil Engineering; Computer Science and Engineering; Electrical Engineering; Engineering/BTech; Mechanical Engineering,5
Padmavati Arts And Science College,Maharashtra,Aurangabad,Arts; Science,2
Padmavati College Of Computer Science,Maharashtra,Aurangabad,Computer Science; Science,2
"Padmavati College Of Education, Aghoor, Place Vaijapur City, Taluka -",Maharashtra,Aurangabad,Education,1
"Padmbhushan Dr.Krantiveer Naganath Anna Naikwadi Kala Mahavidyalaya, Zare, Tal-Atapadi,Dist-Sangli",Maharashtra,Sangli,Arts,1
"Padmshri Dr. G.G. Jadhav Mahavidyala, Gaganbavada. Tal-Gaganbavada, Dist-Kolhapur",Maharashtra,Kolhapur,Arts; Commerce; Science,3
Pal Rajendra B.Ed. College,Maharashtra,Mumbai,Education,1
"Pandit Dindayal Upadhyay Mahavidyalaya, Devni Dist. Latur-413519",Maharashtra,Hingoli,Arts; Commerce; Science,3
"Pandit Jawaharlal Nehru Arts, Commerce & Science College, Place- Garkheda Parisar, Taluka - Aurangabad City",Maharashtra,Aurangabad,Arts; Commerce; Science,3
"Pandit Jawaharlal Nehru Arts, Science And Commerce College, Place- Parali Vaijnath City, Taluka - Parli Vaijanath",Maharashtra,Beed,Arts; Commerce; Science,3
Pandit Rajpati Mishra College of Education & Research,Maharashtra,Thane,Education,1
"Pandurang College Of Computer Science And Management, Shivpuri Road, Omerga",Maharashtra,Osmanabad,Computer Science; Management; Science,3
"Param Pujya Vinayak Anna Rawool Maharaj Mahavidyalaya, Salgaon",Maharashtra,Sindhudurg,Arts; Business Management Studies (BMS); Commerce; Science,4
"Paramhansa Ramkrishna Maunibaba Shikshan Santha's , Anuradha Engineering College, Chikhali",Maharashtra,Buldhana,Engineering/BTech,1
"Parimita Education Societys, Modern College Of Computer Science, Place- Aurangabad City (Municipal Corp. Area) , Taluka - Aurangabad City",Maharashtra,Aurangabad,Computer Science; Education; Science,3
"Parle Tilak Vidyalaya Associations, Mulund College of Commerce",Maharashtra,Mumbai,Commerce,1
"Parth Arts And Science College, Ner, Place- Ner, Taluka - Jalna (Rural Area)",Maharashtra,Jalna,Arts; Science,2
Parth Vidya Prasarak Mandal Babuji Avhad Mahavidyalaya,Maharashtra,Ahmednagar,BSc,1
Parvatibai More Mahila Mahavidyalaya SARAWADE,Maharashtra,Kolhapur,Arts; Commerce; Science,3
Patel College Of Architecture,Maharashtra,Aurangabad,Architecture,1
"Patpanhale Educational Society Sr. College, Guhagar",Maharashtra,Ratnagiri,Arts; Commerce; Science,3
Patuck-Gala College of Commerce & Management,Maharashtra,Mumbai,Commerce; Management,2
"People Education Society's P.E.S. Polytechnic, Nagsenvan, Aurangabad",Maharashtra,Aurangabad,Civil Engineering; Computer Engineering; Electrical Engineering; Electronics and Computer Engineering; Mechanical Engineering,5
"People's College, Sneha Nagar, Nanded",Maharashtra,Hingoli,Education,1
"Peoples Education Society's College of Engineering, Aurangabad",Maharashtra,Aurangabad,Engineering/BTech,1
Peoples Education Societys Adv. Balasaheb Apte College of Law,Maharashtra,Mumbai,Education; Law,2
Peoples Education Societys Dr. Ambedkar College of Commerce & Economics,Maharashtra,Mumbai,Commerce; Education,2
Phaltan Education Society's College of Engineering Thakurki Tal- Phaltan Dist-Satara,Maharashtra,Satara,Civil Engineering; Computer Engineering; Electronics and Telecommunication Engg; Engineering/BTech; Mechanical Engineering,5
"Phaltan Education Society's College of Engineering, Phaltan, Satara",Maharashtra,Satara,Artificial Intelligence and Machine Learning; Civil Engineering; Computer Engineering; Electronics and Telecommunication Engg; Engineering/BTech; Mechanical Engineering,6
Phansgaon Arts and Commerce College,Maharashtra,Sindhudurg,Arts; Commerce,2
"Phondaghat Education Societys Arts and Commerce College, Phondaghat",Maharashtra,Sindhudurg,Arts; Commerce; Education,3
"Phulsing Naik Mv., Pusad",Maharashtra,Yavatmal,Arts; Commerce; Science,3
"Phulsisng Mv., Pusad",Maharashtra,Yavatmal,Arts; Commerce; Science,3
"PILLAI COLLEGE OF ENGINEERING, NEW PANVEL",Maharashtra,Raigad,Engineering,1
Pillai HOC Institute of Management Studies & Research,Maharashtra,Raigad,Management,1
Pillais College of Education & Research,Maharashtra,Mumbai,Education,1
"Pillais College of Education & Research, Khanda Colony",Maharashtra,Raigad,Education,1
"Pillais College, New Panvel",Maharashtra,Raigad,Arts; BBA; BCA; Commerce; Management; Science,6
"Pillais HOC College of Arts, Science & Commerce, Rasayani",Maharashtra,Raigad,Arts; Commerce; Science,3
Pimpari Chinchwad Education Trust Pimpri Chinchwad College of Engineering,Maharashtra,Pune,MCA,1
"Pimpri Chinchwad College of Engineering & PCCOER & Polytechnic, Pune",Maharashtra,Pune,Artificial Intelligence & Machine Learning; Civil Engineering; Computer Engineering; Electronics and Telecommunication Engg; Engineering/BTech; Information Technology; MCA; Mechanical Engineering,8
"Pimpri Chinchwad Education Trust's Pimpri Chinchwad College Of Engineering And Research, Ravet",Maharashtra,Pune,Engineering/BTech,1
"Pimpri Chinchwad Education Trust's Pimpri Chinchwad Polytechnic,Pune",Maharashtra,Pune,Civil Engineering; Computer Engineering; Electronics and Telecommunication Engg; Information Technology; Mechanical Engineering,5
"Pimpri Chinchwad Education Trust, Pimpri Chinchwad College of Engineering, Pune",Maharashtra,Pune,Engineering/BTech,1
Pimpri Chinchwad Education Trust. Pimpri Chinchwad College of Engineering and Research,Maharashtra,Pune,BSc,1
"Poojya Sane Guruji Vidhya Prasarak Mandal's G. M. Choudhari Polytechnic, Shahada",Maharashtra,Nandurbar,Civil Engineering; Computer Engineering; Electrical Engineering; Mechanical Engineering,4
Post Graduate Dept. Of Sant Gadge Baba Amravati University,Maharashtra,Amravati,,0
"Post Graduate Dept. of Sant Gadge Baba University, Amravati.",Maharashtra,Amravati,Biotechnology; Business Management; Chemical Technology; Computer Science; Library Science,5
Post Graduate Deptt. of Sant Gadge Baba Amravati University,Maharashtra,Amravati,Biotechnology; Business Management; Chemical Technology; Computer Technology,4
Post Graduate Deptt. Sant Gadge Baba Amravati University,Maharashtra,Amravati,Biotechnology; Business Management; Chemical Technology; Computer Science; Library Science,5
"Potdar Foundation Taloda,Potdar Polytechnic, Patne, Malegaon, Nashik",Maharashtra,Nashik,Civil Engineering; Electrical Engineering; Mechanical Engineering,3
"Potdar Polytechnic, Pachora, Jalgaon",Maharashtra,Jalgaon,Civil Engineering; Computer Engineering; Electrical Engineering; Mechanical Engineering,4
Prabhakar Patil Education Society College of Education (B.Ed),Maharashtra,Raigad,Education,1
Prabhakar Patil Institute of Management Studies,Maharashtra,Raigad,Management,1
"Pradnya Niketan Education Society's Nagesh Karajagi Orchid College of Engineering & Technology, Solapur",Maharashtra,Solapur,Artificial Intelligence and Data Science; Civil Engineering; Computer Science and Engineering; Electrical Engineering; Electronics and Telecommunication; Engineering/BTech; Mechanical Engineering,7
"Pradnya Pathashala Mandal, Wai, Dist.Satara.",Maharashtra,Satara,,0
"Pragat Samajik Shikshan Society St. Peters Education & Welfare Society Dr. Babasaheb Ambedkar College of Science, Advocate Gurunath Kulkarni College of Commerce & Management",Maharashtra,Palghar,Commerce; Education; Management; Science,4
"Pragati Arts And Science College, Sillod, Place- Sillod City, Taluka - Sillod",Maharashtra,Aurangabad,Arts; Science,2
"Pragati College of Arts and Commerce, Dombivli",Maharashtra,Thane,Arts; Commerce,2
"Pragati Shikshan Prasarak Mandals, Arts, Commerce And Science College, Kusalamb, Place- Kusalamb, Taluka - Patoda",Maharashtra,Beed,Arts; Commerce; Science,3
Pragnya Educational Trust Pragnya College of Management and Computer Studies,Maharashtra,Pune,BSc,1
Pralhadrai Dalmia Lions College of Commerce & Economics,Maharashtra,Mumbai,Commerce,1
"Pramiladevi Patil Arts And Science College, Neknoor, Place- Naknoor, Taluka",Maharashtra,Beed,Arts; Science,2
Pramod Ram Ujagar Tiwari Saket Institute of Management,Maharashtra,Thane,Management,1
"Prashik College Of B. C. A, B. C. S",Maharashtra,Aurangabad,BCA,1
"Pratishthan Mahavidyalaya Arts, Commerce & Science College, Paithan, Place- Paithan Taluka, Taluka - Paithan",Maharashtra,Aurangabad,Arts; Commerce; Science,3
"Pravara Gramin Shikshan Sanstha Arts, Commerce, Science and Computer Science College",Maharashtra,Ahmednagar,BSc,1
Pravara Institute Of Research And Education In Natural And Social Sciences Institute of Business Management and Administration,Maharashtra,Ahmednagar,MCA,1
Pravara Institute Of Research And Education In Natural And Social Sciences PIRENS' Institute of Computer Technology,Maharashtra,Ahmednagar,MCA,1
Pravara Medical trust Pravara Medical Trust Arts Commerce Science College,Maharashtra,Ahmednagar,BSc,1
"Pravara Rural College of Engineering, Loni, Pravaranagar, Ahmednagar.",Maharashtra,Ahmednagar,Engineering/BTech,1
"Pravara Rural Education Society (PREC & Dr. VVP Polytechnic), Loni / Pravaranagar",Maharashtra,Ahmednagar,Automobile Engineering; Chemical Engineering; Civil Engineering; Cloud Computing and Big Data; Computer Technology; Electronics; Engineering/BTech; Instrumentation; Mechanical Engineering; Mechatronics,10
"Pravara Rural Education Society Pravaranagar Womens College of Home Science and BCA , Loni Womens College of Home Science And BCA",Maharashtra,Ahmednagar,BSc; MCA,2
"Pravara Rural Education Society's Padmashri Dr. Vittalrao Vikhe Patil Institute of Technology and Engineering Polytechnic ,Pravaranagar",Maharashtra,Ahmednagar,Automobile Engineering; Chemical Engineering; Civil Engineering; Cloud Computing and Big Data; Computer Technology; Mechanical Engineering; Mechatronics,7
"Pravara Rural Education Society's Padmashri Vikhe Patil College Of Arts, Science and Commerce, Pravaranagar",Maharashtra,Ahmednagar,BSc; MCA,2
"Pravara Rural Education Society's Sir Visvesvaraya Institute of Technology, Chincholi Dist. Nashik",Maharashtra,Nashik,Engineering/BTech,1
"Premlila Vithaldas Polytechnic(Womens),Mumbai",Maharashtra,Mumbai,Administration Services; Apperel Manufacturing and Design; Electronics Engineering; Food Technology; Interior Design; Medical Laboratory Technology; Ophthalmic Technology,7
"Prerana Institute of Pharmacy, (D. Pharmacy), Parbhani.Tq. Dist. Parbhani",Maharashtra,Parbhani,Pharmacy,1
"Prin. K.M. Kundnani College of Pharmacy, Colaba",Maharashtra,Mumbai,Pharmacy,1
Prin. L.N. Welingkar Institute of Management & Research,Maharashtra,Mumbai,Management,1
Priti Academy Education Societys Priti Academy Degree College,Maharashtra,Thane,Education,1
Priyadarshani Night Senior College,Maharashtra,Mumbai,Arts; Commerce,2
"Priyadarshini Bhagwati College of Engineering, Harpur Nagar, Umred Road,Nagpur",Maharashtra,Nagpur,Computer Technology; Electrical Engineering; Electronics and Telecommunication Engg; Engineering/BTech; Information Technology; Mechanical Engineering,6
"Priyadarshini Dnyan Prabodhini's Law College, PHALTAN- 415 523 Tal: Phaltan, Dist: Satara",Maharashtra,Satara,Law,1
"Priyadarshini Group of Institutions (LTJSS - PCE, PJLCE, PBCOE), Nagpur",Maharashtra,Nagpur,Aeronautical Engineering; Artificial Intelligence (AI) and Machine Learning; Civil Engineering; Computer Technology; Electrical Engineering; Electronics and Telecommunication; Engineering/BTech; Information Technology; Mechanical Engineering; Robotics and Artificial Intelligence,10
Priyadarshini Seva Sanstha's College of Education Kalamnuri Dist. Hingoli,Maharashtra,Hingoli,Education,1
"Prof Ram Meghe College of Engineering and Management, Badnera",Maharashtra,Amravati,Engineering/BTech,1
"Prof. Dr.N.D.Patil Mahavidayalaya, MALKAPUR-415 101 Tal-Shahuwadi , Dist - Kolhapur",Maharashtra,Kolhapur,Arts; Commerce; Science,3
"Prof. R.,Deshmukh Arts, Mv., Nandgaon Kh",Maharashtra,Amravati,Arts,1
"Prof. Ram Meghe College of Engg. & Management, Badnera",Maharashtra,Amravati,Management,1
"Prof. Ram Meghe Institute of Technology & Research, Amravati",Maharashtra,Amravati,Engineering/BTech,1
"Prof. Ram Meghe Instt. Of Tech. & Research, Badnera",Maharashtra,Amravati,Civil Engineering; Computer Science Engineering; Electrical Engineering; Electronics Engineering; Information Technology; MBA; MCA,7
"Prof.Sambhajirao Kadam College, DEUR Tal: Koregaon, Dist: Satara",Maharashtra,Satara,Arts; Commerce; Science,3
"Progressive Education Society (PES Modern College & Modern Institute), Pune",Maharashtra,Pune,Artificial Intelligence and Data Science; Computer Engineering; Electrical Engineering; Electronics and Telecommunication; Engineering/BTech; Information Technology; MBA (IT); MCA; Mechanical Engineering,9
Progressive Education Society Modern Arts Commerce & Science College,Maharashtra,Pune,BSc; MCA,2
Progressive Education Society Modern College Shivajinagar,Maharashtra,Pune,BSc; MCA,2
Progressive Education Society Modern Engineering College,Maharashtra,Pune,MCA,1
Progressive Education Society Modern Institute Of Business Studies,Maharashtra,Pune,MBA (IT); MCA,2
"Progressive Education Society PROGRESSIVE EDUCATION SOCIETYS MODERN COLLEGE OF ARTS, SCIENCE AND COMMERCE WARJE PUNE",Maharashtra,Pune,BSc,1
"Progressive Education Society's Modern College of Engineering, Pune",Maharashtra,Pune,Engineering/BTech,1
PTVA's Institute of Management,Maharashtra,Mumbai,Management,1
Pujya Sane Guruji Senior Arts & Commerce College,Maharashtra,Ratnagiri,Arts; Commerce,2
"Pundlik Maharaj Mv., Nandura",Maharashtra,Buldhana,Arts; Commerce; Science,3
Pune District Education Association's Anantrao Pawar College,Maharashtra,Pune,BSc; MCA,2
Pune District Education Association's Annasaheb Magar College,Maharashtra,Pune,BSc; MCA,2
Pune District Education Association's Annasaheb Waghire College,Maharashtra,Pune,BSc,1
Pune District Education Association's Baburao Gholap Multipurpose Institute,Maharashtra,Pune,PG Diploma,1
Pune District Education Association's Baburaoji Gholap College,Maharashtra,Pune,BSc; MCA; PG Diploma,3
"Pune District Education Association's College of Engineering, Pune",Maharashtra,Pune,Engineering/BTech,1
"Pune District Education Association's College of Engineering,Manjari Budruk",Maharashtra,Pune,MCA,1
"Pune District Education Association's Mamasaheb Mohol Mahavidyalaya,Paud Road",Maharashtra,Pune,BSc; MCA,2
Pune District Education Association's Prof. Ramkrishna More Arts Commerce and Science College,Maharashtra,Pune,BSc; MCA; PG Diploma,3
Pune District Education Association's Shankarrao Bhelke College,Maharashtra,Pune,BSc,1
Pune District Education Association's Waghire College,Maharashtra,Pune,BSc; MCA,2
"Pune Institute of Computer Technology (PICT), Pune",Maharashtra,Pune,Artificial Intelligence and Data Science; Computer Engineering; Electronics and Computer Engineering; Electronics and Telecommunication Engineering; Engineering/BTech; Information Technology,6
"Pune Institute of Computer Technology, Dhankavdi, Pune",Maharashtra,Pune,Engineering/BTech,1
"Pune Vidyarthi Griha's College of Engineering and Technology and G K Pate(Wani) Institute of Management, Pune",Maharashtra,Pune,Engineering/BTech,1
"Pune Vidyarthi Griha's Shriram Sadashiv Dhamankar College of Commerce, Science and Arts",Maharashtra,Nashik,BSc,1
Pune Vidyarthi Grihas (PVG) College of Science & Technology,Maharashtra,Pune,Science,1
"PUNE VIDYARTHI GRIHAS COLLEGE OF ENGINEERING AND SHRIKRUSHNA S. DHAMANKAR INSTITUTE OF MANAGEMENT, NASHIK",Maharashtra,Nashik,Engineering/BTech,1
Pune Vidyarthi Gruh's College of Science and Commerce,Maharashtra,Pune,BSc; MCA,2
"Punyashlok Ahileyadevi Holkar College, Ranisawagaon Tq.Gangakhed Dist. Parbhani",Maharashtra,Parbhani,Arts; Commerce; Science,3
"Punyashlok Ahilyabai Holkar College Of Education, Place- Gadhi,Taluka - Gevrai",Maharashtra,Beed,Education,1
PUNYASHLOK DEVI AHILYA GRAMVIKAS SANSTHA CHANDWAD V.N.K. SENIOR COLLEGE CHANDWAD TAL CHANDWAD,Maharashtra,Nashik,BSc,1
"Puranmal Lahoti Government Polytechnic & M.S. Bidve College of Engineering, Latur",Maharashtra,Latur,Civil Engineering; Computer Engineering; Electrical Engineering; Electronics Engineering; Engineering/BTech; Information Technology; Mechanical Engineering,7
"Puranmal Lahoti Government Polytechnic, Latur",Maharashtra,Latur,Civil Engineering; Computer Engineering; Electrical Engineering; Electronics Engineering; Information Technology; Mechanical Engineering,6
"Purogami Shikshan Mandal,Gauri Shiv Polytechnic, Khatav Dist - Satara",Maharashtra,Satara,Civil Engineering; Computer Engineering; Mechanical Engineering,3
"Pushpalata Mhatre Womens College of Arts,Commerce & Science",Maharashtra,Thane,Arts; Commerce; Science,3
Pushpanjali College of Education,Maharashtra,Palghar,Education,1
"R. B. Attal Arts, Science And Commerce College, Place- Gevrai City, Taluka - Gevrai",Maharashtra,Beed,Arts; Commerce; Science,3
"R. C. Patel Institute of Technology, Shirpur",Maharashtra,Dhule,Engineering/BTech,1
"R. P. Gogate College of Arts and Science & R. V. Jogalekar College of Commerce, Ratnagiri",Maharashtra,Ratnagiri,Arts; Commerce; Science,3
R. R. International Junior & Senior College for Science & Commerce,Maharashtra,Mumbai,Commerce; Science,2
"R. Y. P. Arts College,Vihamandva, Place- Vihamandva, Taluka -Paithan",Maharashtra,Aurangabad,Arts,1
"R.A. Arts,M.K. Commerce & S.R. Rathi Science Mv., Washim",Maharashtra,Washim,Arts; Commerce; Science,3
R.A. Podar College of Commerce & Economics,Maharashtra,Mumbai,Commerce,1
"R.A.Arts, M.K. Comm. & S.R. Rathi Science Mv., Washim",Maharashtra,Washim,Arts; Science,2
"R.B.Madkholkar College, CHANDGAD, Tal- Chandgad, Dist-Kolhapur",Maharashtra,Kolhapur,Arts; Commerce; Science,3
R.B.T. College of Education,Maharashtra,Thane,Education,1
"R.C. Patel College of Engineering and Polytechnic, Shirpur",Maharashtra,Dhule,Civil Engineering; Computer Engineering; Computer Science and Engineering; Electrical Engineering; Mechanical Engineering,5
"R.D.G. Mahila Mv., Akola",Maharashtra,Akola,Arts; BBA; BCA; Commerce; MCA; Science,6
"R.G. Bagdia Arts, S.B.Lakhotia Commerce And R. Bezonji Science College, Place- Jalna City (Municipal Corp. Area), Taluka - Jalna",Maharashtra,Jalna,Arts; Commerce; Science,3
R.G. Institute of Engineering and Technology,Maharashtra,Aurangabad,Artificial Intelligence; Computer Science and Engineering; Electrical Engineering; Mechanical Engineering,4
R.J. Thakur College of Arts & Commerce,Maharashtra,Thane,Arts; Commerce,2
R.K. Talreja College of Arts Science and Commerce Ulhasnagar,Maharashtra,Thane,Arts; Commerce; Science,3
"R.L.T. Science Mv., Akola",Maharashtra,Akola,Science,1
"R.V. Parankar College of Engineering & Technology, Arvi, Dist Wardha",Maharashtra,Wardha,Engineering/BTech,1
"Rabindra Nath Tagore Chitrakala Mahavidyalaya, Parbhani Dist. Parbhani",Maharashtra,Parbhani,Fine Arts,1
"Rachana Sansads Academy of Architecture, Prabhadevi",Maharashtra,Mumbai,Architecture,1
"Radhai Mahavidyalay, Aurangabad, Place- Chikalthana, Taluka - Aurangabad City",Maharashtra,Aurangabad,B.Sc Information Technology; BBA; BCA; Management,4
"Radhanagari Mahavidyalaya, RADHANAGARI-416212 Tal- Radhanagari Dist- Kolhapur",Maharashtra,Kolhapur,Arts; Commerce,2
"Raghvendra Shikshan Prasarak Mandal's Late Junasing Mangtu College of Engg. (Diploma), Valthan, Tal Chalisgaon,Jalgaon",Maharashtra,Jalgaon,Automobile Engineering; Civil Engineering; Computer Engineering; Mechanical Engineering,4
"Rahul Shikshan Prasarak Mandals, Satyagrah College of Arts, Science & Commerce, Kharghar",Maharashtra,Mumbai,Arts; Commerce; Science,3
"Raj Laxmi Foundation, Sahkar Maharshi Rajaram Bapu Patil Polytechnic Institute, Madagaon ,Ahmednagar",Maharashtra,Ahmednagar,Artificial Intelligence; Civil Engineering; Computer Engineering; Electrical Engineering; Mechanical Engineering,5
"Raja Shivchhatrapati Arts and Commerce College, Mahagaon",Maharashtra,Kolhapur,Arts; Commerce,2
Raja Shri Shivray Pratishthan Maharashtra College of Science and Commerce,Maharashtra,Pune,BSc; MCA,2
"Raja Shripatrao Bhagawantrao Mahavidyalaya, AUNDH-415 510 Tal- Khatav , Dist-Satara",Maharashtra,Satara,Arts; Science,2
"Rajaram College, KOLHAPUR-416 004",Maharashtra,Kolhapur,Arts; Commerce; Science,3
"Rajaram Shikshan Sanstha’s Vilasrao Shinde Mahavidyalay (Arts, Commerce and Science), Ashta, Tal. Walwa, Dist. Sangli",Maharashtra,Sangli,Arts; Commerce; Science,3
"Rajarambapu College of Pharmacy, KASEGAON, Tal-Walawa, Dist-Sangli",Maharashtra,Sangli,Pharmacy,1
"Rajarambapu College of Sugar Technology, New Bahe Naka, Islampur,Tal-Walwa, Dist-Sangli -415 409",Maharashtra,Sangli,Alcohol Technology; Sugar Technology,2
"Rajarambapu Institute of Technology, Rajaramnagar, SAKHARALE-415 414 Tal: Walwa , Dist:Sangli (Autonomous from 2011-12)",Maharashtra,Sangli,BBA; BCA; Engineering; MBA; MCA; Mass Communication,6
"Rajarshi Chhatrapati Shahu College, Kadamwadi Road, KOLHAPUR-416 003",Maharashtra,Kolhapur,Arts; BCA; Commerce,3
"Rajarshi Shahu Arts and Commerce College, RUKADI-416 118 Tal- Hatkanangale, Dist- Kolhapur",Maharashtra,Kolhapur,Arts; Commerce,2
"Rajarshi Shahu Arts,Commerce & Scinece College Paradh Tq Bhokardan Dist Jalna",Maharashtra,Jalna,Arts; Commerce,2
"Rajarshi Shahu College Of Arts And Science, Waluj, Place- Gangapur City, Taluka - Gangapur",Maharashtra,Aurangabad,Arts; Science,2
"Rajarshi Shahu College of Arts, Commerce & Science",Maharashtra,Mumbai,Arts; Commerce; Science,3
"Rajarshi Shahu College Of Arts, Commerce And Science, Pathri (Pal), Place- Phulambri City, Taluka - Phulambri",Maharashtra,Parbhani,Arts; Commerce; Science,3
Rajarshi Shahu College Of Computer Science,Maharashtra,Solapur,Computer Science; Science,2
"Rajarshi Shahu Institute Of Management, Place- Chikalthana, Taluka -",Maharashtra,Aurangabad,Management,1
"Rajarshi Shahu Mahavidyalaya, Latur Dist. Latur-413512",Maharashtra,Hingoli,Arts; BCA; Biotechnology; Commerce; Science,5
"Rajarshi Shahu Mahavidyalaya, Super Market, Karegaon Road, Parbhani Dist. Parbhani",Maharashtra,Parbhani,Arts; BCA; Commerce; Science,4
"Rajarshi Shahu Shikshan Sanstha's Vitthal Patil Polytechnic, Miraj",Maharashtra,Sangli,Mechanical Engineering,1
"Rajashri Shahu College Of Education, Place- Ambajogai City, Taluka -Ambajogai",Maharashtra,Beed,Education,1
Rajasthani Samelan Deviprasad Goenka Management College of Media Studies,Maharashtra,Mumbai,Management,1
"Raje Ramrao Mahavidyalaya, JATH-416 404 Tal- Jath ,Dist- Sangli",Maharashtra,Sangli,Arts; BCA; Commerce; Science,4
"Rajeev Gandhi Home Science And Nutrition College, Place- Beed City,Taluka - Beed",Maharashtra,Beed,Science,1
Rajendra Mane College of Engineering & Technology Ambav Deorukh,Maharashtra,Ratnagiri,Engineering/BTech,1
Rajendra Mane College of Engineering and Technology,Maharashtra,Ratnagiri,Engineering,1
"Rajendra Mane Polytechnic, Devrukh, Tal. Sangmeshwar, Dist. Ratnagiri",Maharashtra,Ratnagiri,Automobile Engineering; Civil Engineering; Computer Engineering; Mechanical Engineering,4
Rajesh Bhaiyya Tope College Of B.Pharmacy,Maharashtra,Aurangabad,Pharmacy,1
Rajgad Dnyanpeeth Anantrav Thopate College,Maharashtra,Pune,BSc; MCA,2
"Rajgad Dnyanpeeth's Technical Campus (Degree & Diploma), Bhor",Maharashtra,Pune,Civil Engineering; Computer Engineering; Electrical Engineering; Electronics and Telecommunication Engg; Engineering/BTech; Mechanical Engineering,6
"Rajgad Dnyanpeeth's Technical Campus,Dhangwadi, Bhor",Maharashtra,Pune,Civil Engineering; Computer Engineering; Electronics and Telecommunication Engg; Engineering/BTech; Mechanical Engineering,5
"Rajiv Gandhi Arts And Science College, Raimoha, Place- Shirur Kasaar City, Taluka - Shirur Kasar",Maharashtra,Pune,Arts; Science,2
"Rajiv Gandhi Arts, Commerce And Science College, Karmad",Maharashtra,Aurangabad,Arts; Commerce; Science,3
"Rajiv Gandhi College of Arts, Science and Commerce, Vashi",Maharashtra,Thane,Arts; Commerce; Science,3
"Rajiv Gandhi College of Computer & I.T., Chakur Dist. Latur",Maharashtra,Hingoli,B.Sc Computer Science; BCA,2
Rajiv Gandhi College Of Computer Science,Maharashtra,Nashik,Computer Science; Science,2
Rajiv Gandhi College of Engineering Research & Technology Chandrapur,Maharashtra,Chandrapur,Civil Engineering; Computer Technology; Electrical Engineering; Electronics and Communication; Engineering/BTech; Information Technology; Mechanical Engineering; Mining Engineering,8
"Rajiv Gandhi College of Engineering, At Post Karjule Hariya Tal.Parner, Dist.Ahmednagar",Maharashtra,Ahmednagar,Electronics and Telecommunication Engg; Engineering/BTech; Mechanical Engineering,3
"Rajiv Gandhi College Of Physical Education, Place- Aurangabad (Rural Area), Taluka - Aurangabad (Rural",Maharashtra,Aurangabad,Education; Physical Education,2
Rajiv Gandhi Night College of Arts & Commerce,Maharashtra,Mumbai,Arts; Commerce,2
"Rajiv Gandhi Polytechnic, Markhel, Tal.Degloor, Dist.Nanded.",Maharashtra,Nanded,Civil Engineering; Computer Engineering; Mechanical Engineering,3
"Rajiv Gandhi Vichardhara Pratishthans, College Of Education, Place- Bhoom",Maharashtra,Osmanabad,Education,1
"Rajkunwar College, Ajintha",Maharashtra,Aurangabad,Arts; Business Administration (BBA); Commerce; Computer Applications (BCA); Science,5
"Rajkunwar College, Dhawda",Maharashtra,Jalna,,0
"Rajkunwar College, Jalna",Maharashtra,Jalna,,0
"Rajkuwar Arts, Commerce And Science College, Fardapur, Place- Fardapur Dhanwat, Taluka - Soygaon",Maharashtra,Aurangabad,Arts; Commerce; Science,3
"Rajmata Ahilyadevi Holkar Kala, Vanijya v Vidnyan Mahavidyalay, Kharsundi, Tal. Atpadi, Dist. Sangli",Maharashtra,Sangli,Arts; Commerce; Science,3
"Rajmata Jijamata B.Ed. College,Latur",Maharashtra,Hingoli,Education,1
"Rajmata Jijau Arts And Science College, Madalmohi",Maharashtra,Beed,Arts; Science,2
RAJMATA JIJAU MAHILA MANCH VISHWAKAMAL MAHAVIDYALAY,Maharashtra,Pune,BSc,1
Rajmata Jijau Science & Commerce (Night) College for B.Sc (IT),Maharashtra,Thane,B.Sc; Commerce; Science,3
"Rajmata Jijau Shikshan Pasarak Mandal Arts, Commerce and Science College",Maharashtra,Pune,BSc; MCA,2
Rajmata Jijau Shikshan Pasarak Mandal R. J. S. P. M's Institute Of Computer & Management Reasearch,Maharashtra,Pune,MCA,1
"Rajshri Shahu College of Pharmacy, Buldana",Maharashtra,Buldhana,Pharmacy,1
"Rajureshwar Arts, Commerce And Science College, Dabhadi, Place-Badanapur, Taluka -Badnapur",Maharashtra,Jalna,Arts; Commerce; Science,3
Ramanand Arya D.A.V. College,Maharashtra,Mumbai,Commerce; Information Technology; Management,3
"Ramchandra Sanskrutik Krida Mandal's Shri R D Bhakta Polytechnic, Daregaon Tal. & Dist Jalna",Maharashtra,Jalna,Civil Engineering; Electrical Engineering; Information Technology; Mechanical Engineering,4
"Ramdas Aathwale Arts,Commerce & Science College, Chowka, Place-Chowka, Taluka - Aurangabad (Rural Area)",Maharashtra,Aurangabad,Arts; Commerce; Science,3
"Ramdas Athawale Arts & Commerce College, Nilanga Dist. Latur",Maharashtra,Hingoli,Arts; Commerce,2
Ramji Assar Vidyalayas Laxmichand Golwala College of Commerce and Economics,Maharashtra,Mumbai,Commerce,1
"Ramji Pawar Adhyapak Mahavidyalaya, Tadmogli Tq. Nilanga Dist. Latur",Maharashtra,Hingoli,Education,1
Ramkrishna Paramhansa Mahavidyalaya,Maharashtra,Osmanabad,Arts; Commerce; Science,3
"Ramkrishna Technical Education Soceity, Shivaji Polytechnic College, Sangola",Maharashtra,Solapur,Civil Engineering; Computer Engineering; Electrical Engineering; Electronics and Telecommunication Engg; Mechanical Engineering,5
"Ramrao Adik Institute of Technology, Nerul",Maharashtra,Thane,Artificial Intelligence and Data Science; Computer Engineering; Electrical Engineering; Electronics and Telecommunication Engineering; Information Technology; Mechanical Engineering,6
Ramrao Sarnaik Social Work Washim,Maharashtra,Washim,Social Work,1
"Ransamrat Kreeda Mandal'S College Of Physical Education, Place-Kalamb City, Taluka -",Maharashtra,Osmanabad,Education; Physical Education,2
"Raosaheb Gogate College of Commerce and Smt. Saraswatibai Ganshet Walke College of Arts, Banda",Maharashtra,Sindhudurg,Arts; Commerce,2
"Raosaheb Patange Arts College, Vasmat Dist. Hingoli",Maharashtra,Hingoli,Arts,1
"Rashtrasant Bhaiyuji Maharaj College of Education, Hatta Tq.Vasmat Dist. Hingoli",Maharashtra,Hingoli,Education,1
"Rashtriya Arts College, Hatnur - Jaitpur, Place- Kannad Taluka, Taluka - Kannad",Maharashtra,Aurangabad,Arts,1
"Rashtriya Arts, Commerce And Science College, Place- Nagad, Taluka - Kannad",Maharashtra,Aurangabad,Arts; Commerce; Science,3
"Rashtriya B. C. A. College, Garkheda Parisar, Place- Aurangabad City (Municipal Corp. Area) , Taluka - Aurangabad City",Maharashtra,Aurangabad,BCA,1
"Rashtriya B. C. S. College, Padegaon, Place- Aurangabad City (Municipal Corp. Area) , Taluka - Aurangabad City",Maharashtra,Aurangabad,B.Sc Computer Science,1
"Rashtriya Charitable Trusts, Arts, Commerce And Science College, Garkheda Campus, Place- Garkheda Parisar, Taluka - Aurangabad City",Maharashtra,Aurangabad,Arts; Commerce; Science,3
"Rasiklal M. Dhariwal Sinhgad Technical Institutes Campus, Warje, Pune.",Maharashtra,Pune,Engineering/BTech,1
"Rastramata Indira Gandhi Arts, Commerce And Science College, Place- Jalna City (Municipal Corp. Area), Taluka - Jalna City",Maharashtra,Jalna,Arts; Commerce; Science,3
"Ratnam College of Arts, Science & Commerce",Maharashtra,Mumbai,Arts; Commerce; Science,3
"Ratneshwari Sevabhavi Sanstha Sanchalit, King College Of B.C.A., Ratneshwari Bunglow., Place- Jalna City (Municipal Corp. Area), Taluka - Jalna",Maharashtra,Jalna,BCA,1
"Rayat S.S. Arts Science Commerce College, Mokhada",Maharashtra,Palghar,Arts; Commerce; Science,3
Rayat Shikshan Sanstha Dada Patil College,Maharashtra,Ahmednagar,BSc,1
"Rayat Shikshan Sanstha Maharaja Jivajirao Shinde Arts,Science,Commerce College",Maharashtra,Ahmednagar,BSc,1
Rayat Shikshan Sanstha S.M.Joshi College,Maharashtra,Pune,BSc; MCA,2
"Rayat Shikshan Sanstha S.S.G.M. Science,Gautam Arts and Sanjeevani Commerce College",Maharashtra,Ahmednagar,BSc,1
"Rayat Shikshan Sanstha's Karmaveer Bhaurao Patil COE & Polytechnic, Satara",Maharashtra,Satara,Civil Engineering; Computer Engineering; Electrical Engineering; Electronics and Telecommunication Engg; Engineering/BTech; Information Technology; Mechanical Engineering; Production Engineering,8
"Rayat Shikshan Sanstha's Karmaveer Bhaurao Patil College of Engineering, Satara",Maharashtra,Satara,Engineering/BTech,1
"Rayat Shikshan Sanstha, Satara R.B. Narayanrao Borawake College",Maharashtra,Ahmednagar,BSc; MCA,2
"Rayat Shikshan Sansthas Karmaveer Bhaurao Patil College, Vashi",Maharashtra,Thane,Arts; Commerce; Management; Science,4
"Rayat Shikshan Sansthas Mahatma Phule Arts, Science and Commerce College, Panvel",Maharashtra,Raigad,Arts; Commerce; Science,3
Reena Mehta College of Commerce & Management Studies,Maharashtra,Thane,Commerce; Management,2
Regal College of Hotel Management & Tourism,Maharashtra,Ratnagiri,Hotel Management; Management,2
"Regal Education Society, Regal College of Hotel & Tourism Management",Maharashtra,Sindhudurg,Education; Management,2
"Renaissance Polytechnic,Chandrapur",Maharashtra,Chandrapur,Civil Engineering; Computer Science and Engineering; Electrical Engineering; Mechanical Engineering; Mining and Mine Surveying,5
"Renuka Adhyapak Mahavidyalaya, Renapur Dist. Latur",Maharashtra,Hingoli,Education,1
Renuka Arts & ScinceCollege Mantha Dist Jalna,Maharashtra,Jalna,Arts,1
"Renukamata KrishiVikas Pratisthan's Swami Vivekanand Polytechnic, Jola, Post Devgaon Tq Kaij, Dist Beed",Maharashtra,Beed,Civil Engineering; Electrical Engineering; Mechanical Engineering,3
Rishi Dayaram and Seth Hassaram National College and Seth Wassiamull Assomull Science College (R.D. National College & W.A. Science College),Maharashtra,Mumbai,Science,1
Ritambhara Vishva Vidyapeeths Malini Kishor Sanghvi College of Commerce & Economics,Maharashtra,Mumbai,Commerce,1
Rizvi College of Architecture,Maharashtra,Mumbai,Architecture,1
"Rizvi College of Architecture,Bandra(W), Mumbai",Maharashtra,Mumbai,Architecture,1
Rizvi College of Education,Maharashtra,Mumbai,Education,1
Rizvi College of Engineering,Maharashtra,Mumbai,Engineering,1
"Rizvi College of Law, Bandra",Maharashtra,Mumbai,Law,1
"Rizvi Education Society's Rizvi College of Engineering, Bandra,Mumbai",Maharashtra,Mumbai,Engineering/BTech,1
"Rizvi Education Societys Rizvi College of Arts, Science & Commerce",Maharashtra,Mumbai,Arts; Commerce; Education; Science,4
Rizvi Education Societys Rizvi College of Hotel & Tourism Management Studies,Maharashtra,Mumbai,Education; Management,2
Rizvi Institute of Management Studies & Research,Maharashtra,Mumbai,Management,1
Rohidas Patil Institute of Management Studies,Maharashtra,Thane,Management,1
Royal College of Education & Research for Women,Maharashtra,Thane,Education,1
"Royal Education Societys Dr. A. R. Undre Womens Degree College of Science, Commerce & Arts",Maharashtra,Raigad,Arts; Commerce; Education; Science,4
"Royal Higher Education Societys Royal College of Arts, Science & Commerce",Maharashtra,Thane,Arts; Commerce; Education; Science,4
RSS Veer Wajekar College,Maharashtra,Raigad,Arts; BBA; Commerce; Science,4
Rustomjee Business School,Maharashtra,Mumbai,Management,1
"S K N Sinhgad College of Engineering, Korti Tal. Pandharpur Dist Solapur",Maharashtra,Solapur,Engineering/BTech,1
"S. B. E. S. College Of Science, Aurangabad.",Maharashtra,Aurangabad,Science,1
"S. B. Khade Mahavidyalaya, KOPARDE-416 205 Tal- Karveer, Dist- Kolhapur",Maharashtra,Kolhapur,Arts; Commerce; Science,3
"S. G. R. G. Shinde Arts, Commerce And Science College, Place- Paranda,Taluka - Paranda",Maharashtra,Osmanabad,Arts; Commerce; Science,3
"S. M. Dnyandeo Mohekar Mahavidyalaya, Kalamb Ta. Kalamb Dist. Osmanabad",Maharashtra,Osmanabad,Arts; Commerce; Herbal Technology; Horticulture; Science,5
S.A.V. Acharya Institute of Management Studies,Maharashtra,Raigad,Management,1
S.G.M. Mv. Walgaon,Maharashtra,Amravati,Arts; Commerce,2
S.I.E.S. College of Management Studies,Maharashtra,Thane,Management,1
"S.I.E.S. Graduate School of Technology, Nerul, Navi Mumbai",Maharashtra,Thane,Engineering/BTech,1
S.I.W.S. N.R. Swamy College of Commerce & Economics And Smt. Thirumalai College of Scienc,Maharashtra,Mumbai,Commerce,1
S.K. K. Mv. Jalgaon Jamod,Maharashtra,Jalgaon,Arts; Commerce,2
"S.K. Patil College, Malvan",Maharashtra,Sindhudurg,Arts; Commerce,2
"S.K. Rai Degree College of Arts, Commerce & Management Studies",Maharashtra,Mumbai,Arts; Commerce; Management,3
"S.K.K.R. Innani Mv., Karanja Lad",Maharashtra,Washim,Arts; Commerce; Science,3
"S.M. Shetty College of Science, Commerce & Management",Maharashtra,Mumbai,Commerce; Management; Science,3
"S.M.B.I.'s Institute of Computer Education, Barshi Road,Latur Dist. Latur-413521",Maharashtra,Hingoli,Education,1
"S.N. Institute of Pahrmacy, Pusad",Maharashtra,Yavatmal,Pharmacy,1
"S.P.K. Law College, Sawantwadi",Maharashtra,Sindhudurg,Law,1
"S.P.M. Mv., Chikhli",Maharashtra,Buldhana,Arts; Commerce,2
"S.P.M. Science & Gilani Arts Mv., Ghatanji",Maharashtra,Yavatmal,Arts; Science,2
S.P.M. Tatyasaheb Arts & Sci. College Chikhli,Maharashtra,Buldhana,Arts,1
"S.P.M. Tatyasaheb Mv., Chikhli",Maharashtra,Buldhana,Arts; Commerce,2
S.R. Institute of Diploma in Pharmacy Udgir,Maharashtra,Hingoli,Pharmacy,1
S.S. & L.S. Patkar College of Arts & Science & V.P. Varde College of Commerce & Economics,Maharashtra,Mumbai,Arts; Commerce; Science,3
"S.S. Jondhale College of Pharmacy, Asangaon",Maharashtra,Thane,Pharmacy,1
S.S. Prasark Mandal C.T. Bora College,Maharashtra,Pune,BSc; MCA,2
"S.S.G.M.College Engg. & Tech., Shegaon",Maharashtra,Buldhana,Civil Engineering; Computer Science Engineering; Electronics and Telecommunication Engineering; Information Technology; MBA; Mechanical Engineering,6
"S.S.P.M.'s College of Engineering, Kankavli",Maharashtra,Sindhudurg,Engineering/BTech,1
S.S.T. College of Arts & Commerce,Maharashtra,Thane,Arts; Commerce,2
"S.S.T.'s Arts College of Fashion Design, Ausa Road,Latur Dist. Latur",Maharashtra,Hingoli,Arts,1
S.Ss Shivajirao Jondhale College of Engineering,Maharashtra,Thane,Engineering,1
"S.V.P. Pharmacy College, Hatta Tq. Vasmat Dist. Hingoli",Maharashtra,Hingoli,Pharmacy,1
"Sadashivrao Mandlik Mahavidyalaya, MURGUD-416 219 Tal- Kagal, Dist- Kolhapur",Maharashtra,Kolhapur,Arts; BCA; Commerce; Science,4
"Sadguru Gadage Maharaj College, Vidyanagar, KARAD-415 124 Tal-Karad,Dist-Satara",Maharashtra,Satara,Arts; BCA; Commerce; Science,4
"Sadhana College of Commerce (English Medium), Gadhinglaj, Tal. Gadhinglaj Dist. Kolhapur",Maharashtra,Kolhapur,Commerce,1
Sadhana Education Society L.S. Raheja College of Arts & Commerce,Maharashtra,Mumbai,Arts; Commerce; Education,3
"Sadhana Education Society, Sadhana College of Education (B.Ed)",Maharashtra,Thane,Education,1
Sadhu Vaswani Mission St.Mira's College for Girls,Maharashtra,Pune,BSc; MCA,2
Saeesh College of Computer Science & Technology,Maharashtra,Raigad,Computer Science; Science,2
"Sagar College Of B.C.A., Prashanti Nagar Place- Jalna City (Municipal Corp. Area), Taluka - Jalna City",Maharashtra,Jalna,BCA,1
"Sahakar Maharshee Shankarrao Mohite Patil Institute of Technology & Research, Akluj",Maharashtra,Solapur,Civil Engineering; Computer Engineering; Electrical Engineering; Electronics and Telecommunication; Engineering/BTech; Mechanical Engineering,6
"Sahakar Maharshi Manikrao Palodkar College Ajintha , Place- Ajintha,Taluka - Sillod",Maharashtra,Aurangabad,Arts; Science,2
"Sahakarbhushan S. K. Patil Mahavidyalaya, KURUNDWAD-416106 Tal-Shirol, Dist- Kolhapur",Maharashtra,Kolhapur,Arts; Commerce; Science,3
"Sahayog Sevabhai Sanstha, Indira Institute Of Technology(Polytechnic), Nanded.",Maharashtra,Nanded,Civil Engineering; Computer Engineering; Electrical Engineering; Electronics and Telecommunication Engg; Mechanical Engineering,5
"Saheed D.T. Kalani College, Ulhasnagar",Maharashtra,Thane,Arts; Commerce; Education; Information Technology; Management; Science,6
"Sahjivan Shikshan Prasarak Mandal's Vasantrao More Polytechnic, Tehu Tq.Parola, Jalgaon.",Maharashtra,Jalgaon,Computer Engineering; Electrical Engineering; Mechanical Engineering,3
"Sahkar Maharshri Late B.Shingne Mv., Khamgaon",Maharashtra,Buldhana,Arts; Library Science; Vocational Studies,3
"Sahyadri Bahujan Vidya Prasarak Samaj Sahakar Maharshi Bhausaheb Santuji Thorat Arts, Science and Commerce College",Maharashtra,Ahmednagar,BSc; MCA,2
Sahyadri College of Hotel Management & Tourism,Maharashtra,Ratnagiri,Hotel Management; Management,2
Sahyadri Institute of Management & Research,Maharashtra,Ratnagiri,Management,1
Sahyadri Parisar S.P. Shri Manohar Hari Khapane College,Maharashtra,Ratnagiri,Arts; Commerce,2
Sahyadri Shikshan Sanstha Govindrao Nikam College of Pharmacy Sawarde,Maharashtra,Ratnagiri,Pharmacy,1
Sahyadri Shikshan Sanstha's Sahyadri Poly.Sawarde(Ratnagiri),Maharashtra,Ratnagiri,Automobile Engineering; Civil Engineering; Computer Engineering; Electronics and Telecommunication Engg; Information Technology; Mechanical Engineering,6
"Sahyadri Shikshan Sansthas College of Science, B.Sc (C.S) & B.Sc (I.T)",Maharashtra,Ratnagiri,B.Sc; Science,2
Sahyadri Shikshan Sansthas Sawarde College of Arts,Maharashtra,Ratnagiri,Arts,1
"Sahyadri Shikshan Seva Mandals Arts & Commerce College, Juchandra",Maharashtra,Palghar,Arts; Commerce,2
"Sahyadri Valley College of Engineering & Technology, Rajuri, Pune.",Maharashtra,Pune,Civil Engineering; Computer Engineering; Electronics and Telecommunication Engg; Engineering/BTech; Mechanical Engineering,5
"Sai Charitable Trust, Indira Institute Of Diploma Engineering(Poly), Sasure, Tal. Barshi",Maharashtra,Solapur,Civil Engineering; Computer Engineering; Electrical Engineering; Electronics and Telecommunication Engg; Mechanical Engineering,5
"Sai College Of Computer Science, Ranjani, Place- Kalamb City, Taluka -Kalamb",Maharashtra,Osmanabad,Computer Science; Science,2
"Sai Seva Shikshan Prasarak Mandal, Shri. Mahadev Baburao Chaughule Arts, Science & Commerce College",Maharashtra,Thane,Arts; Commerce; Science,3
"Sai Shikshanshastra (Special Education Hearing Impered) Mahavidyalaya, At/Post-GIJAVANE – 416 502, Tal. Gadhinglaj,Dist. Kolhapur",Maharashtra,Kolhapur,Education,1
"Sai Shiva Education Trust's, Muchhala Polytechnic,Thane",Maharashtra,Thane,Artificial Intelligence; Civil Engineering; Computer Engineering; Information Technology; Mechanical Engineering,5
Sai Shiva Educational Trusts Arun Muchhala International College of Hotel Management,Maharashtra,Thane,Hotel Management; Management,2
Sainath Education Trusts H.B. B.Ed. College,Maharashtra,Thane,Education,1
Sakeshwar Gramin Vikas Seva Sanstha Adsul Art's Commerce and Science College,Maharashtra,Ahmednagar,BSc,1
"Sakeshwar Gramin Vikas Seva Sanstha, Sau.Sundarbai Manik Adsul Polytechnic, Chas, Ahmednagar",Maharashtra,Ahmednagar,Civil Engineering; Computer Engineering; Electrical Engineering; Electronics and Telecommunication Engg; Mechanical Engineering,5
"Saket College, Kalyan (E)",Maharashtra,Thane,Arts; Commerce; Information Technology; Science,4
"Saket Gyanpeeths Saket College of Education, Kalyan",Maharashtra,Thane,Education,1
Samadiya College of Arts & Commerce,Maharashtra,Thane,Arts; Commerce,2
"Samaj Prabhodhan Arts,Commerce and Science College, Kanehargaon naka",Maharashtra,Hingoli,Arts; Commerce; Science,3
"Samajseva Shikshan Sansthas, Sharad Pawar Arts, Commerce And Science College, Narangwadi, Place-Umerga, Taluka - Omerga",Maharashtra,Osmanabad,Arts; Commerce; Science,3
"Samarth Education Trust's Arvind Gavali College Of Engineering Panwalewadi, Varye,Satara.",Maharashtra,Satara,Civil Engineering; Computer Engineering; Computer Science and Engineering; Electronics and Telecommunication Engg; Engineering/BTech; Mechanical Engineering,6
"Samarth Group of Institutions (Samarth COE & Polytechnic), Belhe, Junnar, Pune",Maharashtra,Pune,Civil Engineering; Computer Engineering; Electrical Engineering; Electronics and Telecommunication Engg; Engineering/BTech; Information Technology; Mechanical Engineering; Mechatronics,8
"Samarth Group of Institutions, Bangarwadi, Post Belhe Tal. Junnar Dist. Pune",Maharashtra,Pune,Engineering/BTech,1
"Samarth Mahavidyalaya, Jijamata Nagar, Hingoli Dist. Hingoli",Maharashtra,Hingoli,Arts; Commerce; Science,3
"Samarth Rural Education Institute, Samarth Polytechnic, Bangarwadi, Belhe",Maharashtra,Pune,Civil Engineering; Computer Engineering; Electrical Engineering; Electronics and Telecommunication Engg; Information Technology; Mechanical Engineering; Mechatronics,7
Samarth Rural Educational Institute Samarth College Of Computer Science,Maharashtra,Pune,BSc; MCA,2
Samarth Rural Educational Institute Samarth College of Engineering and Management,Maharashtra,Pune,MCA,1
"Samarth. Samaj's. Shivajirao S. Jondhale Polytechnic, Ambernath(E), Mumbai",Maharashtra,Mumbai,Computer Technology; Electrical Engineering; Electronics and Telecommunication Engg; Information Technology; Mechanical Engineering,5
"Sambhaji College (Arts & Commerce) , Murud Tq. Dist. Latur",Maharashtra,Hingoli,Arts; Commerce,2
"Sambhaji Raje College Of Library And Management Science, Place- Beed City, Taluka - Beed",Maharashtra,Beed,Management; Science,2
"Sambhaji Raje College Of Management Science, Place- Shirur Kasaar City, Taluka - Shirur Kasar",Maharashtra,Pune,Management; Science,2
"Sambhajirao Kendre Mahavidyalaya, Jalkot Dist. Latur",Maharashtra,Hingoli,Arts; Commerce; Science,3
"Samridhi Sarwajanik Charitable Trust, Jhulelal Institute of Technology, Nagpur",Maharashtra,Nagpur,Engineering/BTech,1
"Samyak Sankalp College of Arts, Commerce and Science, Kalyan (E)",Maharashtra,Thane,Arts; Commerce; Science,3
Samyak Sankalpa College of Architecture,Maharashtra,Thane,Architecture,1
Sandip Foundation Sandip Institute of Engineering & Management,Maharashtra,Nashik,BSc; MCA,2
Sandip Foundation Sandip Institute of Technology and Research Center,Maharashtra,Nashik,MCA,1
"Sandip Foundation's Sandip Polytechnic, Nashik",Maharashtra,Nashik,Civil Engineering; Computer Engineering; Electrical Engineering; Electronics and Computer Engineering; Information Technology; Mechanical Engineering,6
"Sandip Foundation's, Sandip Institute of Engineering & Management, Nashik",Maharashtra,Nashik,Engineering/BTech,1
"Sandip Foundation, Sandip Institute of Technology and Research Centre, Mahiravani, Nashik",Maharashtra,Nashik,Engineering/BTech,1
"Sandipani Charitable Trust, M.D. Jadhav Institute Of Technology.,Bhose",Maharashtra,Sangli,Civil Engineering; Computer Engineering; Electrical Engineering; Electronics and Telecommunication Engg; Mechanical Engineering,5
"Sangamner Medical Foundation & Research Institutes,Wamanrao Ethape Polytechnic, Velhale, Sangamner",Maharashtra,Ahmednagar,Artificial Intelligence; Civil Engineering; Computer Engineering; Electrical Engineering; Mechanical Engineering,5
"Sanghavi College of Engineering, Varvandi, Nashik.",Maharashtra,Nashik,Engineering/BTech,1
"Sanjay Education Society's Polytechnic, Wadibhokar, Dhule",Maharashtra,Dhule,Civil Engineering; Computer Engineering; Mechanical Engineering,3
Sanjay Ghodawat Institute,Maharashtra,Kolhapur,Aeronautical Engineering; Artificial Intelligence and Machine Learning; Civil Engineering; Computer Science and Engineering; Electrical Engineering; Electronics and Telecommunication Engg; Engineering/BTech; Management; Mechanical Engineering,9
"Sanjay Ghodawat Institute,Hatkanangale, Dist- Kolhapur",Maharashtra,Kolhapur,Civil Engineering; Computer Science and Engineering; Electrical Engineering; Electronics and Telecommunication Engg; Mechanical Engineering,5
"Sanjeevan College Of Home Science And Nutrition, Osmanabad",Maharashtra,Osmanabad,Science,1
"Sanjeevan Gramin Vaidyakiya & Samajik Sahayata Pratishthans Arts, Commerce & Science College, Onde",Maharashtra,Palghar,Arts; Commerce; Science,3
Sanjeevan Group of Institutions,Maharashtra,Kolhapur,Civil Engineering; Computer Science and Engineering; Electrical Engineering; Mechanical Engineering,4
"Sanjeevanee Mahavidyalaya, Chapoli Tq. Chakur Dist. Latur-413513",Maharashtra,Hingoli,Arts; BBA; Commerce; Science,4
"Sanjivani Pratishthan's Institute Of Technology,Kurund",Maharashtra,Solapur,Civil Engineering; Computer Engineering; Electronics and Telecommunication Engg; Mechanical Engineering,4
"Sanjivani Rural Education Society (Sanjivani COE & KBP Polytechnic), Kopargaon",Maharashtra,Ahmednagar,Civil Engineering; Computer Technology; Electrical Engineering; Engineering/BTech; Information Technology; MBA; Mechanical Engineering; Mechatronics; Structural Engineering,9
"Sanjivani Rural Education Society's Sanjivani College of Engineering, Kopargaon",Maharashtra,Ahmednagar,Engineering/BTech,1
"Sanjivani Rural Education Society's Sanjivani K.B.P. Polytechnic, Kopargaon",Maharashtra,Ahmednagar,Civil Engineering; Computer Technology; Electrical Engineering; Mechanical Engineering; Mechatronics,5
"Sankalp Pratishthan, Dhayari Sankalp College of Arts, Commerce & Science",Maharashtra,Pune,BSc,1
"Sanmarg Shikshan Sanstha's Late Vasantdada Polytechnic, Nagpur.",Maharashtra,Nagpur,Computer Engineering; Electrical Engineering; Electronics and Telecommunication Engg; Mechanical Engineering,4
"Sanmarg Shikshan Sanstha's Smt. Radhikatai Pandav College of Engineering, Nagpur",Maharashtra,Nagpur,Engineering/BTech,1
"Sanmarg Shikshan Sanstha, Mandukarrao Pandav College of Engineering, Bhandara",Maharashtra,Bhandara,Engineering/BTech,1
"Sanmarg Shikshan Sanstha, Shri Krushnarao Pandav Polytechnic, Bahadura, Nagpur",Maharashtra,Nagpur,Civil Engineering; Computer Engineering; Electrical Engineering; Electronics and Telecommunication Engg; Mechanical Engineering,5
"Sanmarg Shikshan Sanstha, Shri Sharadchandra Pawar Polytechnic, Bhilewada",Maharashtra,Bhandara,Electrical Engineering; Mechanical Engineering,2
"Sanmati Engineering College, Sawargaon Barde, Washim",Maharashtra,Washim,Engineering/BTech,1
Sanskar Sarjan Education Societys D.T.S.S. College of Commerce & P.D. Turakhia Junior College of Commerce & Science,Maharashtra,Mumbai,Commerce; Education; Science,3
"Sant Bhagwan Baba M.Ed.College Kaij, Place- Kej City, Taluka - Kej",Maharashtra,Beed,Education,1
"Sant Bhagwanbaba Mahavidyalaya, Ghatshil Pargaon, Place- Shirur Kasaar City, Taluka - Shirur",Maharashtra,Pune,Arts; Science,2
"Sant Damaji Appa College, Singanapur, Borwand Bu.Phata Dist. Parbhani",Maharashtra,Parbhani,,0
"Sant Dnyaneshwar B.C.A., B.Sc.C.S. College Dnyaneshwar nagar, Parbhani Dist. Parbhani",Maharashtra,Parbhani,B.Sc; BCA,2
"Sant Dnyaneshwar BCA College Bhalerav Complex, Vasmat Road, Parbhani Dist. Parbhani",Maharashtra,Parbhani,BCA,1
"Sant Dnyaneshwar Chitrakala Mahavidyalaya, Parbhani Dist. Parbhani",Maharashtra,Parbhani,Fine Arts,1
"Sant Dnyaneshwar Mahavidyalaya, Soygaon, Place- Soygaon City, Taluka - Soygaon",Maharashtra,Aurangabad,Arts; Commerce; Science,3
"Sant Gadge Baba Amravati University,Amravati",Maharashtra,Amravati,Engineering/BTech,1
"Sant Gadge Baba College Paranda, Place- Paranda, Taluka - Paranda",Maharashtra,Osmanabad,,0
"Sant Gadge Maharaj Arts, Commerce College, Walgaon",Maharashtra,Amravati,Arts; Commerce,2
Sant Gadge Maharaj College Of Education,Maharashtra,Aurangabad,Education,1
"Sant Gajanan College Of Education, Place- Ambajogai City, Taluka -Ambajogai",Maharashtra,Beed,Education,1
"Sant Gajanan Mahaaraj Arts, Comm.& Science College, Walgaon",Maharashtra,Amravati,Arts; Science,2
"Sant Gajanan Maharaj College of Engineering & Rural Polytechnic, Gadhinglaj, Kolhapur",Maharashtra,Kolhapur,Civil Engineering; Computer Engineering; Electrical Engineering; Electronics and Computer Engineering; Engineering/BTech; Mechanical Engineering; Mechatronics; Medical Laboratory Technology,8
"Sant Gajanan Maharaj College of Engineering, Gadhinglaj",Maharashtra,Kolhapur,Engineering/BTech,1
"Sant Gajanan Maharaj College of Engineering,Chinchewadi, At Post – Mahagaon, Tal-Gadhinglaj, Dist.Kolhapur",Maharashtra,Kolhapur,Engineering,1
"Sant Gajanan Maharaj College of Pharmacy, Chinchewadi, Mahagaon, Tal-Gadhinglaj, Dist-Kolhapur-416 503.",Maharashtra,Kolhapur,Pharmacy,1
"Sant Gajanan Maharaj Rural Polytechnic, Gadhingaj, Kolhapur",Maharashtra,Kolhapur,Civil Engineering; Computer Engineering; Electrical Engineering; Electronics and Computer Engineering; Mechanical Engineering; Mechatronics; Medical Laboratory Technology,7
"Sant Ishwarsingh Arts,Commerce And Science College, Adul, Place- Bidkin, Taluka - Paithan",Maharashtra,Aurangabad,Arts; Commerce; Science,3
"Sant Kabir College Of Arts, Place- Gondegaon, Taluka -Soygaon",Maharashtra,Aurangabad,Arts,1
"Sant Motiram Maharaj Sevabhavi Sanstha's Dnyandeep Arts, Commerce and Science College, Mardasgaon, Tq. Gangakhed,Dist. Parbhani",Maharashtra,Parbhani,Arts; Commerce; Science,3
"Sant Ramdas Arts, Science & Commerce College, Ghanasawangi, Taluka - Ghansavangi Dist Jalna",Maharashtra,Jalna,Arts; Commerce; Science,3
"Sant Ravidas Shikshan Sansthas, Supriya Tai Sule Management Science",Maharashtra,Aurangabad,Management; Science,2
"Sant Rawool Maharaj College, Kudal",Maharashtra,Sindhudurg,Arts; Commerce; Information Technology; Management; Science,5
"Sant Sambhaji Shinde College of Library & Information Science, Parbhani Dist. Parbhani",Maharashtra,Parbhani,Science,1
"Sant Tukaram College, Parbhani Dist. Parbhani",Maharashtra,Parbhani,Arts; Science,2
"Sant Tukaram Law College, Udgir Dist. Latur",Maharashtra,Hingoli,Law,1
"Sant Tukaram Mahavidyalaya, Dhanora (Bu), Tq. Jintur,Dist. Parbhani",Maharashtra,Parbhani,,0
"Sant Tukdoji Maharaj Shikshan Sanstha's Shri Sai Taj Polytechnic, Drugdhamna, Nagpur",Maharashtra,Nagpur,Civil Engineering; Computer Technology; Electrical Engineering; Electronics and Telecommunication Engg; Mechanical Engineering,5
Santosh Education Society Santosh College of Management and Computer Science,Maharashtra,Nashik,BSc,1
"santoshri mata bauudeshiyesh Shaishanik Seva santha A.L.D. Arts, Commerce and Science College",Maharashtra,Nashik,BSc,1
"Santshresht Namdev Maharaj Pathade College, Hingoli Dist. Hingoli",Maharashtra,Hingoli,Arts; Science,2
"Saraswati College of Engineering, Kharghar",Maharashtra,Mumbai,Engineering,1
"Saraswati Education Society's Saraswati College of Engineering,Kharghar Navi Mumbai",Maharashtra,Thane,Engineering/BTech,1
"Saraswati Education Society, Yadavrao Tasgaonkar Institute of Engineering & Technology, Karjat",Maharashtra,Raigad,Engineering/BTech,1
"Saraswati Education Society, Yadavrao Tasgaonkar Polytechnic, Chandha, Nasarapur, Bhivpuri Road Railway",Maharashtra,Raigad,Civil Engineering; Computer Engineering; Electrical Engineering; Information Technology; Mechanical Engineering,5
"Saraswati Education Society,Saraswati Institute of Technology, Kharghar, Navi Mumbai",Maharashtra,Thane,Automobile Engineering; Civil Engineering; Computer Engineering; Information Technology; Mechanical Engineering,5
Saraswati Education Societys Group of Institutions Faculty of Engineering,Maharashtra,Raigad,Education; Engineering,2
Saraswati Education Societys Yadavrao Tasgaonkar Institute of Management Studies & Research,Maharashtra,Raigad,Education; Management,2
"Saraswati Institute of Pharmacy, Vidyanagari, Kurtadi, Tq. Kalamnuri, Dist Hingoli",Maharashtra,Hingoli,Pharmacy,1
"Saraswati Sangeet Arts Mahavidyalaya, Barshi Road, Latur Dist. Latur",Maharashtra,Hingoli,Arts,1
"Sardar Babasaheb Mane Mahavidyalaya, RAHIMATPUR-415511 Tal- Koregaon Dist-Satara",Maharashtra,Satara,Arts; BBA; Commerce; Science,4
"Sardar Patel College of Engineering & SPIT, Andheri, Mumbai",Maharashtra,Mumbai,Civil Engineering; Computer Engineering; Computer Science and Engineering (AI & ML); Computer Science and Engineering (Data Science); Electrical Engineering; Electronics and Telecommunication Engineering; Engineering/BTech; Information Technology; Mechanical Engineering,9
"Sardar Patel College of Engineering, Andheri",Maharashtra,Mumbai,Engineering/BTech,1
"Sardar Ramchand Bade Arts, Commerce, Science Mahavidyalaya, Punal, Tal. Panhala, Dist. Kolhapur",Maharashtra,Kolhapur,Arts; Commerce; Science,3
Sarhad sarhad college,Maharashtra,Pune,BSc; MCA,2
"Sarojini College of Pharmacy, Rajendranagar, Kolhapur.",Maharashtra,Kolhapur,Pharmacy,1
SARSWATI DARSHAN FOUNDATION ARHAM COLLEGE OF MANAGEMENT AND INFORMATION TECHNOLOGY,Maharashtra,Pune,BSc,1
"Sarswati Vidya Prasarak Mandal, Aabasaheb Shivajirao Sitaram Patil Institute of Polytechnic, Chichpura, Tal- Dharangaon,Jalgaon",Maharashtra,Jalgaon,Civil Engineering; Electrical Engineering; Mechanical Engineering,3
Sarvajanik Shikshan Sansthas Adv. V. B. Deshpande College of Commerce (Night),Maharashtra,Mumbai,Commerce,1
"Sasmira's Institute of Manmade Textiles, Mumbai",Maharashtra,Mumbai,Knitting Technology; Textile Chemistry; Textile Technology,3
SASMIRAS INSTITUTE OF COMMERCE & SCIENCE,Maharashtra,Mumbai,Commerce; Science,2
Sasmiras Institute of Management Studies and Research,Maharashtra,Mumbai,Management,1
"Satara Education Society's Satara Polytechnic, Satara",Maharashtra,Satara,Automobile Engineering; Chemical Engineering; Computer Engineering; Electrical Engineering; Electronics and Telecommunication Engg; Mechanical Engineering,6
Satyagrah Adhyapak Mahavidyalaya,Maharashtra,Thane,Education,1
"Sau. Mangaltai Ramchandra Jagtap Mahila Mahavidyalaya, UMBARJ-415 109 Tal- Karad, Dist-Satara",Maharashtra,Satara,Arts; Commerce,2
"Savitabai Phule Shikshan Prasarak Mandal's Rajendra Jotiram Phule Polytechnic, Mirajgaon Tal Karjat. Ahmednagar",Maharashtra,Ahmednagar,Civil Engineering; Computer Engineering; Electrical Engineering; Electronics and Telecommunication Engg; Mechanical Engineering,5
"Savitribai Fule Mahila Shikshan Prasarak Mandal'S, Gurukul College Of Education, Gurukulnagar, Place- Beed City, Taluka -",Maharashtra,Beed,Education,1
"Savitribai Mahila Mv., Washim",Maharashtra,Washim,Arts,1
"Savitribai Phule BCA College, Vasmat Dist. Hingoli",Maharashtra,Hingoli,BCA,1
"Savitribai Phule Mahila Mahavidyalaya, SATARA-415 001",Maharashtra,Satara,Arts; BCA; Commerce,3
"Savitribai Phule Mahila Shikshanshastra Mahavidyalaya, PETH-VADGAON- 416 112 Tal- Hatkanangale",Maharashtra,Kolhapur,Education,1
"Savitribai Phule Womens College, Jalna",Maharashtra,Jalna,Arts; Commerce; Science,3
"Saw.Padmadevi Ramprasadji Somani BCA College, Yeldarkar Colony, Parbhani Dist. Parbhani",Maharashtra,Parbhani,BCA,1
"Sayali Charitable Trusts, College Of Computer Science And Information Technology, Taluka - Aurangabad City",Maharashtra,Aurangabad,Computer Science; Information Technology; Science,3
"Sbes College Of Arts And Commerce, Aurangabad",Maharashtra,Aurangabad,Arts; Commerce,2
Sbspm College Of Computer Science And Information Technology,Maharashtra,Beed,Computer Science; Information Technology; Science,3
School of Environment and Architecture,Maharashtra,Mumbai,Architecture,1
"Seth Hirachand Mutha College, Kalyan (W)",Maharashtra,Thane,Animation; Arts; Commerce; Science,4
"Seva Sadan College of Arts, Science & Commerce, Ulhasnagar",Maharashtra,Thane,Arts; Commerce; Science,3
Seva Sadan College of Education,Maharashtra,Thane,Education,1
"Seva Shikshan Prasarak Mandal, Dr. N. J. Paulbudhe Institute of Technology, Narayandoho Tal Nagar, Ahmednagar",Maharashtra,Ahmednagar,Artificial Intelligence; Civil Engineering; Computer Engineering; Electrical Engineering; Mechanical Engineering,5
"Sevadas Shikshan Prasarak Mandal's Vasantrao Naik Institute of Technology, Vasarni, Nanded",Maharashtra,Nanded,Civil Engineering; Computer Engineering; Electrical Engineering; Electronics and Telecommunication Engg; Information Technology; Mechanical Engineering,6
Shah & Anchor Kutchhi Engineering,Maharashtra,Mumbai,Engineering,1
"Shahaji Law College 1090, E Ward, Shahupuri, KOLHAPUR-416 001",Maharashtra,Kolhapur,Law,1
"Shahajiraje Mahavidyalaya, KHATAV-415 505 Tal-Khatav, Dist-Satara",Maharashtra,Satara,Arts; Commerce; Science,3
Shahajirao Patil Vikas Pratishthan S.B.Patil College of Engineering,Maharashtra,Pune,MCA,1
"Shahajirao Patil Vikas Pratishthan's S.B. Patil College of Engineering, Indapur",Maharashtra,Pune,Artificial Intelligence and Data Science; Civil Engineering; Computer Engineering; Electrical Engineering; Electronics and Telecommunication Engg; Engineering/BTech; Mechanical Engineering,7
"Shahajirao Patil Vikas Pratishthan, S.B.Patil College of Engineering, Vangali, Tal. Indapur",Maharashtra,Pune,Civil Engineering; Computer Engineering; Electrical Engineering; Electronics and Telecommunication Engg; Engineering/BTech; Mechanical Engineering,6
Shahapur Taluka Education Society College of Education,Maharashtra,Thane,Education,1
Shahid Bhagatsingh College of Killari Tq. Ausa Dist. Latur,Maharashtra,Hingoli,Arts; Commerce; Science,3
Shahid Sitaram College of Architecture,Maharashtra,Kolhapur,Architecture,1
"Shahu Raje Adhyapak Mahavidyalaya, Ambejogai Road, Ahemadpur Dist. Latur-413515",Maharashtra,Hingoli,Education,1
"Shahu Shikshan Sanstha (P), Devjibhai Hariya Law College",Maharashtra,Thane,Law,1
"Shahu Shikshan Sansthas Nalanda College of Arts, Commerce, B.Sc. (IT), Law & D.Ed",Maharashtra,Mumbai,Arts; B.Sc; Commerce; Education,4
"Shailendra Educational Socieyts, Arts Commerce & Science College",Maharashtra,Mumbai,Arts; Commerce; Science,3
"Sham Gadale Arts College,Dahifal, Place- Kaij City, Taluka - Kej",Maharashtra,Beed,Arts,1
"Shankarlal Khandelwal Arts, Science & Commerce Mv., Akola",Maharashtra,Akola,Arts; Commerce; Science,3
"Shankarlal Khandewal Arts Sciecne & Umashankar Khetan Comm. College, Akola",Maharashtra,Akola,Arts,1
"Shankarrao Jagtap Arts & Commerce College, WAGHOLI Tal: Karegaon Dist: Satara",Maharashtra,Pune,Arts; Commerce,2
"Shankarrao Jawale Patil Arts, Science And Commerce College, Place-Lohara, Taluka - Lohara",Maharashtra,Osmanabad,Arts; Commerce; Science,3
"Shankarrao Patil Mahavidyalaya (Arts And Commerce), Place- Bhoom,Taluka - Bhoom",Maharashtra,Osmanabad,Arts; Commerce,2
"Shanteshwar College of Computer Science, Ausa Dist. Latur",Maharashtra,Hingoli,Computer Science; Science,2
"Shanti Education Society, A.G. Patil Institute of Technology, Soregaon, Solapur(North)",Maharashtra,Solapur,Engineering/BTech,1
"Shanti Education Society, A.G. Patil Polytechnic Institute, Solapur",Maharashtra,Solapur,Civil Engineering; Computer Engineering; Electrical Engineering; Electronics and Telecommunication Engg; Mechanical Engineering,5
"Shantiniketan Lalit Kala & Natya Tantra Shikshan Mahavidyalaya, C/o Shantiniketan Lok Vidyapeeth, Opposite Sugar Factory, Sangli, Tal-Miraj, Dist-Sangli.",Maharashtra,Sangli,Arts,1
"Sharad Institute of Technology College of Engineering, Yadrav(Ichalkaranji)",Maharashtra,Kolhapur,Engineering/BTech,1
"Sharad Institute of Technology Polytechnic & College of Engineering, Yadrav",Maharashtra,Kolhapur,Artificial Intelligence (AI) and Machine Learning; Automation and Robotics; Civil Engineering; Computer Engineering; Computer Science and Information Technology; Electrical Engineering; Electronics and Computer Engineering; Engineering/BTech; Mechanical Engineering; Mechatronics,10
"Sharad Institute of Technology Polytechnic, Yadrav( Ichalkaranji)",Maharashtra,Kolhapur,Artificial Intelligence; Automation and Robotics; Civil Engineering; Computer Engineering; Computer Science and Information Technology; Electrical Engineering; Electronics and Computer Engineering; Mechanical Engineering; Mechatronics,9
"Sharad P. P.'s Dnyanvardhini College of Computer & Management, Hingoli",Maharashtra,Hingoli,Management,1
"Sharad Pawar College Of Computer Science, Barshi Naka, Osmanabad",Maharashtra,Osmanabad,Computer Science; Science,2
"Sharadchandra Mahavidalya Shiradhon Tq,Kallam,Dist.Osmanabad- 413528",Maharashtra,Osmanabad,Arts,1
"Sharadchandra Pawar Mahavidyalaya LONAND-415 521 Tal-Khandala, Dist- Satara",Maharashtra,Satara,Arts; BCA; Commerce; Science,4
"Sharadchandra Pawar Special College Of B. Ed. (M. R. ), Beribagh Harsul, Place- Aurangabad (Rural Area), Taluka - Aurangabad (Rural Area)",Maharashtra,Aurangabad,Education,1
Sharda Arts & Science College Near Govt. Hospital Parbhani Dist. Parbhani,Maharashtra,Parbhani,Arts; Science,2
"Sharda Polytechnic College, At Post Aurad, Shahajani, Nilanga",Maharashtra,Latur,Civil Engineering; Computer Engineering; Electronics and Telecommunication Engg; Mechanical Engineering,4
"Sharirik Shikshan Mahavidyalaya, KURUNDWAD - 416 106 Tal-Shirol, Dist- Kolhapur(Non functioning college)",Maharashtra,Kolhapur,N/A - listed as non-functioning college,1
Sheila Raheja Hotel & Catering School,Maharashtra,Mumbai,Culinary Arts; Hotel Management,2
Sheila Raheja School of Business Management,Maharashtra,Mumbai,Management,1
"Sheth J.N. Paliwala Commerce College,Science and Arts college, Pali-sudhagad",Maharashtra,Raigad,Arts; Commerce; Science,3
Sheth L.U. Jhaveri College of Arts & Sir M.V. College of Science & Commerce,Maharashtra,Mumbai,Arts; Commerce; Science,3
"Shetkari Shikshan Mandal's Pad. Vasantraodada Patil Institute of Technology, Budhgaon, Sangli",Maharashtra,Sangli,Engineering/BTech,1
"Shetkari Shikshan Mandal's Pad. Vasnatraodada Patil Institute of Technology, Budhgaon,(Diploma) Sangli",Maharashtra,Sangli,Artificial Intelligence; Automobile Engineering; Chemical Engineering; Civil Engineering; Computer Engineering; Electronics and Telecommunication Engg; Mechanical Engineering,7
Shetkari Shikshan Prasarak Mandal,Maharashtra,Beed,Arts; Science,2
"Shetkari Shikshan Prasarak Mandals, Bhausaheb Birajdar Senior College, Balsur, Place- Omerga Taluka - Omerga",Maharashtra,Osmanabad,,0
"Shetkari Shikshan Prasarak Mandals, College Of Physical Education, Place- Ashti City, Taluka - Ashti",Maharashtra,Beed,Education; Physical Education,2
"Shetkari Shikshan Sanstha, College Of Education, Place- Ashti City, Taluka - Ashti",Maharashtra,Beed,Education,1
Shetkari Shikshan Sansthas College of Management Studies and Commerce,Maharashtra,Thane,Commerce; Management,2
"Shikshak Sanchalit Shikshan Sansthas Dr. Shantilal Dhanji Devsey Arts College & Commerce & Science College, Wada",Maharashtra,Palghar,Arts; Commerce; Science,3
"Shikshaknete Shivajirao Patil College Of Education, Bhendala, Tq.- Gangapur",Maharashtra,Aurangabad,Education,1
"Shikshan Maharshi Bapuji Salunkhe Mahavidyalaya, Pantacha Kot, Somwar Peth, KARAD-415 124 Tal- Karad, Dist-Satara",Maharashtra,Satara,Arts; Commerce; Education; Mass Communication,4
"Shikshan Maharshi Dadasaheb Limaye Arts, Commerce, Science",Maharashtra,Thane,Arts; Commerce; Science,3
"Shikshan Maharshi Dadasaheb Rawal Government Polytechnic, Dhule",Maharashtra,Dhule,Automobile Engineering; Civil Engineering; Computer Engineering; Electrical Engineering; Mechanical Engineering,5
"Shikshan Maharshi Dr. Bapuji Salunkhe College, MIRAJ-416 410 Tal- Miraj Dist-Sangli",Maharashtra,Sangli,Arts; Commerce; Science,3
Shikshan Maharshi Dr. D.Y. Patil Shikshan Sanstha Dr.D.Y.Patil Center for Management and Research,Maharashtra,Pune,MCA,1
"Shikshan P. Mandals Kirbet Arts & Commerce College, Sakharpa",Maharashtra,Ratnagiri,Arts; Commerce,2
"Shikshan Prasarak Mandal's Polytechnic,Solapur",Maharashtra,Solapur,Computer Engineering; Electronics and Telecommunication Engg; Mechanical Engineering,3
"Shikshan Prasarak Mandal, N.R. Bhagat Senior College of Arts, Commerce & Science",Maharashtra,Thane,Arts; Commerce; Science,3
Shikshan Prasarak Mandali Prin.N.G. Naralkar Institute Of Career Development And Research,Maharashtra,Pune,PG Diploma,1
Shikshan Prasarak Mandali S. P. College,Maharashtra,Pune,BSc; MCA,2
"Shikshan Prasarak Sanstha Sangamner Nagarpalika Arts, D.J. Malpani Commerce and B.N. Sarada Science College.",Maharashtra,Ahmednagar,BSc; MCA; PG Diploma,3
Shikshan Prasaraka Mandals Ramnarayan Ruia College,Maharashtra,Mumbai,Arts; Mass Communication; Science; Vocational Studies,4
"Shikshan Vikas Mandal, Devgad Shri S.K. Pantwalawalkar College of Education, Devgad",Maharashtra,Sindhudurg,Education,1
"Shikshan Vikas Mandals, Shri. S.H. Kelkar College of Arts, Commerce & Science",Maharashtra,Sindhudurg,Arts; Commerce; Science,3
"Shikshanshastra Mahavidyalaya, KAGAL-416 216 Tal: Kagal Dist: Kolhapur",Maharashtra,Kolhapur,Education,1
"Shikshanshastra Mahavidyalaya, VITA-415 311 Tal:Khanapur Dist:Sangli",Maharashtra,Sangli,Education,1
Shirdi Sai Rural Institute Arts Science and Commerce College,Maharashtra,Ahmednagar,BSc,1
"Shiromani Gurudwara Prabandhak Committees, Guru Nanak Khalsa College of Arts, Science & Commerce",Maharashtra,Mumbai,Arts; Commerce; Science,3
Shirur Shikshan Prasarak Mandal Manikchand Dhariwal Institute of Management and Rural Technology,Maharashtra,Pune,MCA,1
"Shiv Chhatrapati College Of Arts, Pachod, Place- Pachod Taluka - Paithan",Maharashtra,Aurangabad,Arts,1
Shiv Jagruti Senior College Nalegaon Tq. Chakur Dist. Latur-413524,Maharashtra,Hingoli,,0
"Shiva Trust's Ajitdada Pawar College of polytechnic,Vadala Mahadeo, Tal Shrirampur, Ahmednagar",Maharashtra,Ahmednagar,Civil Engineering; Computer Technology; Electrical Engineering; Electronics and Telecommunication Engg; Mechanical Engineering,5
"Shiva Trust's Sharadchanraji Pawar Polytechnic College, Aurangabad.",Maharashtra,Aurangabad,Civil Engineering; Computer Engineering; Electrical Engineering; Electronics and Telecommunication Engg; Mechanical Engineering,5
"Shivaji College Of Arts, Science & Commerce, Place- Kannad City, Taluka - Kannad",Maharashtra,Aurangabad,Arts; Commerce; Science,3
"Shivaji College, Hingoli Dist. Hingoli -431513",Maharashtra,Hingoli,Arts; Commerce; Vocational Studies,3
"Shivaji Institute of Education & Research, Laxmi Narayan College of Management Studies",Maharashtra,Sindhudurg,Education; Management,2
"Shivaji Mahavidyalaya, Renapur Tq. Renapur Dist. Latur",Maharashtra,Hingoli,Arts; Commerce; Science,3
"Shivaji Mahavidyalaya, Udgir Tq. Udgir Dist. Latur-413517",Maharashtra,Hingoli,Arts; BCA; Commerce; Science,4
"Shivaji Shiksha Sanstha, Mumbai Science and Commerce College [Night",Maharashtra,Mumbai,Commerce; Science,2
"Shivaji Shikshan Mandal Jalna, Ajit Pawar Arts, Commerce And Science College, Ram Nagar, Place- Ramnagar (Rural), Taluka -Jalna (Rural Area)",Maharashtra,Jalna,Arts; Commerce; Science,3
"Shivajirao Deshmukh Shikshanshastra Mahavidyalaya, SHIRALA, Tal - Shirala, Dist-Sangli",Maharashtra,Sangli,Education,1
"Shivajirao Jondhle Institute of Law and Research, Asangaon",Maharashtra,Thane,Law,1
"Shivajirao S. Jondhale College of Engineering, Dombivali,Mumbai",Maharashtra,Mumbai,Engineering/BTech,1
"Shivajirao S. Jondhale, Institute of Science and Commerce",Maharashtra,Thane,Commerce; Science,2
"Shivajirao S. Jondhle Polytechnic, Asangaon, Shahapur.Thane",Maharashtra,Thane,Automation and Robotics; Automobile Engineering; Civil Engineering; Computer Engineering; Electrical Engineering; Electronics and Telecommunication Engg; Information Technology; Mechanical Engineering,8
"Shivajirao S.Jondhale Institute of Management Science & Research, Asangaon",Maharashtra,Thane,Management; Science,2
"Shivaraj College of Arts and Commerce & D.S. Kadam Science College, GADHINGLAJ-416502 Tal- Gadhinglaj, Dist- Kolhapur",Maharashtra,Kolhapur,Arts; Commerce; Science,3
Shivchhatrapati College,Maharashtra,Aurangabad,Arts; Commerce; Science,3
"Shivganga Charitable Trust, Sangli Vishveshwarya Technical Campus, Faculty of Diploma Engineering, Patgaon, Miraj",Maharashtra,Sangli,Civil Engineering; Electrical Engineering; Engineering/BTech,3
"Shivlingeshwar College of Pharmacy, Almala Tq. Ausa Dist. Latur",Maharashtra,Hingoli,Pharmacy,1
Shivnagar Vidya Prasarak Mandal College of Commerce Science and Computer Education,Maharashtra,Pune,BSc,1
"Shivnagar Vidya Prasarak Mandal's College of Engineering, Malegaon-Baramati",Maharashtra,Pune,Engineering/BTech,1
"Shivnagar Vidya Prasarak Mandal's Institute of Tech. & Engg., Malegaon(Bk.)",Maharashtra,Nashik,Automobile Engineering; Civil Engineering; Computer Engineering; Electrical Engineering; Electronics and Telecommunication Engg; Information Technology; Mechanical Engineering,7
"Shivneri Mahavidyalaya, Palam Dist. Parbhani",Maharashtra,Parbhani,Arts; Commerce; Science,3
"Shivneri Mahavidyalaya, Shiruranantpal Dist. Latur-413544",Maharashtra,Hingoli,Arts; Commerce; Science,3
Shivraj College Partur,Maharashtra,Jalna,BBA; BCA,2
"Shivraj Mahavidyalaya, Pimpalgaon Kolte",Maharashtra,Jalna,,0
"Shivramji Moghe Mv., Kelapur",Maharashtra,Yavatmal,Arts; Commerce; Hotel Management; Science,4
"Shivramji Moghe Science , Arts & Commerce College,Kelapur",Maharashtra,Yavatmal,Arts; Commerce; Science,3
"Shivshakti College Of Computer Science, Place- Vashi, Taluka - Vashi",Maharashtra,Thane,Computer Science; Science,2
"Shivshakti Mv., Babhulgaon",Maharashtra,Yavatmal,Arts; Commerce; Science,3
"Shivtej Arogya Seva Sansthas Siddhayog Law College, Khed",Maharashtra,Pune,Law,1
"Shramik Shikshan Mandals F.G. Naik College of Arts, Science (IT) and Commerce",Maharashtra,Thane,Arts; Commerce; Science,3
"Shramjivi Shikshan Prasarak Mandals, College Of Education, Place- Umerga, Taluka - Omerga",Maharashtra,Osmanabad,Education,1
"Shramsadhana Bombay Trust, College of Engineering & Technology, Jalgaon",Maharashtra,Jalgaon,Engineering/BTech,1
"Shree Bharavnath Nisarga Mandal, Diploma in Engineering and Technology, Gevrai Tanda, Aurangabad",Maharashtra,Aurangabad,Computer Science and Engineering; Electrical Engineering; Mechanical Engineering,3
Shree Chanakya Education Society Indira College of Commerce and Science Pune,Maharashtra,Pune,BSc; MCA,2
"Shree Datta Shetakari Sahakari Sakhar Karkhana Ltd. Charitable Trust, Appasaheb Alias SA. RE.Patil Instiute of Technology, Dattanagar Tal-Shirol, Dist Kolhapur",Maharashtra,Kolhapur,Civil Engineering; Computer Engineering; Electrical Engineering; Mechanical Engineering,4
"Shree Dhaneshwari Manav Vikas Mandal Diploma In Engineering And Technology Institute, Hatta, Tal. Basmat, Hingoli",Maharashtra,Hingoli,Civil Engineering; Electrical Engineering; Mechanical Engineering,3
"Shree Dhaneshwari Manav Vikas Mandal's Dr. Vedprakash Patil Arts, Commerce Science mahavidyalaya, Hatta Tq. Vasmat Dist. Hingoli",Maharashtra,Hingoli,Arts; Commerce; Science,3
"Shree Gajanan Maharaj Shikshan Prasarak Manda'l Sharadchandra Pawar College of Engineering, Dumbarwadi",Maharashtra,Pune,Engineering/BTech,1
Shree Gurudatta Gramvikas Pratishthan Jijamata Senior College,Maharashtra,Pune,BSc,1
Shree Halari Visa Oswal College of Commerce,Maharashtra,Thane,Commerce,1
"Shree Kshetra Aajubai Presidency Science, Commerce Arts Junior And Senior College, Anwa, Place- Anva, Taluka - Bhokardan",Maharashtra,Jalna,Arts; Commerce; Science,3
"Shree L.R. Tiwari College of Engineering, Mira Road, Mumbai",Maharashtra,Mumbai,Engineering/BTech,1
Shree Narayan Guru College of Education,Maharashtra,Mumbai,Education,1
Shree Panchal Samaj Madhyavati Mandals Yeshwantrao Chaphekar College of Commerce & Management,Maharashtra,Palghar,Commerce; Management,2
"Shree Ramchandra College of Engineering, Lonikand,Pune",Maharashtra,Pune,Artificial Intelligence and Machine Learning; Civil Engineering; Computer Engineering; Electrical Engineering; Engineering/BTech; Mechanical Engineering,6
"Shree Ramraje College of IT, Media and Hotel Management",Maharashtra,Ratnagiri,Hotel Management; Management,2
"Shree Sai Samajik Vikas Sanstha, Nath Polytechnic, Paithan, Dist. Aurangabad",Maharashtra,Aurangabad,Civil Engineering; Electrical Engineering; Mechanical Engineering,3
"Shree Samarth Academy’s, Shree Samarth Polytechnic, Mhasane Village Mhasane , Tal.Parner, Ahmednagar",Maharashtra,Ahmednagar,Civil Engineering; Computer Engineering; Electronics and Telecommunication Engg; Mechanical Engineering,4
"Shree Santkrupa Shikshan Sanstha, Shree Santkrupa Institute Of Engineering & Technology, Karad",Maharashtra,Satara,Artificial Intelligence; Civil and Environmental Engineering; Engineering/BTech; Mechatronics,4
"Shree Santkupa College of Pharmacy, GHOGAON, Tal-Karad, Dist-Satara",Maharashtra,Satara,Pharmacy,1
"Shree Shankar Narayan Education Trust Shankar Narayan College of Arts, Commerce, B.M.S., B.Sc. (IT), B.Com. (B & I) & B.Com. (A & F)",Maharashtra,Thane,Arts; B.Sc; Commerce; Education,4
"Shree Shankar Narayan Education Trust,Pravin Patil College of Diploma Engg. & Technology, Bhayinder (E) Western Rly",Maharashtra,Thane,Engineering/BTech,1
"Shree Shiv-Shahu Mahavidyalaya SARUD-416 214, Tal- Shahuwadi, Dist- Kolhapur",Maharashtra,Kolhapur,Arts; BCA; Commerce; Science,4
"Shree Shivaji Education Society's Dr. Panjabrao Deshmukh Girls Polytechnic, Amravati",Maharashtra,Amravati,Computer Engineering; Electronics and Telecommunication Engg,2
"Shree Shivaji Education Society's Dr. Panjabrao Deshmukh Polytechnic, Amravati",Maharashtra,Amravati,Civil and Rural Engineering; Computer Engineering; Electronics Engineering,3
"Shree Siddheshwar Women's College Of Engineering & Polytechnic, Solapur",Maharashtra,Solapur,Artificial Intelligence and Data Science; Civil Engineering; Computer Engineering; Electrical Engineering; Electronics and Telecommunication Engg; Engineering/BTech; Information Technology,7
Shree Siddheshwar Women's College Of Engineering Solapur.,Maharashtra,Solapur,Engineering/BTech,1
Shree Swaraj Education Society Swaraj College of Commerce and Computer Studies,Maharashtra,Pune,BSc; MCA,2
"Shree Tripura Mahavidyalaya, Ambajogai Road Latur, Dist. Latur",Maharashtra,Hingoli,Arts; Commerce; Science,3
"Shree Tuljabhavani College of Engineering, Tuljapur",Maharashtra,Osmanabad,Engineering/BTech,1
"Shree Vithal Education and Research Institute (SVERI COE & Polytechnic), Pandharpur",Maharashtra,Solapur,Civil Engineering; Computer Engineering; Electrical Engineering; Electronics and Telecommunication Engg; Engineering/BTech; Information Technology; MBA; MCA; Mechanical Engineering,9
"Shree Vitthal Edu. and Research Institute, College of Engineering (Polytechnic), Gopalpur, Pandharpur",Maharashtra,Solapur,Civil Engineering; Computer Engineering; Electrical Engineering; Electronics and Telecommunication Engg; Information Technology; Mechanical Engineering,6
"Shree Yash Pratishthan, Shreeyash College of Engineering and Technology, Aurangabad",Maharashtra,Aurangabad,Artificial Intelligence; Civil Engineering; Computer Engineering; Electrical Engineering; Electronics and Telecommunication Engg; Engineering/BTech; Mechanical Engineering,7
"Shree. Kapildhara Polytechnic, Igatpuri.",Maharashtra,Nashik,Civil Engineering; Computer Technology; Electrical Engineering; Electronics and Telecommunication Engg; Mechanical Engineering,5
"Shreemant Bhaiyyasaheb Rajemane College, MHASWAD-415 509 Tal- Man, Dist-Satara",Maharashtra,Satara,Arts; Commerce; Science,3
"Shreeyash Pratishthans,Shreyash College Of Engineering, Place-Aurangabad (Rural Area), Taluka - Aurangabad (RuralArea)",Maharashtra,Aurangabad,Engineering,1
"Shri Ambabai Talim Sanstha, Sanjay Bhokare Group of Institutes, Faculty of Management, Tilak Nagar, Miraj-Sangli Road, Miraj – 416 414, Dist-Sangli.",Maharashtra,Sangli,Management,1
"Shri Amolak Jain Vidya Prasarak Mandal Kada Sanchilit, Smt Shantabai Kantilal Gandhi Arts, Amolak Science, Pannalal Hiralal Gandhi Commerce College",Maharashtra,Beed,Arts; Commerce; Science,3
Shri Anand Vidya Prasarak mandal SANCHETI COLLEGE OF ARTS COMMERCE & SCIENCE,Maharashtra,Pune,BSc,1
"Shri Annasaheb Dange Arts, Commerce & Science College, HATKANANGALE-416 109 Tal- Hatkanangale,Dist- Kolhapur",Maharashtra,Kolhapur,Arts; Commerce; Science,3
"Shri Asaramji Bhandwaldar Arts, Comm. & Sci. College Deogaon R Tq. Kannad",Maharashtra,Aurangabad,Arts,1
"Shri Balaji Shikshan Prasarak Mandal Sanchalit, College Of Pharmacy, Place- Ambajogai City, Taluka -",Maharashtra,Beed,Pharmacy,1
"Shri Balasaheb Mane Shikshan Prasarak Mandal’s Group of Institution,Faculty of Management Studies, Vathar Tarfe Vadgaon, Tal–Hatkanangale,Dist-Kolhapur",Maharashtra,Kolhapur,Management,1
"Shri Balasaheb Mane Shikshan Prasarak Mandal’s Group of Institution,Faculty of Management Studies, Vathar Tarfe Vadgaon, Tal–Hatkanangale,Dist-Kolhapur (Ashokrao Mane Group Of Institution, Vathar Tarf, Peth Vadgaon)",Maharashtra,Kolhapur,Management,1
Shri Baleshwar Shaikshanik Va Krushi Vikas Foundation Shri Swami Samarth Institute of Computer Sciecne and Technology Malvadi (Beta),Maharashtra,Ahmednagar,BSc,1
Shri Baleshwar Shaikshanik Va Krushi Vikas Foundation Shri Swami Samarth Institute of Management & Technology,Maharashtra,Ahmednagar,MCA,1
"Shri Baneshwar Shikshan Sanstha's Shri Baneshwar Arts, Science and Commerce College",Maharashtra,Ahmednagar,BSc; MCA,2
"Shri Bankatswami Mahavidyalaya,Beed, Place- Beed City, Taluka - Beed",Maharashtra,Beed,Arts; Commerce; Science; Vocational Studies,4
"Shri Bhagwan Prathisthan, Nathnagar, Pathardi New Bhagwan arts, commerce and science college, tanlurwadi, Pathardi",Maharashtra,Ahmednagar,BSc; MCA,2
"Shri Chatrapati Shivaji Arts College, Pangaon Tq. Renapur Dist. Latur",Maharashtra,Hingoli,Arts,1
"Shri Chatrapati Shivaji Shikshan Sanstha Shri Chatrapati Shivaji Arts College (Arts,Science,Commerce).",Maharashtra,Ahmednagar,BSc; MCA,2
"Shri Chhatrapati Shivaji Arts, Science And Commerce College, Place-Umerga, Taluka - Omerga",Maharashtra,Osmanabad,Arts; Commerce; Science,3
"Shri Chhatrapati Shivaji Shikshan Sanstha's Indira Gandhi Poly. Belwandi (su) ,Tal-Shrigonda Dist- Ahmednagar",Maharashtra,Ahmednagar,Civil Engineering; Computer Engineering; Electronics and Telecommunication Engg; Mechanical Engineering,4
"Shri Chhatrapati Shivaji Shikshan Sanstha, Vasant Polytechnic College, Beed",Maharashtra,Beed,Computer Engineering; Electrical Engineering; Electronics and Telecommunication Engg; Mechanical Engineering,4
"Shri Dadasaheb Gavai Charitable Trust's Vikramshila Polytechnic,Darapur, Tal. Daryapur, Dist. Amravati",Maharashtra,Amravati,Civil Engineering; Electrical Engineering; Electronics and Telecommunication Engg; Mechanical Engineering,4
Shri Dadasaheb Rajale Shikshan Sanstha Dada Patil Rajale Arts and Science College,Maharashtra,Ahmednagar,BSc,1
"Shri Dattakrupa Shaikshanik & Krushi Gramvikas Pratisthn's Saikrupa Polytechnic, Ghargaon, Tal Shrigonda, Ahmednagar",Maharashtra,Ahmednagar,Civil Engineering; Computer Engineering; Mechanical Engineering,3
"Shri Dombivli Mitra Mandal Matrushri Kashiben Motilal Patel, Senior College of Commerce, Thakurli",Maharashtra,Thane,Commerce,1
"Shri G.P.M. Degree College of Science & Commerce, (BMS,) B.Sc.(IT), B.Sc (C.S)",Maharashtra,Mumbai,B.Sc; Commerce; Science,3
"Shri Gadge Maharaj Mv., Murtizapur",Maharashtra,Akola,Arts; Commerce; Vocational Studies,3
"Shri Ganesh Shikshan Prasarak Mandal, Balaghat Polytechnic College, Rudha, Latur",Maharashtra,Latur,Civil Engineering; Computer Engineering; Electrical Engineering; Mechanical Engineering,4
"Shri Govindaprabhu Gramin & Shahari Vikas Sevabhavi Sanstha's MDA Institute of Polytechnic Kolpa, Latur",Maharashtra,Latur,Civil Engineering; Computer Engineering; Electrical Engineering; Information Technology; Mechanical Engineering,5
"Shri Guru Gobind Singhji Institute of Engineering and Technology (SGGSIE&T), Nanded",Maharashtra,Nanded,Civil Engineering; Computer Science and Engineering; Electrical Engineering; Electronics and Telecommunication; Engineering/BTech; Information Technology; Instrumentation Engineering; Mechanical Engineering; Production Engineering; Textile Technology,10
"Shri Guru Gobind Singhji Institute of Engineering and Technology, Nanded",Maharashtra,Nanded,Engineering/BTech,1
"Shri Guru Virupaksha Shivacharya Maharaj Arts College, Manur, Place- Shirur Kasaar City, Taluka - Shirur Kasar",Maharashtra,Pune,Arts,1
"Shri Gurubudhi Swami Mahavidyalaya, Purna Dist. Parbhani",Maharashtra,Parbhani,Arts; Commerce; Science,3
"Shri Gurudeo Educational Memorial & Cultural Society, Om Polytechnic College, Mauza Parsodi, Tal-Umrer,Nagpur",Maharashtra,Nagpur,Computer Engineering; Electrical Engineering; Mechanical Engineering; Mining Engineering,4
"Shri Hanuman Vyayam Prasarak Mandals College of Engineering & Technology, Amravati",Maharashtra,Amravati,Engineering/BTech,1
"Shri Hawagiswami College, Udgir Tq. Udgir Dist. Latur-413517",Maharashtra,Hingoli,Arts; Commerce; Science,3
"Shri Iswarrao More-Patil Arts, Commerce & Science Mahila Mahavidyalaya, Ekta nagar, Dighanchi, Tal. Atpadi, Dist. Sangli",Maharashtra,Sangli,Arts; Commerce; Science,3
"Shri Jain Vidya Prasarak Mandal's Rasiklal M. Dhariwal Institute of Technology, Chinchwadgaon, Pune",Maharashtra,Pune,Artificial Intelligence; Automobile Engineering; Computer Engineering; Mechanical Engineering,4
"Shri Joytiba Comp. Science College, Mondha, Parbhani Dist. Parbhani",Maharashtra,Parbhani,Science,1
Shri Khanderai Pratishtan Dnyansagar Institute Of Management And Research,Maharashtra,Pune,MCA,1
"Shri Krishna Education & Cultural Mandal, Shri Gulabrao Deokar Polytechnic, Jalgaon",Maharashtra,Jalgaon,Civil Engineering; Computer Engineering; Electrical Engineering; Mechanical Engineering,4
"Shri Kulswamini Education Trusts, Maharaja Sayajirao Gaikwad College, Place- Aurangabad City (Municipal Corp. Area) , Taluka - Aurangabad City",Maharashtra,Aurangabad,Education,1
"Shri Kumarswami Mahavidyalaya, Ausa Tq. Ausa Dist. Latur-413520",Maharashtra,Hingoli,Arts; Commerce; Science,3
"Shri L. P. Raval Education Trusts, Shri L. P. Raval College of Education & Research",Maharashtra,Thane,Education,1
Shri L.R. Tiwari College of Engineering,Maharashtra,Thane,Engineering,1
"Shri Lalbahaddur Shastri Shikshan Prasarak Mandal, VJ Polytechnic, Mouza Khamona, Tah- Rajura, Chandrapur",Maharashtra,Chandrapur,Civil Engineering; Computer Science and Engineering; Electrical Engineering; Information Technology; Mechanical Engineering; Medical Laboratory Technology; Mining and Mine Surveying,7
"Shri Mahavir Jain Vidyalaya, Lasalgaon Tal- Niphad Shri Mahavir Arts Commerce & Science College, Lasalgaon",Maharashtra,Nashik,BSc,1
Shri Marutrao Ghule Patil Shikshan Sanstha Jijamata College of Science & Arts,Maharashtra,Ahmednagar,BSc; MCA,2
Shri Mohata Devi Computer Science College,Maharashtra,Aurangabad,Computer Science; Science,2
Shri Moreshwar College Gangamasla Tq. Majalgaon Dist. Beed 43 11 31,Maharashtra,Beed,Arts; Science,2
"Shri Muktanand College, Gangapur, Place- Gangapur City, Taluka - Gangapur",Maharashtra,Aurangabad,Arts; BCA; Commerce; Science; Vocational Studies,5
"Shri Murudeshwar College, Petshivni Tq.Palam Dist. Parbhani",Maharashtra,Parbhani,Arts; Commerce; Science,3
"Shri Namdeo Motiram Mangaonkar Arts & Commerce Senior College, Mond",Maharashtra,Sindhudurg,Arts; Commerce,2
"Shri Narsinha Shikshan Prasarak Mandal,Ramrao Nikam Polytechnic College, Indoli Tal-Karad, Dist-Satara",Maharashtra,Satara,Civil Engineering; Mechanical Engineering,2
Shri Nath College Of Education(B. Ed).,Maharashtra,Aurangabad,Education,1
"Shri Neminath Jain Brahmacharyashram Shri Neminath Jain Bramhacharyashram(Jain Gurukul) Karmaveer Keshavlalji Harakchandji Abad Arts And Shriman M.G.Lodha Commerce & Shriman P.H. Jain Science College, Chandwad",Maharashtra,Nashik,BSc,1
"Shri Nirmaladevi Education Soceity's Sonatai Pandav Polytehnic, Paradsinga",Maharashtra,Nagpur,Civil Engineering; Computer Engineering; Electrical Engineering; Electronics and Telecommunication Engg; Mechanical Engineering,5
"Shri P.D. Jain Arts College, Ansing",Maharashtra,Washim,Arts,1
"Shri R.K. Patil Arts,Commerce & Science College, Sankh, Tal. Jat, Dist. Sangli",Maharashtra,Sangli,Arts; Commerce; Science,3
"Shri Radhakisan L.Toshniwal Science College, Akola",Maharashtra,Akola,Science,1
"Shri Rajasthani Seva Sanghs, Smt. Parmeshwaridevi Durgadutt Tibrewala Lions Juhu College of Arts, Commerce & Science",Maharashtra,Mumbai,Arts; Commerce; Science,3
Shri Ram College of Commerce,Maharashtra,Mumbai,Commerce,1
"Shri Ramdeobaba College of Engineering and Management (RCOEM), Nagpur",Maharashtra,Nagpur,Biomedical Engineering; Civil Engineering; Computer Science and Engineering; Electrical Engineering; Electronics Engineering; Electronics and Communication; Engineering/BTech; Industrial Engineering; Information Technology; MBA; MCA; Mechanical Engineering,12
"Shri Ramdeobaba College of Engineering and Management, Nagpur",Maharashtra,Nagpur,Engineering/BTech,1
"Shri Rameshbhau Shendage Arts, Commerce,B. C. A. & B. Sc. Computer Science College, Indewadi.",Maharashtra,Jalna,Arts; BCA; Commerce; Computer Science; Science,5
"Shri Rangao Bhise College of Computer Science, Renapur Dist. Latur",Maharashtra,Hingoli,Computer Science; Science,2
"Shri Raosaheb Ramrao Patil College, SAVALAJ-416 311 Tal- Tasgaon Dist-Sangli",Maharashtra,Sangli,Arts; Science,2
Shri S.G. M. Mv. Borgaon Manju,Maharashtra,Akola,Arts,1
"Shri Sadashivrao Patil Shikshan Sanstha's Kamptee Polytechnic, Kamptee",Maharashtra,Nagpur,Civil Engineering; Electrical Engineering; Mechanical Engineering; Mining and Mine Surveying,4
"Shri Sai B.C.A. College ,Near Dr. Karim Hospital, Parbhani",Maharashtra,Parbhani,BCA,1
"Shri Sai Institute of Technology(Polytechnic),Aurangabad",Maharashtra,Aurangabad,Civil Engineering; Computer Science and Engineering; Electrical Engineering; Electronics and Telecommunication Engg; Mechanical Engineering,5
"Shri Sai Janavikas Pratishtan's Sow.Shardadevi Pandit Polytechnic institute,Alani, Osmanabad",Maharashtra,Osmanabad,Civil Engineering; Computer Engineering; Electrical Engineering; Mechanical Engineering,4
"Shri Sai Samajik Vikas Santha'S Shri Sai College Of Engineering, Pardari,Aurangabad",Maharashtra,Aurangabad,Engineering,1
"Shri Sai Shikshan Sanstha's Nit Polytechnic, Nagpur",Maharashtra,Nagpur,Civil Engineering; Computer Engineering; Electrical Engineering; Electronics and Telecommunication Engg; Mechanical Engineering,5
"Shri Saibaba Computer & Information Technology College, Latur Dist. Latur",Maharashtra,Hingoli,Information Technology,1
"SHRI SAIBABA SANSTHAN TRUST SHIRDI SHRI SAIBABA COLLEGE,SHIRDI",Maharashtra,Ahmednagar,BSc,1
"Shri Sairaj Shikshan Pratishtan Pune Vishwalata Arts, Science and Commerce college",Maharashtra,Nashik,BSc; MCA,2
"Shri Sampatrao Mane Mahavidyalaya, KHANAPUR-415 307 Tal- Khanapur Dist-Sangli",Maharashtra,Sangli,Arts; Computer Applications (PGDCA),2
"Shri Sant Damaji Appa B.C.A. College, Gangakhed Dist. Parbhani",Maharashtra,Parbhani,BCA,1
"Shri Sant Gadagebaba Mahavidyalaya, KAPASHI-416 214 Tal- Shahuwadi, Dist- Kolhapur",Maharashtra,Kolhapur,Arts,1
"Shri Sant Gadge Maharaj Adhyapak Mahavidyalaya, Hingoli Dist. Hingoli",Maharashtra,Hingoli,Education,1
"Shri Sant Gajanan Maharaj College of Engineering,Shegaon",Maharashtra,Buldhana,Engineering/BTech,1
"Shri Sant Savta Mali Gramin Mahavidyalaya, Phulambri",Maharashtra,Aurangabad,Arts; Commerce; Science; Vocational Studies,4
"Shri Saraswati Teachers College Of Education Nagazari, Place- Ambajogai City, Taluka - Ambajogai",Maharashtra,Beed,Education,1
"Shri Sarswati Social Work Mv., Washim",Maharashtra,Washim,Social Work,1
"Shri Seetaramji Munde Arts & Commerce College, Jintur Dist. Parbhani",Maharashtra,Parbhani,Arts; Commerce,2
"Shri Shahaji Chhatrapati Mahavidyalaya, Dasara Chowk, KOLHAPUR-416 002",Maharashtra,Kolhapur,Arts; BCA; Commerce; MBA; MCA; Science,6
Shri Shivaji Arts & Comm & Sci. Mv. Akola,Maharashtra,Akola,Arts,1
"Shri Shivaji Arts & Comm. College, Amravati",Maharashtra,Amravati,Arts,1
"Shri Shivaji Arts, Comm & Science College, Akot",Maharashtra,Akola,Arts; Science,2
"Shri Shivaji Arts, Comm. & Science Mv., Akola",Maharashtra,Akola,Arts; Science,2
"Shri Shivaji Arts, Comm.& Science Akola",Maharashtra,Akola,Arts; Science,2
"Shri Shivaji Arts, Commerce & Science mv., Akola",Maharashtra,Akola,Arts; Commerce; Science,3
"Shri Shivaji Arts, Commerce & Science mv., Akot",Maharashtra,Akola,Arts; Commerce; Science,3
"Shri Shivaji Arts, Science College, Chikhli",Maharashtra,Buldhana,Arts; Science,2
"Shri Shivaji College of Edu, Amravati",Maharashtra,Amravati,Education,1
"Shri Shivaji College of Physical Edu, Amravati",Maharashtra,Amravati,Physical Education,1
"Shri Shivaji College, Vasmat Road, Parbhani Dist. Parbhani",Maharashtra,Parbhani,Arts; BBA; BCA; Commerce; Education; Mass Communication; Science,7
"Shri Shivaji Education Society's College of Engineering and Technology, Akola",Maharashtra,Akola,Engineering/BTech,1
"Shri Shivaji Law College, Vasmat Road, Parbhani Dist. Parbhani",Maharashtra,Parbhani,Law,1
"Shri Shivaji Maratha Society Samajbhushan Baburao Alias Appasaheb Jedhe Arts, Commerce and Science College",Maharashtra,Pune,BSc,1
"Shri Shivaji Mv., Chikhli",Maharashtra,Buldhana,Arts; Commerce; Science,3
"Shri Shivaji Science College, Chikhli",Maharashtra,Buldhana,Science,1
"Shri Shivaji Science College., Amravati",Maharashtra,Amravati,Science,1
"Shri Shivaji Viddhya Prasarak Sanstha's Bapusaheb Shivajirao Deore Polytechnic, Dhule",Maharashtra,Dhule,Civil Engineering; Computer Engineering; Mechanical Engineering,3
"Shri Shivaji Vidya Prasarak Sanstha's Late Bapusaheb Shivaji Rao Deore College of Engineering,Dhule",Maharashtra,Dhule,Engineering/BTech,1
"Shri Shyamrao Patil Journalism College, Latur V.B.S.S. Mitra Nagar Dist. Latur-413512",Maharashtra,Hingoli,Journalism; Mass Communication,2
"Shri Siddheshwar Shikshan Mandal's College of Architecture, Solapur",Maharashtra,Solapur,Architecture,1
SHRI SOMESHWAR SHIKSHAN PRASARAK MANDALS SHARADCHANDRA PAWAR INSTITUTE OF TECHNOLOGY SOMESHWARNAGAR.,Maharashtra,Pune,Civil Engineering; Computer Engineering; Electrical Engineering; Mechanical Engineering,4
"Shri Sudhakarrao Naik Arts & Umashankar Khetan Commerce Mv., Akola",Maharashtra,Akola,Arts; Commerce,2
"Shri Swami Samarth BCA College, Aundha Dist. Hingoli",Maharashtra,Hingoli,BCA,1
"Shri Swami Samarth College Of Computer Science, Aurangabad Rural",Maharashtra,Aurangabad,Computer Science; Science,2
"Shri Swami Samarth Senior College Of Arts And Science, Ruibhar, Place- Osmanabad,Taluka - Osmanabad",Maharashtra,Osmanabad,Arts; Science,2
"Shri Swami Samarth Vidyaprasarak Mandal Arts, Commerce & science College",Maharashtra,Nashik,BSc,1
"Shri Tambeshwar College Of Computer Science And Management Science, Place- Kej City, Taluka - Kej",Maharashtra,Beed,Computer Science; Management; Science,3
"Shri Tuljabhavani Arts AndScience College, Chitte Pimpalgaon, Place- Aurangabad (Rural Area), Taluka - Aurangabad (RuralArea)",Maharashtra,Aurangabad,Arts,1
"Shri Tuljabhavani College Of Engg., Tuljapur, Place- Tuljapur City, Taluka",Maharashtra,Osmanabad,Civil Engineering; Electronics and Telecommunication Engineering,2
"Shri Umajirao Sanamadikar Medical Foundation's Siddharath Polytechnic, Jath",Maharashtra,Sangli,Civil Engineering; Computer Engineering; Electrical Engineering; Mechanical Engineering,4
"Shri V.D Deshmukh College of M.C.A. latur- nanded Road, Kolpa, Latur Dist. Latur",Maharashtra,Hingoli,Education; MCA,2
"Shri Vatavruksha Swami Maharaj Devasthan's, Kai.Kalyanrao (Balasaheb) Ingale Polytechnic College, Akkalkot",Maharashtra,Solapur,Civil Engineering; Computer Engineering; Electronics and Telecommunication Engg; Mechanical Engineering,4
"Shri Venkatesh Mahavidyalaya, ICHALKARANJI-416115 Tal: HatkanangaleDist:Kolhapur",Maharashtra,Kolhapur,BBA; Commerce,2
"Shri Venkateshwara College of Science, Peth, Tal. Walwa,Dist. Sangli",Maharashtra,Sangli,Science,1
"Shri Vile Parle Kelavani Mandal's Institute of Technology, Dhule",Maharashtra,Dhule,Engineering/BTech,1
"Shri Vile Parle Kelavani Mandal, Dr. Bhanuben Nanavati College of Pharmacy, Vile Parle",Maharashtra,Mumbai,Pharmacy,1
Shri Vile Parle Kelavani Mandals Usha Pravin Gandhi College of Management,Maharashtra,Mumbai,Management,1
"Shri Vile Parle Kelvani Mandal Mithibai College of Arts, Chauhan Institute of Science & Amrutben Jivanlal College of Commerce & Economics",Maharashtra,Mumbai,Arts; Commerce; Science,3
"Shri Vile Parle Kelvani Mandal's Dwarkadas J. Sanghvi College of Engineering, Vile Parle,Mumbai",Maharashtra,Mumbai,Engineering/BTech,1
Shri Vile Parle Kelvani Mandals Narsee Monjee College of Commerce & Economics,Maharashtra,Mumbai,Commerce,1
"Shri Vithal Education and Research Institute's College of Engineering, Pandharpur",Maharashtra,Solapur,Engineering/BTech,1
"Shri Vyankatesh Arts Commerce & Science Cllege, Deulgaon Raja",Maharashtra,Buldhana,Arts; Commerce; Science,3
"Shri Vyankatesh Shikshan Sanstha's,Shri Vyankatesh Polytechnic, Yelakeli, Ta- Seloo,Wardha",Maharashtra,Wardha,Civil Engineering; Computer Engineering; Electronics and Telecommunication Engg; Mechanical Engineering,4
"Shri Wagheshwar Gramvikas Pratishtan Shri Vasantrao Pharate-Patil Arts, Commerce and Science College",Maharashtra,Pune,BSc,1
Shri Yashwantrao Chavan Shikshan Prasarak Mandals Sinhgad College of Commerce,Maharashtra,Mumbai,Commerce,1
"Shri Yoganand Swami Arts Mahavidyalaya, Vasmat Nagar Dist. Hingoli -431512",Maharashtra,Hingoli,Arts,1
"Shri. Ambabai Talim Sanstha's Sanjay Bhokare Group of Institutes, Miraj",Maharashtra,Sangli,Artificial Intelligence; Artificial Intelligence (AI) and Machine Learning; Civil Engineering; Computer Engineering; Electrical Engineering; Electronics and Computer Engineering; Engineering/BTech; Mechanical Engineering,8
"Shri. Balaji Shikshan Prasarak Mandals, College Of Education, Place-Ambajogai City, Taluka - Ambajogai",Maharashtra,Beed,Education,1
"Shri. Balasaheb Mane Shikshan Prasarak Mandal's, Ashokrao Mane Group of Institutions",Maharashtra,Kolhapur,Engineering/BTech,1
"Shri. Bhaiyasaheb Patil Institute of Technology, Jalgaon",Maharashtra,Jalgaon,Artificial Intelligence; Civil Engineering; Computer Engineering; Electrical Engineering; Mechanical Engineering,5
"Shri. Chhatrapati Shivaji Sansthas, Arts College, Adas, Place-Adas, Taluka",Maharashtra,Beed,Arts,1
"Shri. D.D.Vispute College of Pharmacy & Research Center, New Panvel",Maharashtra,Raigad,Pharmacy,1
"Shri. Dadasaheb Gawai Charitable Trust's Dr. Smt. Kamaltai Gawai Institute of Engineering & Technology, Darapur, Amravati",Maharashtra,Amravati,Engineering/BTech,1
"Shri. Datta Shikshan Prasarak Mandal Jamgaon Sanchalit, Arts And Science College, Ashti City, Taluka - Ashti, Dist: Beed",Maharashtra,Beed,Arts; Science,2
Shri. Dattakrupa Shaikshanik Va Gramvikas Pratishthan Abhinav Institute of Management,Maharashtra,Ahmednagar,MBA (IT),1
"Shri. Gajanan Arts, Commerce & Science College Jadarboblad, Tal. Jat, Dist. Sangli",Maharashtra,Sangli,Arts; Commerce; Science,3
"Shri. Jaykumar Rawal Institute of Technology, Dondaicha.",Maharashtra,Dhule,Civil Engineering; Computer Engineering; Electrical Engineering; Engineering/BTech; Mechanical Engineering,5
"Shri. Madhavrao Patil Mahavidhyalaya, Murum, Tq. Omerga, Dist. Osmanaabad",Maharashtra,Osmanabad,Arts; Commerce; Science,3
Shri. N.B.Mehta Charity Education Trust Prakash Degree College of Commerce &,Maharashtra,Mumbai,Commerce; Education,2
"Shri. Narsinh Bahu-Uddeshiya Sevabhavi Sanstha’s, Datta Dwaraka Mahavidyalaya,Wakare, Powarwadi, Tal. Karvir, Dist. Kolhapur",Maharashtra,Kolhapur,Arts; Commerce; Science,3
"Shri. Panditguru Pardikar Mahavidyalaya, Shirsala, Taluka - Parli Vaijanath",Maharashtra,Beed,Arts; Science,2
"Shri. R. D. Bhakt College Of Pharmacy, Jalna",Maharashtra,Jalna,Pharmacy,1
"Shri. Ramkrishna Paramhans Polytechnic Institute, Hasnapur, Parbhani",Maharashtra,Parbhani,Artificial Intelligence; Computer Engineering; Electrical Engineering; Electronics and Communication Engineering,4
"Shri. Rishikesh Shikshan Prasarak Mandals D.D. Vispute College of Science, Commerce & Management",Maharashtra,Mumbai,Commerce; Management; Science,3
"Shri. S.K.Patil Shikshanshastra Mahavidyalaya, Prayag Chikhali, Tal. Karveer, Dist. Kolhapur",Maharashtra,Kolhapur,Education,1
"Shri. Sai Institute Of Management And Research, P-75, Behind Garware Polyester, Chikalthana Midc, Aurangabad",Maharashtra,Aurangabad,Management,1
"Shri. Sai Shikshan Sanstha, Nagpur Institute of Technology, Nagpur",Maharashtra,Nagpur,Engineering/BTech,1
"Shri. Shivaji Maratha Society's College of Architecture, Pune",Maharashtra,Pune,Architecture,1
"Shri. Shivaji Polytechnic Institute, Wasmat road, Parbhani.",Maharashtra,Parbhani,Civil Engineering; Computer Engineering; Electronics and Telecommunication Engg; Mechanical Engineering,4
"Shri. Siddheshwar Deosthan Trust's Siddheshwar Women's Polytechnic, Solapur",Maharashtra,Solapur,Civil Engineering; Computer Engineering; Electrical Engineering; Electronics and Telecommunication Engg; Information Technology,5
"Shri. Venkateshwara Shikshan Sanstha's Nanasaheb Mahadik Polytechnic Institute, Peth",Maharashtra,Sangli,Civil Engineering; Computer Engineering; Electrical Engineering; Electronics and Telecommunication Engg; Mechanical Engineering,5
"Shri. Vijaysinha Yadav College,Peth-Vadgaon,Tal: Hatkanangale, Dist: Kolhapur",Maharashtra,Kolhapur,Arts; Science,2
"Shri. Yashawantrao Patil Science College, Solankur. Tal- Radhanagari,Dist-Kolhapur.",Maharashtra,Kolhapur,Science,1
"Shri. Yogeshwari Shikshan Sansthas, College Of Education, Kari, Place- Dharur, Taluka - Dharur",Maharashtra,Beed,Education,1
"Shri.Dattakrupa Shaikshanik & Krishi Gram Vikas Pratisthan, Shri Siddhivinayak Polytechnic, Karjat, Ahmednagar",Maharashtra,Ahmednagar,Civil Engineering; Computer Engineering; Electronics and Telecommunication Engg; Mechanical Engineering,4
"Shri.Lahu Bala Paritkar Arts, Commerce & Science College, Panore, Post – Vaitavade,Tal.-Panhala,Dist.Kolhapur",Maharashtra,Kolhapur,Arts; Commerce; Science,3
shri.Shivaji Shikshan Prasark Mandal Arts' Science and Commerce College,Maharashtra,Ahmednagar,BSc,1
"Shri.Someshwar Shikshan Prasarak Mandal, Sharadchandra Pawar College of Engineering & Technology, Someshwar Nagar",Maharashtra,Pune,Engineering/BTech,1
"Shrikrishna Bahuuddeshiya Samajsevi Sansthas, Osmanabad Sanchalit, College Of Education, Osmanabad",Maharashtra,Osmanabad,Education,1
"Shrikrishna Mahavidyalaya, Gunjoti, Place- Umerga, Taluka - Omerga",Maharashtra,Osmanabad,Arts; Science; Vocational Studies,3
Shriman Bhagogisheth Keer Law College,Maharashtra,Ratnagiri,Law,1
"Shrimant Babasaheb Deshmukh Mahavidyalaya, ATPADI-415 301 Tal- Atpadi , Dist- Sangli",Maharashtra,Sangli,Arts; BCA; Commerce; Science,4
"Shrimant Jayashrimaladevi Naik-Nimbalkar Institute of Management Studies,Gat N0.941/1-B, Phaltan, Dist.Satara",Maharashtra,Satara,Management,1
"Shrimati Indira Mahadev Beharay College of Arts, Shriman Chandulal Sheth College of Commerce & Shrimati Shobhanatai Chandulal Sheth College of Science, Khed",Maharashtra,Pune,Arts; Commerce; Science,3
"Shripatrao Chougule Arts & Science College, MALWADI-KOTOLI Tal-Panhala, Dist- Kolhapur",Maharashtra,Kolhapur,Arts; Science,2
"Shripatrao Kadam Mahavidyalaya, SHIRVAL-412 801 Tal- Khandala, Dist-Satara",Maharashtra,Satara,Arts; BCA; Commerce,3
"Shriram Arts Mv., Dhamanagaon Rly",Maharashtra,Amravati,Arts,1
"Shriram Education Soceity's Shivaji Polytechnic, Atpadi, Sangli",Maharashtra,Sangli,Civil Engineering; Computer Technology; Electrical Engineering; Electronics and Telecommunication Engg; Mechanical Engineering,5
"Shriram Gram Vikas Shikshan Sanstha, Vilasrao Deshmukh College of Engineering and Technology, Nagpur",Maharashtra,Nagpur,Engineering/BTech,1
"Shriram Institute Of Engineering & Technology, (Poly), Paniv",Maharashtra,Solapur,Civil Engineering; Computer Technology; Electrical Engineering; Electronics and Telecommunication Engg; Engineering/BTech; Mechanical Engineering,6
"Shriram Institute Of Engineering & Technology, Paniv",Maharashtra,Solapur,Civil Engineering; Computer Technology; Electrical Engineering; Electronics and Telecommunication Engg; Engineering/BTech; Mechanical Engineering,6
"Shriram Pratishthan, Apurva Polytechnic, Rawalgaon, Parbhani.",Maharashtra,Parbhani,Civil Engineering; Electrical Engineering; Mechanical Engineering,3
"Shubhamkaroti Charitable & Educational Trusts, Vasai College of Science & Technology",Maharashtra,Palghar,Science,1
Shurparaka Educational & Medical Trust M.B. Harris College of Arts & A.E. Kaleskar College of Commerce & Management,Maharashtra,Palghar,Arts; Commerce; Management; Medical,4
SIA College of Higher Education,Maharashtra,Thane,Education,1
"Siddhant College of Engineering & Polytechnic, Maval, Pune",Maharashtra,Pune,Artificial Intelligence (AI) and Machine Learning; Civil Engineering; Computer Engineering; Electrical Engineering; Electronics and Telecommunication Engg; Engineering/BTech; Information Technology; Mechanical Engineering,8
"Siddhant College of Engineering, A/p Sudumbare, Tal.Maval, Dist-Pune",Maharashtra,Pune,Artificial Intelligence; Civil Engineering; Computer Engineering; Electrical Engineering; Electronics and Telecommunication Engg; Engineering/BTech; Mechanical Engineering,7
"Siddharth Arts, Commerce & Science College Jafrabad",Maharashtra,Jalna,Arts; Commerce; Science,3
Siddharth College of Commerce & Economics,Maharashtra,Mumbai,Commerce,1
Siddharth College of Law,Maharashtra,Mumbai,Law,1
Siddharth College Of Library & Information Science Padegaon Aurangabad,Maharashtra,Aurangabad,Science,1
"Siddheshwar College Of Arts, Science And Commerce, Place- Majalgaon City, Taluka",Maharashtra,Beed,Arts; Commerce; Science,3
"Siddhivinayak Shikshan Prasarak Mandals, R. K. B.Ed. College",Maharashtra,Mumbai,Education,1
"Siddhivinayak Technical Campus, School of Engineering & Research Technology, Shirasgon, Nile",Maharashtra,Buldhana,Artificial Intelligence; Civil Engineering; Computer Science and Engineering; Electrical Engineering; Electronics and Telecommunication Engg; Engineering/BTech; Mechanical Engineering,7
"SIES (Nerul) College of Arts, Science & Commerce",Maharashtra,Thane,Arts; Commerce; Science,3
"SIES College of Arts, Science & Commerce",Maharashtra,Mumbai,Arts; Commerce; Science,3
SIES Graduate School of Technology,Maharashtra,Thane,Computer Science Engineering; Electronics and Telecommunication Engineering; Information Technology; Mechanical Engineering; Printing and Packaging Technology,5
SINDHU EDUCATION SOCIETY SINDHU SINIOR COLLEGE GANDHINAGAR,Maharashtra,Nagpur,Education,1
"Sindhu Education Societys (S.E.S.) Swami Hansmuni Maharaj Degree College of Commerce, Ulhasnagar",Maharashtra,Thane,Commerce; Education,2
Sindhudurga College of Engineering (Kankavli)- (SSPMs),Maharashtra,Sindhudurg,Engineering,1
"Sindhudurga Education Society, V.Y.S. B.Ed. College",Maharashtra,Sindhudurg,Education,1
"Sinhgad Academy of Engineering, Kondhwa (BK) Kondhwa-Saswad Road, Pune",Maharashtra,Pune,Engineering/BTech,1
"Sinhgad College of Engineering, Vadgaon (BK), Pune",Maharashtra,Pune,Engineering/BTech,1
Sinhgad Institute of Business Management,Maharashtra,Mumbai,Management,1
Sinhgad Institute of Technology,Maharashtra,Pune,Engineering/BTech,1
"Sinhgad Tech Education Society's Sou. Venutai Chavan Polytechnic, Pune",Maharashtra,Pune,Civil Engineering; Computer Technology; Electronics and Telecommunication Engg; Information Technology; Mechanical Engineering,5
"Sinhgad Technical Education Society (SKNCOE, SCOE, SIT, SITS), Pune",Maharashtra,Pune,Artificial Intelligence & Data Science; Civil Engineering; Computer Engineering; Computer Technology; Electrical Engineering; Electronics and Telecommunication Engg; Engineering/BTech; Information Technology; MBA (IT); MCA; Mechanical Engineering,11
Sinhgad Technical Education Society Nivruti Babaji Navale College of Commerce and science,Maharashtra,Pune,BSc,1
Sinhgad Technical Education Society Sinhgad College of Science,Maharashtra,Pune,BSc; MCA,2
Sinhgad Technical Education Society Sinhgad Institute of Business Administration and Research,Maharashtra,Pune,MCA,1
Sinhgad Technical Education Society Sinhgad Institute of Management,Maharashtra,Pune,MCA,1
Sinhgad Technical Education Society Sinhgad Institute Of Management And Computer Application,Maharashtra,Pune,MCA,1
"Sinhgad Technical Education Society's Smt. Kashibai Navale College of Engineering,Vadgaon,Pune",Maharashtra,Pune,Engineering/BTech,1
"Sinhgad Technical Education Society, Sinhgad Institute of Technology and Science, Narhe (Ambegaon)",Maharashtra,Pune,Engineering/BTech,1
"Sipna College of Engg.& Technology, Amravati",Maharashtra,Amravati,Artificial Intelligence and Data Science; Civil Engineering; Computer Science Engineering; Electronics and Telecommunication Engineering; Information Technology; MBA; Mechanical Engineering,7
"Sipna Shikshan Prasarak Mandal College of Engineering & Technology, Amravati",Maharashtra,Amravati,Engineering/BTech,1
Sir J.J. Institute of Applied Art,Maharashtra,Mumbai,Fine Arts / Applied Art,1
Sir M Visvesvaraya Institute of Management Studies,Maharashtra,Mumbai,Management,1
"Sir Sayyed College Of Arts, Commerce & Science, Place- Aurangabad City (Municipal Corp. Area) , Taluka - Aurangabad City",Maharashtra,Aurangabad,Arts; Commerce; Science,3
"Sir Shantilal Badjate Charitable Trust's S. B. Jain Institute of technology, Management & Research, Nagpur",Maharashtra,Nagpur,Engineering/BTech,1
Sitabai Arts & Comm College Akola,Maharashtra,Akola,Arts,1
"Sitabai Arts, Comm., & Science Mv., Akola",Maharashtra,Akola,Arts; Science,2
"SKN Sinhgad Institute of Technology & Science, Kusgaon(BK),Pune.",Maharashtra,Pune,Engineering/BTech,1
"Skylark Foundation Art's,Commerce And Science College",Maharashtra,Pune,BSc,1
"Smarth Samaj's S. H. Jondhale Polytechnic, Dombivli",Maharashtra,Thane,Artificial Intelligence; Chemical Engineering; Civil Engineering; Computer Engineering; Digital Electronics; Electronics and Telecommunication Engg; Mechanical Engineering,7
Smt Shyampatidevi Mishra Education Trust Shri GPM Degree College,Maharashtra,Mumbai,Education,1
"Smt. Akkatai Ramgonda Patil Kanya Mahavidyalaya, ICHALKARANJI-416115 Tal- Hatkanangale, Dist- Kolhapur",Maharashtra,Kolhapur,Arts; Commerce,2
"Smt. Dankuwar Mahila Mahavidyalaya, Arts & Commerce , Place- Jalna City (Municipal Corp. Area)",Maharashtra,Jalna,Arts; Commerce,2
"Smt. Gangabai Khivraj Ghodawat Kanya Mahavidyalaya, JAYSINGPUR-416 101 Tal- Shirol, Dist-Kolhapu",Maharashtra,Kolhapur,Arts; BCA; Commerce,3
"Smt. Geeta D. Tatkare Polytechnic At Gove, Kolad",Maharashtra,Raigad,Chemical Engineering; Civil Engineering; Computer Engineering; Electrical Engineering; Mechanical Engineering,5
"Smt. Indira Gandhi College of Engineering, Navi Mumbai",Maharashtra,Thane,Engineering/BTech,1
"Smt. Janakibai Rama Salvi College of Arts, Commerce and Science (CS & IT), Kalwa",Maharashtra,Thane,Arts; Commerce; Science,3
"Smt. K L Tiwari College of Architecture, Nallasopara",Maharashtra,Palghar,Architecture,1
"Smt. K. L. Tiwari College of Architecture, Mira Road, Dist. Thane",Maharashtra,Thane,Architecture,1
Smt. Kamaladevi Gauridutt Mittal College of Arts & Commerce,Maharashtra,Mumbai,Arts; Commerce,2
Smt. Kapila Khandvala College of Education,Maharashtra,Mumbai,Education,1
"Smt. Kasturbai Walchand College of Arts & Science, Wood house Road, Rajnemi Campus SANGLI-416 416",Maharashtra,Sangli,Arts; Science,2
"Smt. Kesharbai Lahoti Mv., Amravati",Maharashtra,Amravati,Arts; BBA; BCA; Commerce,4
"Smt. Kesharbai Sonajirao Kshirsagar Alias Kaku Arts, Science & Commerce College, Beed., Place- Beed City, Taluka - Beed",Maharashtra,Beed,Arts; Commerce; Science,3
"Smt. Kokilabai Mv., Daryapur",Maharashtra,Amravati,Arts,1
Smt. L.R.T. College of Commerce,Maharashtra,Akola,Commerce,1
Smt. L.R.T. College of Commerce Akola,Maharashtra,Akola,Commerce,1
"Smt. Mathubai Garware Kanya Mahavidyalaya, S.T.Stand Road, Khan Bhag, SANGLI-416 416",Maharashtra,Sangli,Arts; BBA; BCA; Commerce,4
"Smt. Meenalben Maheta College, Panchgani (Arts,Commerce & Science) -412805 Tal- Mahabaleshwar Dist-Satara",Maharashtra,Satara,Arts; Commerce; Science,3
Smt. Mithibai Motiram Kundnani College of Commerce & Economics,Maharashtra,Mumbai,Commerce,1
"Smt. Nankibai Wadhwani Arts Mv., Yavatmal",Maharashtra,Yavatmal,Arts,1
"Smt. Premalatai Chavan Polytechnic, Karad",Maharashtra,Satara,Architecture Assistantship; Civil Engineering; Computer Engineering; Electrical Engineering; Mechanical Engineering,5
"Smt. Putalaben Shah College of Education, Rajwada, SANGLI-416 416",Maharashtra,Sangli,Education,1
"Smt. Radhabai Sarda Arts, Comm. & Science Mv., Anjangaon Surji",Maharashtra,Amravati,Arts; Science,2
"Smt. Sakuntalabai Dhabekar Mv., Karanja Lad",Maharashtra,Washim,Arts; Commerce; Education; Law; Vocational Studies,5
"Smt. Shakuntalabai Bordikar Arts Sr. College, Jintur Dist. Parbhani",Maharashtra,Parbhani,Arts,1
"Smt. Shakuntalabai Kadam Bordikar Senior Arts College, Bori Tq. Jintur Dist. Parbhani",Maharashtra,Parbhani,Arts,1
"Smt. Shobhatai Kore Warana mahila Mahavidylaya, Yellur, Tal.Shahuwadi,Dist. Kolhapiur",Maharashtra,Kolhapur,Arts; Commerce; Science,3
"Smt. Sindutai Jadhao Arts, & Sci. Mv. Mehkar",Maharashtra,Buldhana,Arts,1
"Smt. Surajdevi R. Mohata Mv., Khamgaon",Maharashtra,Buldhana,Arts; Commerce,2
"Smt. Sushiladevi Deshmukh Arts commerce science, college",Maharashtra,Hingoli,Arts; Commerce; Science,3
"Smt. Sushiladevi Deshmukh College of Arts, Science and Commerce",Maharashtra,Thane,Arts; Commerce; Science,3
"Smt. Sushiladevi Deshmukh College, Nitur Tq. Nilanga Dist. Latur",Maharashtra,Hingoli,Arts,1
Smt. Sushiladevi Deshmukh Mahila college,Maharashtra,Hingoli,Arts,1
"Smt. V.N. Mahila Mv., Pusad",Maharashtra,Yavatmal,Arts; Commerce,2
"Smt.Indirabai Meghe Mv., Amravati",Maharashtra,Amravati,Arts,1
"Smt.Panchfuladevi Social Work Mv., Akola",Maharashtra,Akola,Social Work,1
"Smt.Premalatai Chavan College of Architecture, 271, Mangalwar Peth, Karad, Tal-Karad, Dist.-Satara.",Maharashtra,Satara,Architecture,1
"Smt.Rajamati Nemgonda Patil Kanya Mahavidyalaya (Arts, Commerce & Science ) Neminathnagar Dhamani Road, SANGLI. Tal:Miraj Dist: Sangli-416 416",Maharashtra,Sangli,Arts; Commerce; Science,3
"Smt.Shakuntalabai Bordikar College of Computer, Jintur Dist. Parbhani",Maharashtra,Parbhani,Arts,1
"Smt.Vijayadevi Desai Senior College, At Post -Daulatnagar, Tal.-Patan, Dist.- Satara",Maharashtra,Satara,Arts; Commerce; Science,3
"SNJB's Late Sau. Kantabai Bhavarlalji Jain College of Engineering, (Jain Gurukul), Neminagar,Chandwad,(Nashik)",Maharashtra,Nashik,Engineering/BTech,1
"SNJB's Shri. Hiralal Hastimal (Jain Brothers, Jalgaon) Polytechnic,Chandwad",Maharashtra,Jalgaon,Civil Engineering; Computer Technology; Electronics and Telecommunication Engg; Mechanical Engineering,4
"Social Security Mission Science And Multimedia, Place- Garkheda Parisar,Taluka - Aurangabad City",Maharashtra,Aurangabad,Science,1
Society For Computer Technology And Research SCTR's Pune Institute of Computer Technology,Maharashtra,Pune,PG Diploma,1
"Solapur Education Society's Polytechnic, Solapur",Maharashtra,Solapur,Civil Engineering; Computer Technology; Electrical Engineering; Electronics and Telecommunication Engg; Mechanical Engineering,5
"Somaiya Vidyavihar S.K. Somaiya College of Arts, Science & Commerce",Maharashtra,Mumbai,Arts; Commerce; Science,3
"Somaiya Vidyavihar, K.J. Somaiya College of Arts & Commerce",Maharashtra,Mumbai,Arts; Commerce,2
"Someshwar Shikshan Prasarak Mandal Someshwar Science College, Someshwarnagar",Maharashtra,Pune,BSc,1
"Sonopant Dandekar Shikshan Mandals Arts, Commerce and Science Womens College, Palghar",Maharashtra,Palghar,Arts; Commerce; Science,3
"Sonopant Dandekar Shikshan Mandals Sonopant Dandekar Arts, V.S. Apte Commerce M.H. Mehta Science College",Maharashtra,Palghar,Arts; Commerce; Science,3
"Sonubhau Baswant College of Arts and Commerce, Shahapur",Maharashtra,Thane,Arts; Commerce,2
Sophia College for Women Convent of the sacred Heart,Maharashtra,Mumbai,Arts; Information Technology; Mass Communication; Science,4
"Sophia Shree B.K. Somani Memorial Polytechnic, Mumbai",Maharashtra,Mumbai,Dress Designing and Garment Manufacturing,1
Sophia Smt. Manorama Devi Somani College,Maharashtra,Mumbai,Hospitality and Food Technology; Social Communications Media,2
"South Indian Children Education Society Arts, Science &",Maharashtra,Thane,Arts; Education; Science,3
"South Ratnagiri District Shikshan Prasarak Mandal Shri Pancham Khemraj Mahavidyalaya, Sawantwadi",Maharashtra,Sindhudurg,Arts; Biotechnology; Commerce; Science,4
"Special Education (Hearing Empered) Adhayapak Mahavidyalaya, Near Govt, Doodh Dairy, Miraj, Dist- Sangli - 416 410.(Non functioning college)",Maharashtra,Sangli,Education,1
"Special Education College (M.R./H.R.), Latur-413531",Maharashtra,Hingoli,Education,1
Sree Narayana Guru College of Commerce,Maharashtra,Mumbai,Commerce,1
"Srhiram Pratishthan Aditya Institute pf Pharmacy, Selu, Dist. Parbhani",Maharashtra,Parbhani,Pharmacy,1
Sri Hari Educations Trusts St. Rocks Degree College of Law,Maharashtra,Mumbai,Law,1
"Sri Sri Institute Of Computer Science , Place- Umerga, Taluka - Omerga",Maharashtra,Osmanabad,Computer Science; Science,2
St Josephs Senior College of Arts & Commerce,Maharashtra,Palghar,Arts; Commerce,2
"St. Andrews College of Arts, Science & Commerce",Maharashtra,Mumbai,Arts; Commerce; Science,3
St. Francis Institute of Management & Research,Maharashtra,Mumbai,Management,1
St. Francis Institute of Technology,Maharashtra,Mumbai,Artificial Intelligence and Machine Learning; Computer Engineering; Electrical Engineering; Electronics and Computer Science; Electronics and Telecommunication Engineering; Information Technology; Mechanical Engineering,7
"St. Francis Institute of Technology,Borivali, Mumbai",Maharashtra,Mumbai,Engineering/BTech,1
St. Gonsalo Garcia College of Arts & Commerce,Maharashtra,Palghar,Arts; Commerce,2
"St. John Institute of Pharmacy & Research, Palghar",Maharashtra,Palghar,Pharmacy,1
St. Paul College (BMS),Maharashtra,Thane,Management; Mass Communication,2
St. Teresas Institute of Education,Maharashtra,Mumbai,Education,1
"ST. Vincent Pallotti College of Engineering & Technology, Nagpur",Maharashtra,Nagpur,Artificial Intelligence and Data Science; Civil Engineering; Computer Engineering; Cyber Security; Electrical Engineering; Electronics and Telecommunication; Engineering/BTech; Information Technology; Mechanical Engineering,9
"St. Wilfreds College of Arts, Commerce & Science",Maharashtra,Mumbai,Arts; Commerce; Science,3
St. Wilfreds College of Law,Maharashtra,Mumbai,Law,1
"St. Wilfreds Education Society, Architecture College",Maharashtra,Mumbai,Architecture; Education,2
"ST. WILFREDS EDUCATION SOCIETY, ST. WIFREDS INSTITUTE OF PHARMACY",Maharashtra,Mumbai,Education; Pharmacy,2
"St. Xavier's Technical Institute, Mumbai",Maharashtra,Mumbai,Computer Engineering; Electronics and Telecommunication Engg,2
St. Xaviers College (Autonomous),Maharashtra,Mumbai,Arts; Biotechnology; Commerce; Information Technology; Management; Mass Media; Science,7
St. Xaviers Institute of Education,Maharashtra,Mumbai,Education,1
"Sterling College of Arts, Science and Commerce, Nerul",Maharashtra,Thane,Arts; Commerce; Science,3
Sterling Institute of Management Studies,Maharashtra,Thane,Management,1
"Sterling Institute of Pharmacy, Navi Mumbai",Maharashtra,Thane,Pharmacy,1
"STMEI's Sandipani Technical Campus-Faculty of Engineering, Latur.",Maharashtra,Latur,Civil Engineering; Computer Engineering; Engineering/BTech; Mechanical Engineering,4
"Subhadra Educational Society S.N.B.P College Of Arts ,Commerce,Science and Management Studies",Maharashtra,Pune,BSc; MBA (IT),2
Subhadra Educational Society S.N.B.P. COLLEGE,Maharashtra,Pune,BSc,1
Sudarshan Educational Foundation's Sarsam College Management and technology,Maharashtra,Pune,MCA,1
Sudhakarrao Naik. Mv. Akola,Maharashtra,Akola,Arts; Commerce,2
"Suhas Institute of technology, Javjibuvachiwadi, Post Kasurdi, Daud",Maharashtra,Pune,Computer Engineering; Electrical Engineering; Mechanical Engineering,3
"Sulochana Behelekar Samajik & Bahu Uddeshiya Shikshan Sanstha,Dnyaneshwar Polytechnic, Ahmednagar",Maharashtra,Ahmednagar,Civil Engineering; Computer Engineering; Electronics and Telecommunication Engg; Mechanical Engineering,4
"Suman Education Society, LN College (Night)",Maharashtra,Mumbai,Education,1
"Suman Education Societys, LN College of Commerce & Science (Day",Maharashtra,Mumbai,Commerce; Education; Science,3
"Suman Ramesh Tulsiani Technical Campus Faculty of Engineering, Kamshet,Pune.",Maharashtra,Pune,Civil Engineering; Computer Engineering; Computer Science and Engineering; Engineering/BTech; Mechanical Engineering,5
"Sunder Rao More Arts, Commerce and Science Senior College, Poladpur",Maharashtra,Raigad,Arts; Commerce; Science,3
"Sunsuba Polytechnic, Igatpuri",Maharashtra,Nashik,Civil Engineering; Electrical Engineering; Electronics and Telecommunication Engg; Mechanical Engineering,4
Surju Sing Memorial College of Education & Research,Maharashtra,Thane,Education,1
Suryadatta Education Foundation Suryadatta International Institute of Cyber Security (SIICS),Maharashtra,Pune,BSc; MCA,2
"Surydatta Education Foundation Surydatta College of Management, Information Research & Technology",Maharashtra,Pune,BSc; MCA,2
"Suryodaya College of Engineering & Technology, Nagpur",Maharashtra,Nagpur,Civil Engineering; Electrical Engineering; Engineering/BTech; Mechanical Engineering; Mining Engineering,5
"Suryodaya Gramin Vikas Sansthas, Chhatrapati Shivaji College Of Computer Science And Management, Morewadi, Place- Ambajogai City, Taluka -Ambajogai",Maharashtra,Beed,Computer Science; Management; Science,3
"Sushila Shankarrao Gadhave Mahavidyalaya A/P – Khandala-Bavada-412 802, Tal-Khandala, Dist-Satara",Maharashtra,Satara,Arts; BCA; Commerce; Science,4
Suvidya Centre of Special Education,Maharashtra,Mumbai,Education,1
Svkm's Shri Bhagubhai Mafatlal Polytechnic & College of Engineering,Maharashtra,Mumbai,Chemical Engineering; Civil Engineering; Computer Engineering; Electrical Engineering; Electronics and Telecommunication Engg; Information Technology; Mechanical Engineering; Plastics Engineering,8
"Svkm's Shri Bhagubhai Mafatlal Polytechnic & D.J. Sanghvi College of Engineering, Mumbai",Maharashtra,Mumbai,Biomedical Engineering; Chemical Engineering; Civil Engineering; Computer Engineering; Data Science; Electrical Engineering; Electronics and Telecommunication Engg; Engineering/BTech; Information Technology; Mechanical Engineering; Plastics Engineering,11
"Swa. Jagannath Jattewar Shikshan Sanstha's, IDEAS- Institute of Design Education & Architectural studies, Nagpur",Maharashtra,Nagpur,Architecture; Interior Design,2
"Swa. Sai. Kai. Kamalnarayanji Jaiswal College Of Arts, Commerce And Science, Place- Garkheda Parisar, Taluka -Aurangabad City",Maharashtra,Aurangabad,Arts; Commerce; Science,3
"Swa. Sawarkar Arts, Commerce And Science College, Place- Beed City,Taluka - Beed",Maharashtra,Beed,Arts; Commerce; Science,3
"Swami Ramanand Tirth Arts And Commerce College, Place- Ambajogai City, Taluka - Ambajogai",Maharashtra,Beed,Arts; Commerce,2
"Swami Vikekanand Institute of Polytechnic, Latur",Maharashtra,Latur,Artificial Intelligence; Civil Engineering; Computer Engineering; Electrical Engineering; Electronics and Telecommunication Engg; Mechanical Engineering,6
"Swami Vivekanand Adhyapak Mahavidyalaya, Udgir Dist. Latur",Maharashtra,Hingoli,Education,1
"Swami Vivekanand Arts, Commerce & Science College, Place- Parali Vaijnath City, Taluka - Parli Vaijanath",Maharashtra,Beed,Arts; Commerce; Science,3
Swami Vivekanand College of Computer Science & I.T. Hingoli Dist. Hingoli,Maharashtra,Hingoli,Computer Science; Science,2
"Swami Vivekanand College of Pharmacy, Udgir, Survey No. 184, Bodhan Nagar, Jalkot Road, Udgir, Latur",Maharashtra,Hingoli,Pharmacy,1
"Swami Vivekanand Institute Of Management Science, Aurangabad.",Maharashtra,Aurangabad,Management; Science,2
"Swami Vivekanand Mahavidyalaya, Shirur Tajband Tq. Ahemadpur Dist. Latur",Maharashtra,Hingoli,Arts,1
"Swami Vivekanand Senior College,Mantha Tq. Mantha Dist. Jalna",Maharashtra,Jalna,Arts; Commerce; Science,3
"Swami Vivekanand Shikshan Sansthas,College Of Education, Osmanabad Place- Osmanabad, Taluka - Osmanabad",Maharashtra,Osmanabad,Education,1
"Swami Vivekananda Pratisthan, Swami Vivekananda Institute Of Technology,Khed, Solapur",Maharashtra,Solapur,Civil Engineering; Computer Engineering; Electronics and Telecommunication Engg; Mechanical Engineering,4
"Swami Vivekananda Shikshan Sanstha, Dr. Bapuji Salunkhe Institute Of Engineering & Technology,Kolhapur",Maharashtra,Kolhapur,Artificial Intelligence; Civil Engineering; Computer Engineering; Electrical Engineering; Engineering/BTech; Mechanical Engineering,6
"Swami Vivekand College of Information Technology, Bidar Road, Udgir Dist. Latur-413517",Maharashtra,Hingoli,Information Technology,1
"Swaminarayan Siddhanta Institute Of Technology, Nagpur",Maharashtra,Nagpur,Engineering/BTech,1
"Swaraj Institute of Management, S.No.636, NH4, At-Vanavaswadi, Post-Vahgaon, Tal-Karad, Dist- Satara –416 124.",Maharashtra,Satara,Management,1
SWARGIYA AMBAJI BABURAO KHAMKAR (GURUJI) VARISHATH MAHAVIDYALAY,Maharashtra,Kolhapur,Arts; Commerce; Science,3
"Swargiya Sanjibhai Roopajibhai Memorial Trust SSR College of Arts, Commerce and Science",Dadra and Nagar Haveli and Daman and Diu,Dadra and Nagar Haveli,BSc,1
Swatantraya Sainik Digambarraoji Mule Special Education College Udgir Dist. Latur,Maharashtra,Hingoli,Education,1
"Swatantraya Sainik Suryabhanji Pawar College, Purna Dist. Parbhani",Maharashtra,Parbhani,Arts; Home Science; Library Science,3
"Swavalambi Shikshan Sanstha's Sushganga Polytechnic, Wani",Maharashtra,Yavatmal,Civil Engineering; Computer Technology; Electrical Engineering; Electronics and Telecommunication Engg; Mechanical Engineering; Mining and Mine Surveying,6
Swayam Siddhi College of Management & Research,Maharashtra,Thane,Management,1
"Swayam Siddhi Mitra Sangh Night Degree College, Bhiwandi",Maharashtra,Thane,Commerce; Hotel/Hospitality Studies; Management,3
Sydenham College of Commerce & Economics,Maharashtra,Mumbai,Commerce,1
T.J.EDUCATION SOCIETYS SHETH NANJIBHAI KHIMJIBHAI THAKKAR THANAWALA COLLEGE OF COMMERCE AND SHETH JAYANTILAL TRIBHOVANDAS THAKKAR THANAWALA COLLEGE OF ARTS,Maharashtra,Thane,Arts; Commerce; Education,3
"T.M.E. Society's J.T.Mahajan College of Engineering, Faizpur",Maharashtra,Jalgaon,Engineering/BTech,1
"Takshashila Mv., Amravati",Maharashtra,Amravati,Arts; BCA; Commerce; Management,4
"TAKSHASHILA POLYTECHNIC, AMRAVATI.",Maharashtra,Amravati,Civil Engineering; Computer Engineering; Electrical Engineering; Mechanical Engineering,4
Takshshila Mv. Amravati,Maharashtra,Amravati,Arts; BCA; Commerce; Management,4
"Talat College Of Education, (B. Ed. )",Maharashtra,Aurangabad,Education,1
"Tanajirao Patil Shikshanshastra Mahavidyalaya, Atpadi, Tal-Atpadi, Dist.Sangli",Maharashtra,Sangli,Education,1
"Tanmay Foundation, Jijamata Mahavidyalay, At Padsali, Post Durgmanwad, Tal. Radhanagari, Dist. Kolhapur",Maharashtra,Kolhapur,Arts; Commerce; Science,3
Tanzil Institute Of Education (B.Ed.) Aurangabad,Maharashtra,Aurangabad,Education,1
"Tarai Arts And Science College, Place- Paithan Taluka, Dist - Aurangabad",Maharashtra,Aurangabad,Arts; Science,2
"Tatkare Charitable Trust Dr. Shree Nanasaheb Dharmadhikari Arts, Science and Commerce, Kolad",Maharashtra,Raigad,Arts; Commerce; Science,3
"Tatyasaheb Kore College of Pharmacy, WARANANAGAR, Tal-Panhala, Dist-Kolhapur",Maharashtra,Kolhapur,Pharmacy,1
"Tatyasaheb Kore Institute of Engineering & Technology(Polytechnic), Warananagar",Maharashtra,Kolhapur,Civil Engineering; Computer Science and Engineering; Electrical Engineering; Mechanical Engineering,4
"Tatyasaheb Kore Institute of Engineering & Technology, WARANANAGAR-416 113 Tal:Panhala Dist: Kolhapur (Autonomus From 2020-21)",Maharashtra,Kolhapur,Engineering,1
"Tatyasaheb Kore Institute of Engineering and Technology & Polytechnic, Warananagar",Maharashtra,Kolhapur,Biotechnology; Chemical Engineering; Civil Engineering; Computer Science and Engineering; Electrical Engineering; Electronics and Telecommunication; Engineering/BTech; Mechanical Engineering,8
"Tatyasaheb Kore Institute of Engineering and Technology, Warananagar",Maharashtra,Kolhapur,Engineering/BTech,1
"Tatyasaheb Kore Shikshanshastra Mahavidyalaya, Warananagar. Tal.Panhala, Dist.Kolhapur.",Maharashtra,Kolhapur,Education,1
"Technical & Medical Education Society's J. T. Mahajan Polytechnic, Faizpur",Maharashtra,Jalgaon,Civil Engineering; Computer Engineering; Electrical Engineering; Electronics and Communication Engineering; Mechanical Engineering,5
Terna Engineering College,Maharashtra,Thane,Engineering,1
"Terna Engineering College, Nerul, Navi Mumbai",Maharashtra,Thane,Engineering/BTech,1
"Terna Mahavidyalaya (Arts, Science & Commerce), Osmanabad",Maharashtra,Osmanabad,Arts; Commerce; Science,3
"Terna Public Charitable Trust's College of Engineering, Osmanabad",Maharashtra,Osmanabad,Engineering/BTech,1
"Terna Public Charitable Trusts, College Of Engineering, Place-Osmanabad, Taluka -Osmanabad",Maharashtra,Osmanabad,Engineering,1
"Terna Public Charitable Trusts, Terna College Of Education, Terna Nagar, Place- Osmanabad, Taluka - Osmanabad",Maharashtra,Osmanabad,Education,1
"Textile & Engineering Institute, Rajwada Chowk, ICHALKARNJI-416 115 Dist:Kolhapur (Autonomous from 2016-17)",Maharashtra,Kolhapur,Engineering,1
Thadomal Sahani College of Engineering,Maharashtra,Mumbai,Engineering,1
"Thadomal Shahani Engineering College, Bandra, Mumbai",Maharashtra,Mumbai,Engineering/BTech,1
Thakur College of Engineering & Technology,Maharashtra,Mumbai,Engineering,1
"Thakur College of Engineering and Technology, Kandivali, Mumbai",Maharashtra,Mumbai,Artificial Intelligence & Machine Learning; Artificial Intelligence and Data Science; Civil and Infrastructure Engineering; Computer Engineering; Electronics and Telecommunication Engg; Engineering/BTech; Information Technology; Internet of Things (IoT); Mechanical Engineering,9
Thakur College of Science & Commerce,Maharashtra,Mumbai,Commerce; Science,2
Thakur Educational Trusts Thakur Ramnarayan College of Law,Maharashtra,Mumbai,Law,1
Thakur Institute of Management Studies & Research,Maharashtra,Mumbai,Management,1
"Thakur Institute of Management Studies, Career Development & Research",Maharashtra,Mumbai,Management,1
Thakur School of Architecture & Planning,Maharashtra,Mumbai,Architecture,1
Thakur Shyamnarayan College of Education & Research,Maharashtra,Mumbai,Education,1
Thane Municipal Corporation College of Law,Maharashtra,Thane,Law,1
"The Bhaskar Pandurang Hivale Education Society Institute of Management Studies, Career Developement & Research",Maharashtra,Ahmednagar,MCA; PG Diploma,2
The Bombay Flying Club,Maharashtra,Mumbai,Aircraft Maintenance Engineering; Aviation (Pilot Training); B.Sc Aviation,3
The Byramiee Jeejeebhoy College of Commerce,Maharashtra,Mumbai,Commerce,1
THE DEPRESSED CLASSES MISSION SOCIETY OF INDIA PUNE SAVITRIBAI PHULE ARTS COMMERCE & SCIENCE COLLEGE,Maharashtra,Pune,BSc,1
"The Friend's Of the depressed league,shevgaon Institute of Information Tecnology and Managment Reasearch,Shevgaon",Maharashtra,Ahmednagar,PG Diploma,1
"The Friends of the Depressed League, Shevgaon Nirmalatai Kakade Arts, Commerce and Science College Shevgaon",Maharashtra,Ahmednagar,BSc; MCA,2
"The Great Maulana Abul Kalam Azad Minority Educational Trust's Maulana Azad Polytechnic, Solapur",Maharashtra,Solapur,Computer Engineering; Electrical Engineering; Electronics and Telecommunication Engg; Mechanical Engineering,4
The Lords Universal College of Education,Maharashtra,Mumbai,Education,1
"The New College, Shivaji Peth, KOLHAPUR-416 012",Maharashtra,Kolhapur,Arts; BBA; BCA; BCS; Commerce; Information Technology; Management; Science,8
The P.G.K. Mandal H. V. Desai College,Maharashtra,Pune,BSc; MCA,2
"The People Education Society's, Diploma College Of Enggineering & Technology,Jamkhed",Maharashtra,Ahmednagar,Civil Engineering; Computer Engineering; Electrical Engineering,3
"The Shetkari Shishan Mandal, SANGALI Padmbhushan Vasantdada Patil Institute of Technology, Bavdhan Pune",Maharashtra,Pune,BSc,1
"The Sultan Khan Education Trusts Asmita College of Architecture, Mira Road",Maharashtra,Thane,Architecture; Education,2
"Tilak Education Society S.K. College of Science & Commerce, Nerul",Maharashtra,Thane,Commerce; Education; Science,3
Tilak Education Societys J.K. College of Science & Commerce,Maharashtra,Thane,Commerce; Education; Science,3
Tilak Education Societys Sarada Kurup College of Education and Research,Maharashtra,Thane,Education,1
"TILAK EDUCATION SOCIETYS TILAK COLLEGE OF SCIENCE AND COMMERCE, VASHI",Maharashtra,Thane,Commerce; Education; Science,3
"Toshniwal Arts, Commerce & Science College, Sengaon Dist. Hingoli -431703",Maharashtra,Hingoli,Arts; Commerce; Science,3
"Training Ship Rahaman College (T. S. Rahman College) Sir Mohamed Yusuf Seamen Welfare Foundation, Nhava Campus",Maharashtra,Raigad,Culinary Arts; Marine Engineering; Maritime Hospitality Studies; Nautical Science,4
"Tratna Bahuudheshiya Sevabhavi Sanstha, Shirur (Kasar), College Of Computer Science, At-Post- Warni Shirur Kasar Tq. ----Dist. Beed",Maharashtra,Pune,Computer Science; Science,2
"Trimurti Pavan Pratishthan Trimurti College of Arts, Commerce and Science, Trimurti Nagar, Nevasaphata Campus",Maharashtra,Ahmednagar,BSc,1
"TRIMURTI PAWAN PRATISHTHAN TRIMURTI ARTS, COMMERCE AND SCIENCE COLLEGE",Maharashtra,Ahmednagar,BSc,1
"Trimurti Shikshan Prasarak Mandal, Trimurti Institute Of Technology, Paladhi Bk, Jalgaon",Maharashtra,Jalgaon,Civil Engineering; Computer Engineering; Electrical Engineering; Electronics and Telecommunication Engg; Mechanical Engineering,5
"Trinity College of Engineering & Architecture & Polytechnic, Pune",Maharashtra,Pune,Architecture; Civil Engineering; Computer Engineering; Electrical Engineering; Electronics and Telecommunication Engg; Engineering/BTech; Information Technology; Interior Design and Decoration; Mechanical Engineering,9
"Trinity Polytechnic, Pune",Maharashtra,Pune,Civil Engineering; Computer Engineering; Electrical Engineering; Electronics and Telecommunication Engg; Mechanical Engineering,5
"TSSM's Bhivarabai Sawant College of Engineering & Polytechnic, Narhe / Wagholi, Pune",Maharashtra,Pune,Civil Engineering; Computer Engineering; Electrical Engineering; Electronics and Telecommunication Engg; Engineering/BTech; Information Technology; MCA; Mechanical Engineering,8
"TSSM's Bhivarabai Sawant College of Engineering and Research, Narhe, Pune",Maharashtra,Pune,Civil Engineering; Computer Engineering; Electrical Engineering; Engineering/BTech; Mechanical Engineering,5
"TSSMS's Pd. Vasantdada Patil Institute of Technology, Bavdhan, Pune",Maharashtra,Pune,Engineering/BTech,1
"Tukaram Krishnaji Arts and Commerce College,NESARI-416 504 Tal- Gadhinglaj, Dist-Kolhapu",Maharashtra,Kolhapur,Arts; Commerce,2
"Tulajabhavani Seva Pratisthan, Soniya Gandhi Polytechnic, Shrigonda",Maharashtra,Ahmednagar,Civil Engineering; Computer Engineering; Electrical Engineering; Electronics and Telecommunication Engg; Mechanical Engineering,5
"Tulashi-Dhamani Kala, Vanijya V Vidnyan Mahila Mahavidyalay, Dhamod, Tal. Radhanagari, Dist. Kolhapur",Maharashtra,Kolhapur,Arts; Commerce; Science,3
"Tuljabhavani College Of Information Technology, Place- Osmanabad, Taluka - Osmanabad",Maharashtra,Osmanabad,Information Technology,1
"Tuljabhavani Mahavidyalaya (Arts & Commerce), Place- Tuljapur City, Taluka - Tuljapur",Maharashtra,Osmanabad,Arts; Commerce,2
"Tuljabhavani Prathishthan, Dr. Padmasingh Patil Management And Computer Science College, Place- Kalamb City, Taluka -Kalamb",Maharashtra,Osmanabad,Computer Science; Management; Science,3
"Tulshiramji Jadhao Arts, & Science College Washim",Maharashtra,Washim,Arts; Science,2
"Twaritapuri Arts And Science College, Talwada, Taluka - Gevrai, Dist. Beed",Maharashtra,Beed,Arts; Science,2
Ujwal Gramin Mahavidyalaya Ghonsi Tq. Jalkot Dist. Latur,Maharashtra,Hingoli,Arts,1
"Universal College of Engineering & Research, Sasewadi",Maharashtra,Pune,Civil Engineering; Computer Engineering; Electrical Engineering; Electronics and Telecommunication; Engineering/BTech; Mechanical Engineering,6
"Universal College of Engineering,Kaman Dist. Palghar",Maharashtra,Palghar,Engineering/BTech,1
Universal College of Hospitality Studies,Maharashtra,Thane,Hospitality Studies,1
"University Department of Chemical Technology, Aurangabad",Maharashtra,Aurangabad,Engineering/BTech,1
"University Institute of Chemical Technology, North Maharashtra University, Jalgaon",Maharashtra,Jalgaon,Engineering/BTech,1
"Uran Education Societys College of Management & Technology, Bori-Uran",Maharashtra,Raigad,Education; Management,2
"Usha Mittal Institute of Technology SNDT Women's University, Mumbai",Maharashtra,Mumbai,Engineering/BTech,1
"Usman Patel Arts, Commerce & Science College, Lodga Tq.Ausa Dist. Latur",Maharashtra,Hingoli,Arts; Commerce; Science,3
"Utkarsha College of Arts, Commerce & Science (IT), Bhatsai-Vasind",Maharashtra,Thane,Arts; Commerce; Science,3
"Uttamchand Bagadiya Arts & Commerce College, Risod",Maharashtra,Washim,Arts; Commerce,2
"V J Shinde College Of Engineering, Osmanabad, Place- Osmanabad, Taluka - Osmanabad",Maharashtra,Osmanabad,Engineering,1
"V M Institute of Engineering and Technology, Dongargaon, Nagpur",Maharashtra,Nagpur,Engineering/BTech,1
"V. J. Shinde Mahila Arts, Commerce & Science Sr. College",Maharashtra,Osmanabad,Arts; Commerce; Science,3
"V. N. Patil Law College,Place- Aurangabad City (Municipal Corp. Area) , Taluka - Aurangabad City",Maharashtra,Aurangabad,Law,1
"V.J.Shinde Polytechnic Institute, Osmanabad.",Maharashtra,Osmanabad,Civil Engineering; Computer Engineering; Electronics and Telecommunication Engg; Mechanical Engineering,4
V.K. Krishnan Menon College of Commerce & Economics & Sharad Shankar Dighe College of Science,Maharashtra,Mumbai,Commerce; Science,2
"V.K.Chavan-Patil Arts, Commerce & Science College, Karave.Tal-Chandgad,Dist-Kolhapur",Maharashtra,Kolhapur,Arts; Commerce; Science,3
"V.N. Mv., Mangrulpir",Maharashtra,Washim,Arts; Commerce; Science,3
"Vaidyanath Arts, Commerce And Science College, Place- Parali Vaijnath City, Taluka -Parli Vaijanath",Maharashtra,Beed,Arts; Commerce; Science,3
Vaishnavi Mahavidhyalaya,Maharashtra,Beed,Arts; BCA; Commerce; Science,4
"Vakratund Education Society’s Genesis College Of Hotel Management, Mouje Sonyachi Shiroli, Tal. Radhanagari, Dist. Kolhapur",Maharashtra,Kolhapur,Education; Hotel Management; Management,3
Valia Chhaganlal Laljibhai College of Commerce & Valia Lilavantiben Chhaganlal College of Arts,Maharashtra,Mumbai,Arts; Commerce,2
"Vardhaman Education & Welfare Society, Ahinsa Institute of Technology, Post. Dondaicha, Dhule",Maharashtra,Dhule,Engineering/BTech,1
"Vasant Mahavidyalaya, Kaij Tq. Kaij. Dist Beed (Ms",Maharashtra,Beed,Arts; Commerce; Science,3
"Vasantdada Patil College Of Computer Science, Place- Aurangabad City (Municipal Corp. Area) , Taluka - Aurangabad City",Maharashtra,Aurangabad,Computer Science; Science,2
"Vasantdada Patil Pratishthan's College Of Engineering and Visual Arts, Sion, Mumbai",Maharashtra,Mumbai,Engineering/BTech,1
"Vasantdada Sugar Institute, Manjari, Pune.",Maharashtra,Pune,Agronomy; Alcohol Technology; Environmental Science; Sugar Technology,4
"Vasantidevi Patil Institute of Pharmacy, Kodoli, Tal-Panhala, Dist.Kolhapur.",Maharashtra,Kolhapur,Pharmacy,1
"Vasantrao Kale College Of Journalism And Computer Science, Beed, Place- Beed City, Taluka - Beed",Maharashtra,Beed,Computer Science; Science,2
"Vasantrao Kale College Of Management Science, Place- Kalamb City, Taluka -Kalamb",Maharashtra,Osmanabad,Management; Science,2
"Vasantrao Kale Mahavidyalaya, Dhoki. Tq. & Dist. Osmanabad",Maharashtra,Osmanabad,,0
"Vasantrao Naik Adhyapak Mahavidyalaya, Shirur Tajband Tq. Ahemadpur Dist. Latur",Maharashtra,Hingoli,Education,1
"Vasantrao Naik Arts & Commerce College, Mhasala",Maharashtra,Raigad,Arts; Commerce,2
Vasantrao Naik College of Arts and Commerce,Maharashtra,Raigad,Arts; Commerce,2
"Vasantrao Naik Mahavidyalaya, Aurangabad",Maharashtra,Aurangabad,Arts; Commerce; Computer Applications; Science,4
"Vasantrao Naik Shikshan Sansthas, College Of Education, Place- Jalna City",Maharashtra,Jalna,Education,1
"Vasantrao Naik Shikshanshastra Mahavidyalaya, 853, “ Vidya Vasant Park ”,New Kalamba Naka, Near Bapuramnagar,Kolhapur – 416 007",Maharashtra,Kolhapur,Education; MBA,2
"Vasantrao Narayanrao Naik Shikshan Prasarak Sanstha,Nashik Arts Commerce and Science College",Maharashtra,Nashik,BSc,1
"Vasantraodada Patil Institute of Management Studies and Research, Sangli Miraj Road, Post: Wanlesswadi – 416 414 Tal: Miraj,Dist: Sangli.",Maharashtra,Sangli,Management,1
"Vasundhara Arts And Science College, Ghatnandur, Place- Ghatnandur, Taluka - Ambajogai",Maharashtra,Beed,Arts; Science,2
Vatsalya Bahuuddeshiy Manav Vikas Pratishthan's Modern College of BCA,Maharashtra,Ahmednagar,BSc,1
"VBSS's, Tulsiramji Gaikwad - Patil College of Architecture, Nagpur.",Maharashtra,Nagpur,Architecture; Interior Design,2
Vedanta College of Management & Information Technology,Maharashtra,Thane,Information Technology; Management,2
"Veermata Jijabai Technological Institute(VJTI), Matunga, Mumbai",Maharashtra,Mumbai,Chemical Engineering; Civil Engineering; Computer Engineering; Electrical Engineering; Electronics Engineering; Engineering/BTech; Information Technology; Mechanical Engineering; Textile Engineering,9
"Venkateshwara Institute of Management, Peth Naka, Tal – Walwa, Dist.- Sangli",Maharashtra,Sangli,Management,1
"Venutai Chavan College, Vidyanagar, KARAD-415 124 Tal-Karad, Dist-Satara",Maharashtra,Satara,Arts; Business Administration (BBA); Commerce,3
"Venutai Chavan Pratishthans, Mahila Arts And Commerce College, Place- Ambajogai City, Taluka - Ambajogai",Maharashtra,Beed,Arts; Commerce,2
Vetal Bambarde Vibhag Shikshan Prasarak Mandals Dadasaheb Tirodkar Educational Academy Padmashri Babasaheb Vengurlekar Mahavidyalay,Maharashtra,Sindhudurg,,0
"Vetaleshwar Shikshan Sansthas Rajiv Gandhi Institute of Polytechnic, Latur",Maharashtra,Latur,Artificial Intelligence; Computer Engineering; Electrical Engineering; Information Technology,4
"Vichardhara Pratishthan Sanchalit, Rajiv Gandhi Arts, Commerce And Science College, Chincholi Phata, Place- Bhoom, Taluka",Maharashtra,Osmanabad,Arts; Commerce; Science,3
Victor Dantas Law College,Maharashtra,Sindhudurg,Law,1
"Vidarbha Bahu-Uddeshiya Shikshan Sanstha's Tulshiramji Gaikwad Patil College of Engineering & Technology, Nagpur",Maharashtra,Nagpur,Civil Engineering; Computer Science and Engineering; Electrical Engineering; Electronics and Communication Engineering; Engineering/BTech; Information Technology; Mechanical Engineering,7
"Vidhyabharati College of Pharmacy, Amravati",Maharashtra,Amravati,Pharmacy,1
"Vidhyabharati Mv., Amravati",Maharashtra,Amravati,Arts; Commerce; Computer Science; Management; Science,5
"Vidhyabharti Mv., Amravati",Maharashtra,Amravati,Arts; Commerce; Computer Science; Management; Science,5
"Vidhyan Mv., Malkapur",Maharashtra,Buldhana,Agriculture; Arts; Commerce; Computer Science; Hospitality and Tourism; Management; Science,7
"Vidya Niketan College of Engineering, Bota Sangamner",Maharashtra,Ahmednagar,Civil Engineering; Electrical Engineering; Engineering/BTech; Mechanical Engineering,4
Vidya Niketan Degree College of Commerce,Maharashtra,Mumbai,Commerce,1
"Vidya Prasarak Mandal Kinhavalis Arts, Commerce & Science College, Kinhavali",Maharashtra,Thane,Arts; Commerce; Science,3
VIDYA PRASARAK MANDALS CENTRE FOR INTERNATIONAL STUDIES,Maharashtra,Mumbai,,0
Vidya Prasarak Mandals Maharshhi Parashuram College of Engineering,Maharashtra,Ratnagiri,Engineering,1
"Vidya Prasarak Mandals, B.N. Bandodkar College of Science",Maharashtra,Thane,Science,1
"Vidya Prasarini Sabha v.p.s.college of Arts,Science,and Commerce",Maharashtra,Pune,BSc,1
"Vidya Prasarini Sabha's College of Engineering & Technology, Lonavala",Maharashtra,Pune,Engineering/BTech,1
"Vidya Prasark Mandals R.Z. Shah College of Art, Science & Commerce",Maharashtra,Mumbai,Commerce; Science,2
"Vidya Pratishthan Arts, Science and Commerce College",Maharashtra,Pune,BSc; MCA,2
Vidya Pratishthan Institute of Information Technology,Maharashtra,Pune,MBA (IT); MCA,2
Vidya Pratishthan Vidya Pratishthan Commerce and Science College,Maharashtra,Pune,BSc; MCA,2
"Vidya Pratishthan Vidya Pratishthan's Supe Arts, Science & Commerce College",Maharashtra,Pune,BSc,1
"Vidya Pratishthan's Kamalnayan Bajaj Institute of Engineering & Technology & Polytechnic, Baramati",Maharashtra,Pune,Artificial Intelligence and Data Science; Civil Engineering; Computer Engineering; Electrical Engineering; Electronics and Telecommunication Engg; Engineering/BTech; Information Technology; Mechanical Engineering,8
"Vidya Pratishthan's Kamalnayan Bajaj Institute of Engineering & Technology, Baramati Dist.Pune",Maharashtra,Pune,Engineering/BTech,1
"Vidya Pratishthan's Polytechnic College, Vidyanagari, Indapur",Maharashtra,Pune,Automobile Engineering; Civil Engineering; Computer Engineering; Electronics and Telecommunication Engg; Mechanical Engineering,5
"Vidya Vikas College of Arts, Science, Commerce, B.M.M. & B.M.S.",Maharashtra,Mumbai,Arts; Commerce; Science,3
"Vidya Vikas Education Trust, Universal College of Engineering",Maharashtra,Thane,Education; Engineering,2
Vidya Vikas Mandals College of Information Technology & Management,Maharashtra,Raigad,Information Technology; Management,2
"Vidya Vikas Pratishthan Institute of Engineering and Technology, Solapur",Maharashtra,Solapur,Engineering/BTech,1
"Vidya Vikas Pratishthan Polytechnic, Solapur",Maharashtra,Solapur,Artificial Intelligence; Civil Engineering; Computer Engineering; Electrical Engineering; Electronics and Telecommunication Engg; Mechanical Engineering,6
"Vidyadhan College, Place- Aurangabad City (Municipal Corp. Area), Taluka -Aurangabad City",Maharashtra,Aurangabad,Commerce; Computer Applications; Computer Science,3
"Vidyalankar Institute of Technology,Wadala, Mumbai",Maharashtra,Mumbai,Engineering/BTech,1
"Vidyalankar Polytechnic, Mumbai",Maharashtra,Mumbai,Computer Engineering; Electronics and Computer Engineering; Information Technology,3
"Vidyasagar Education Society, Gurukul Polytechnic, Nagra, Gondia",Maharashtra,Gondia,Civil Engineering; Computer Technology; Electrical Engineering; Mechanical Engineering,4
"Vidyavardhini Charitable Trust's Abhaysinhraje Bhonsle Institute of Technology, Shahunagar- Shendra, Satara",Maharashtra,Satara,Computer Engineering; Electronics and Telecommunication Engg; Information Technology; Mechanical Engineering,4
Vidyavardhini College of Engineering and Technology (Vasai),Maharashtra,Palghar,Engineering,1
"Vidyavardhini Educational Academy's Vidyavardhini Institute Of Technology,Bhudargad",Maharashtra,Kolhapur,Civil Engineering; Computer Engineering; Electrical Engineering; Electronics and Telecommunication Engg; Mechanical Engineering,5
Vidyavardhini's Bhausaheb Vartak Polytechnic,Maharashtra,Palghar,Artificial Intelligence; Civil Engineering; Cloud Computing and Big Data; Computer Engineering; Mechanical Engineering,5
"Vidyavardhini's College of Engineering and Technology, Vasai",Maharashtra,Palghar,Engineering/BTech,1
"Vidyavardhinis Annasaheb Vartak College Arts, Kedarnath Malhotra College of Commerce, E.S.Andrades College of Science",Maharashtra,Palghar,Arts; Commerce; Science,3
"Vighnaharata Trust's Shivajirao S. Jondhale College of Engineering & Technology, Shahapur, Asangaon, Dist Thane",Maharashtra,Thane,Engineering/BTech,1
Vijendra Kabra College Of Social Work Aurangabad,Maharashtra,Aurangabad,Social Work,1
"Vikas Night College of Arts, Science & Commerce",Maharashtra,Mumbai,Arts; Commerce; Science,3
Vikas Pratishthan Late T.D. Pathare College,Maharashtra,Pune,BSc,1
Vikasratna Dr. Shivaji Rao Patil Nilangakar Mahavidyalaya Nilanga,Maharashtra,Hingoli,Arts; Commerce; Computer Applications; Science,4
"Vilasrao Deshmukh Foundation Group of Institutions, Latur",Maharashtra,Latur,Civil Engineering; Computer Engineering; Electrical Engineering; Electronics Engineering; Electronics and Telecommunication Engg; Engineering/BTech; Mechanical Engineering,7
"Vile Parle Kelvani Mandals, Pravin Gandhi College of Law (5 Yrs)",Maharashtra,Mumbai,Law,1
"Vinayakrao Patil Arts, Commerce & Science College, Place- Vaijapur City, Taluka - Vaijapur",Maharashtra,Aurangabad,Arts; Commerce; Science,3
"Vinayakrao Patil Shikshan Prasarak Mandal, Institute Of Engineering & Technology Kannad",Maharashtra,Aurangabad,Civil Engineering; Computer Engineering; Electronics and Telecommunication Engg; Mechanical Engineering,4
"Vinayakrao Patil Shikshan Prasarak Mandals, College Of Arts, Commerce & Science, Place- Kannad City, Taluka - Kannad",Maharashtra,Aurangabad,Arts; Commerce; Science,3
"Vindyachal Education Society Sanchalit, V. S. S. College, Place- Jalna City (Municipal Corp. Area), Taluka - Jalna City",Maharashtra,Jalna,Education,1
"Vishvbharti college, Shivaji Chowk, Udgir Dist. Latur",Maharashtra,Hingoli,Computer Applications; Computer Science,2
"Vishwabharati Academy's College of Engineering, Ahmednagar",Maharashtra,Ahmednagar,Civil Engineering; Computer Engineering; Electrical Engineering; Engineering/BTech; Mechanical Engineering,5
"Vishwadip S.S.'s Vishwakarma College, Karegaon Road, Parbhani Dist. Parbhani",Maharashtra,Parbhani,,0
"Vishwakarma Dadasaheb Chavan Institute of Management and Research, At-Malwadi, Post-Masur, Tal-Karad, Dist-Satara.",Maharashtra,Satara,Management,1
Vishwakarma Sahajeevan Madanbhai Sura Institute of Business Management,Maharashtra,Ratnagiri,Management,1
"Vishwaniketan's Institute of Management Entrepreneurship and Engineering Technology(i MEET), Khalapur Dist Raigad",Maharashtra,Raigad,Engineering/BTech,1
"Vishwasrao Naik Arts, Commerce and Baba Naik Science Mahavidyalaya, Shirala -415 408 Tal – Shirala, Dist- Sangli",Maharashtra,Sangli,Arts; Commerce; Science,3
"Vishwatmak Jangli Maharaj Ashram Trust (Kokamthan), Atma Malik Institute Of Technology & Research",Maharashtra,Thane,Artificial Intelligence; Civil Engineering; Computer Engineering; Engineering/BTech; Information Technology; Mechanical Engineering,6
Vishwatmak Om Gurudev College of Engineering,Maharashtra,Thane,Engineering,1
"Vishweshwarayya Abhiyantriki Padvika Mahavidyalay, Almala, Tq. Ausa, Dist. Latur",Maharashtra,Latur,Civil Engineering; Computer Engineering; Electrical Engineering; Electronics and Telecommunication Engg; Information Technology; Mechanical Engineering,6
"Vision Buldhana Educational & Welfare Society's Pankaj Laddhad Institute of Technology & Management Studies, Yelgaon",Maharashtra,Buldhana,Civil Engineering; Computer Science and Engineering; Electronics and Telecommunication Engg; Engineering/BTech,4
"Vitthal (Daji) Patil Arts, Commerce & Science Mahavidyala, Salgare, Tal-Miraj, Dist-Sangli – 416418",Maharashtra,Sangli,Arts; Commerce; Science,3
"Vitthala Arts, commerce and Science Sr. college Loni,(bu) Tq. Pathari Dist. Parbhani",Maharashtra,Parbhani,Arts; Commerce; Science,3
"Vitthalrao Patil Mahavidyalaya, (Arts,Commerce & Science) KALE,Tal: Panhala , Dist: Kolhapur",Maharashtra,Kolhapur,Arts; Commerce; Science,3
"VIVA Insitute of Technology, Shirgaon, Virar",Maharashtra,Palghar,Civil Engineering; Computer Engineering; Electrical Engineering; Electronics and Telecommunication Engineering; Mechanical Engineering,5
Viva Institute of Applied Art,Maharashtra,Palghar,Applied Art; Painting (Fine Art),2
Viva Institute of Management & Research,Maharashtra,Palghar,Management,1
VIVA Institute of Pharmacy,Maharashtra,Palghar,Pharmacy,1
Viva School of Architecture,Maharashtra,Palghar,Architecture,1
"VIVA School of Architecture, Virar",Maharashtra,Palghar,Architecture,1
Viva School of MCA,Maharashtra,Palghar,MCA,1
Vivek Education Societys Vivek College of Commerce,Maharashtra,Mumbai,Commerce; Education,2
"Vivek Vardhini College, Devni Dist. Latur",Maharashtra,Hingoli,Arts,1
"Vivekanand Arts, Sardar Dalipsingh Commerce & Science College, Place-Aurangabad City (Municipal Corp. Area) , Taluka -Aurangabad City",Maharashtra,Aurangabad,Arts; Commerce; Science,3
"Vivekanand College, 204, E Ward, Tarabai Partk, KOLHAPUR-416 003 (Autonomous From 2018-19)",Maharashtra,Kolhapur,Arts; Biotechnology; Botany; Commerce; Computer Science; Management; Microbiology; Science; Zoology,9
VIVEKANAND EDUCATION SOCIETY COLLEGE OF PHARMACY,Maharashtra,Mumbai,Education; Pharmacy,2
Vivekanand Education Society Institute of Management Studies & Research,Maharashtra,Mumbai,Education; Management,2
"Vivekanand Education Society's College of Architecture, Chembur, Mumbai",Maharashtra,Mumbai,Architecture; Interior Design and Decoration,2
Vivekanand Education Society's Institute of Technology,Maharashtra,Mumbai,Education,1
"Vivekanand Education Society's Institute of Technology, Chembur, Mumbai",Maharashtra,Mumbai,Engineering/BTech,1
"Vivekanand Education Society's Polytechnic, Mumbai",Maharashtra,Mumbai,Automation and Robotics; Civil Engineering; Computer Engineering; Electrical Engineering; Electronics and Telecommunication Engg; Mechanical Engineering,6
"Vivekanand Education Societys College of Arts, Science & Commerce",Maharashtra,Mumbai,Arts; Commerce; Education; Science,4
"Vivekanand Institute Of Advanced Studies In Management Science & Communication, Place-",Maharashtra,Aurangabad,Management; Science,2
Vivekanand Institute Of Technology School Of Computer Studies And Reasearch,Maharashtra,Pune,MBA (IT),1
"Vivekanand Institute Of Technology Vivekanand College of Arts, Commerce and Science",Maharashtra,Pune,BSc,1
"Vivekanand Polytechnic,SitaSaongi,Tal-Tumsar,Dist-Bhandara",Maharashtra,Bhandara,Civil Engineering; Electrical Engineering; Information Technology; Mechanical Engineering; Mining and Mine Surveying,5
"VPM's Maharshi Parshuram College of Engineering, Velneshwar, Ratnagiri.",Maharashtra,Ratnagiri,Engineering/BTech,1
"Vyankatesh Mahavidyalaya, Valandi,Tq. Divni Dist. Latur",Maharashtra,Hingoli,,0
"Vyankatesh MV., Deulgaon Raja",Maharashtra,Buldhana,Arts; Commerce; English; Library Science; Marathi; Political Science; Science,7
"Vyankatrao Kala, Vanijya, Vidnyan Mahavidyalay, Ajara, Tal. Ajara, Dist. Kolhapur",Maharashtra,Kolhapur,Arts; Commerce; Science,3
"Vyanktesh Arts, Comm. & Science College, Deulgaon Raja",Maharashtra,Buldhana,Arts; Science,2
"Wada Nirmiti Education Society Saraswati Night Degree College, Wada, Palgha",Maharashtra,Palghar,Education,1
"Wada Nirmiti Education Society, Wada College of Management & Science",Maharashtra,Palghar,Education; Management; Science,3
"Wainganga College of Engineering and Management, Dongargaon, Nagpur",Maharashtra,Nagpur,Civil Engineering; Computer Science and Engineering; Electrical Engineering; Engineering/BTech; Mechanical Engineering,5
"Walava Taluka Education Society’s Shri.S.D.Patil College of Architecture, Islampur, Tal.Walwa, Dist. Sangli",Maharashtra,Sangli,Architecture; Education,2
"Walchand College of Engineering, Sangli",Maharashtra,Sangli,Civil Engineering; Computer Science and Engineering; Electrical Engineering; Electronics Engineering; Engineering/BTech; Industrial Electronics; Information Technology; Mechanical Engineering,8
"Walchand Institute of Technology (WIT), Solapur",Maharashtra,Solapur,Artificial Intelligence and Data Science; Civil Engineering; Computer Science and Engineering; Electronics Engineering; Electronics and Telecommunication; Engineering/BTech; Information Technology; Mechanical Engineering,8
"Walchand Institute of Technology, Solapur",Maharashtra,Solapur,Engineering/BTech,1
"Walwa Taluka Education Society's Shri. S. D. Patil College of Architecture, Islampur",Maharashtra,Sangli,Interior Design,1
"Walwa Taluka Education Society's Yashwantrao Chavan Mahavidyalaya, URUN-ISLAMPUR-415 409 Tal- Walwa, Dist-Sangli",Maharashtra,Sangli,Education,1
"Walwa Taluka Education Society’s Late Malati Vasantdada Patil Kanya Mahavidyalaya, ISLAMPUR-415 409 Tal –Walwa Dist- Sangli",Maharashtra,Sangli,Education,1
"Warana Mahavidyalaya, AITAWADE(Kh ) Tal: Walwa ,Dist: Sangli",Maharashtra,Sangli,Arts; Computer Applications,2
Warvand Gram Shikshan Sanstha E.S. Divekar College,Maharashtra,Pune,BSc,1
"WATUMULL INSTITUTE OF ELECTRONICS ENGINEERING & COMPUTER TECHNOLOGY, ULHASNAGAR",Maharashtra,Thane,Engineering/BTech,1
Watumull Institute of Electronics Engineering and Computer Technology,Maharashtra,Thane,Engineering,1
Western College of Commerce Vashi,Maharashtra,Thane,Commerce,1
"Willingdon College,SANGLI-416 415",Maharashtra,Sangli,Arts; Biotechnology; Botany; Chemistry; Commerce; Computer Science; Economics; Electronics; English; Geography; Hindi; History; Marathi; Mathematics; Microbiology; Physics; Science; Statistics; Zoology,19
"Wings College of Aviation Technology, Pune",Maharashtra,Pune,Aeronautics; Aircraft Maintenance Engineering; Aviation Management,3
"Xavier College of Engineering, Mahim",Maharashtra,Mumbai,Engineering,1
"Xavier Institute Of Engineering C/O Xavier Technical Institute,Mahim,Mumbai",Maharashtra,Mumbai,Engineering/BTech,1
Xavier Institute of Management & Research,Maharashtra,Mumbai,Management,1
"Y. B. Chavan College Of Pharmacy, Aurangabad",Maharashtra,Aurangabad,Pharmacy,1
"Y.C. Arts & Science Mv., Mangrulpir",Maharashtra,Washim,Arts; Science,2
Yadavrao Tasgaonkar College of Engineering & Management,Maharashtra,Raigad,Engineering/BTech,1
"Yadavrao Tasgaonkar College of Engineering And Management, Bhivpuri (Karjat",Maharashtra,Raigad,Engineering; Management,2
"Yadavrao Tasgaonkar Institute Of Engineering & Technology Bhivpuri, (Karjat",Maharashtra,Raigad,Engineering,1
"Yadavrao Tasgaonkar Institute Of Pharmacy, Bhivpuri",Maharashtra,Raigad,Pharmacy,1
"Yadavrao Tasgaonkar School of Business Management, Karjat",Maharashtra,Raigad,Management,1
"Yash Institute Of Pharmacy, Aurangabad",Maharashtra,Aurangabad,Pharmacy,1
Yashaswi Education Sociey International Institute of Management Science,Maharashtra,Pune,MCA,1
"Yashoda College of Architecture, Sv.No.244, N.H.4, At Post-Vadhe, Tal. & Dist.Satara",Maharashtra,Satara,Architecture,1
"Yashoda Technical Campus (Faculty of Engineering & Polytechnic), Satara",Maharashtra,Satara,Artificial Intelligence (AI) and Machine Learning; Civil Engineering; Computer Engineering; Electrical Engineering; Engineering/BTech; Information Technology; MBA; Mechanical Engineering; Pharmacy,9
"Yashoda Technical Campus, Faculty of Engineering, Survey No. 242/1, Vadhe, NH-4, Tal. & Dist Satara.- 415 001",Maharashtra,Satara,Engineering,1
"Yashoda Technical Campus, Wadhe, Satara.",Maharashtra,Satara,Artificial Intelligence; Civil Engineering; Computer Engineering; Electrical Engineering; Engineering/BTech; Information Technology; Mechanical Engineering,7
"Yashwant Shikshanshastra Mahavidyalaya, KODOLI-416 114 Tal:Panhala Dist: Kolhapur",Maharashtra,Kolhapur,Education,1
YASHWANTRAO BHONSALE INSTITUTE OF TECHNOLOGY,Maharashtra,Sindhudurg,Engineering/BTech,1
"Yashwantrao Bhonsale Institute of Technology, At Post Charathe ( Vazarwadi)",Maharashtra,Sindhudurg,Civil Engineering; Computer Engineering; Electrical Engineering; Mechanical Engineering,4
"Yashwantrao Chavan College of Arts, Commerce & Science",Maharashtra,Thane,Arts; Commerce; Science,3
"Yashwantrao Chavan College of Science, KARAD-415 124 Tal-Karad, Dist- Satara",Maharashtra,Satara,Science,1
"Yashwantrao Chavan College, (K.M.C.) 2032, 'A' Ward, Gangawesh, KOLHAPUR-416 012",Maharashtra,Kolhapur,Arts; Commerce,2
"Yashwantrao Chavan Mahavidyalaya, PACHAWAD-415513 Tal- Wai , Dist-Satara",Maharashtra,Satara,Arts; Commerce; Hotel Management; Management; Mass Communication,5
"Yashwantrao Chavan Mahavidyalaya,HALKARNI-416 552 Tal- Chandgad, Dist- Kolhapur",Maharashtra,Kolhapur,Arts; Commerce; Computer Applications; Science,4
"Yashwantrao Chavan Mv., Mangrulpir",Maharashtra,Washim,Arts; Science,2
"Yashwantrao Chavan School of Social Work, Jakatwadi, SATARA-415 002",Maharashtra,Satara,Social Work,1
"Yashwantrao Chavan Warana Mahavidyalaya, Warananagar-416 113 Tal-Panhala, Dist- Kolhapur",Maharashtra,Kolhapur,Arts; Commerce; Science,3
"Yesh Information & Technology College, Murud Dist. Latur",Maharashtra,Hingoli,,0
"Yeshwant College of Information Technology, Vasmat Road Parbhani Dist. Parbhani",Maharashtra,Parbhani,Information Technology,1
"Yeshwant College, Wadwana Tq. Udgir Dist. Latur",Maharashtra,Hingoli,Arts,1
"Yeshwant Senior College, Dhanegaon Tq. Nilanga Dist. Latur",Maharashtra,Hingoli,,0
"Yeshwantrao Chavan Arts Commerce And Science College, Place- Tuljapur City, Taluka - Tuljapur",Maharashtra,Osmanabad,Arts; Commerce; Science,3
"Yeshwantrao Chavan College Of Arts, Science & Commerce, Place- Sillod City, Taluka - Sillod",Maharashtra,Aurangabad,Arts; Commerce; Science,3
"Yeshwantrao Chavan College of Engineering (YCCE), Wanadongri, Nagpur",Maharashtra,Nagpur,Artificial Intelligence & Machine Learning; Civil Engineering; Computer Science and Engineering; Computer Technology; Electrical Engineering; Electronics Engineering; Electronics and Telecommunication; Engineering/BTech; Information Technology; Mechanical Engineering,10
"Yeshwantrao Chavan College of Engineering,Wanadongri, Nagpur",Maharashtra,Nagpur,Engineering/BTech,1
"Yogeshwari Mahavidyalaya,Ambajogai",Maharashtra,Beed,Botany; Chemistry; Computer Science; Dairy Technology; Mathematics; Microbiology; Physics; Science; Zoology,9
Youth Education And Welfare Society National Senior College,Maharashtra,Nashik,BSc,1
"Yuva Gramin Vikas Sanstha, Gargoti’s Shri Anandrao Abitkar Arts, Commerce and Science College Kadgaon, Tal. Bhudargad, Dist. Kolhapur",Maharashtra,Kolhapur,Arts; Commerce; Science,3
Yuvak Pratishthan's MIT College of Computer Science & I.T. Vasmat Dist. Hingoli,Maharashtra,Hingoli,Computer Science; Science,2
Yuvak Vikas Mandals Arts Commerce and Science College,Maharashtra,Ratnagiri,Arts; Commerce; Science,3
"Yuvak Vikas Mandals, Rajarshi Shahu Maharaj College Of Home Science And Nutrition, Malipura, Place- Jalna City (Municipal Corp. Area), Taluka - Jalna",Maharashtra,Jalna,Science,1
Zagdu Singh Charitable Trusts Thakur College of Science,Maharashtra,Mumbai,Science,1
"Zeal Education Society (Zeal Polytechnic & College of Engineering), Narhe, Pune",Maharashtra,Pune,Artificial Intelligence (AI) and Machine Learning; Automation and Robotics; Civil Engineering; Computer Engineering; Electrical Engineering; Electronics and Telecommunication Engg; Engineering/BTech; MCA; Mechanical Engineering,9
"Zeal Education Society Zeal Institute of Business Administration,Computer Application and Research",Maharashtra,Pune,MCA,1
"Zeal Education Society's Zeal College of Engineering & Reserch, Narhe, Pune",Maharashtra,Pune,Engineering/BTech,1
"Zeal Education Society, Zeal Polytechnic, Narhe Tal. Haveli, Pune",Maharashtra,Pune,Artificial Intelligence; Automation and Robotics; Civil Engineering; Computer Engineering; Electrical Engineering; Electronics and Telecommunication Engg; Mechanical Engineering,7